plot,abbr,layer,cover,voucher,comment,history
rk00,alch mont,hl,+,,,
rk00,anth odor,hl,2b,,,
rk00,astr majo majo,hl,+,,,
rk00,beto offi offi,hl,+,,,
rk00,camp patu,hl,+,,,
rk00,care pall,hl,2a,,,
rk00,care pani,hl,2a,,,
rk00,caru carv,hl,1,,,
rk00,cent jace jace,hl,+,,,
rk00,cera holo,hl,+,,,
rk00,colc autu,hl,1,,,
rk00,crep bien,hl,+,,,
rk00,crep moll succ,hl,+,,,
rk00,cruc laev,hl,+,,,
rk00,dact glom glom,hl,1,,,
rk00,dact maja slat,hl,+,,,
rk00,fest prat prat,hl,1,,,
rk00,fest rubr slat,hl,1,,,
rk00,gali albu,hl,+,,,
rk00,hera spho spho,hl,+,,,
rk00,holc lana,hl,+,,,
rk00,lath prat prat,hl,+,,,
rk00,leon hisp slat,hl,+,,,
rk00,lotu corn,hl,+,,,
rk00,luzu camp,hl,+,,,
rk00,moli caer aggr,hl,1,M. caerulea,,
rk00,pimp majo majo,hl,+,,,
rk00,plan lanc,hl,2b,,,
rk00,ranu acri acri,hl,+,,,
rk00,ranu nemo,hl,+,,,
rk00,rhin alec alec,hl,+,,,
rk00,rume acet osa,hl,+,,,
rk00,trif prat prat,hl,1,,,
rk00,tris flav flav,hl,2b,,,
rk00,trol euro,hl,1,,,
rk00,vero cham cham,hl,+,,,
rk00,vici crac,hl,+,,,
rk01,abie alba,hl,+,,,
rk01,acer pseu,hl,+,,,
rk01,acon lyco vulp,hl,+,,,
rk01,acon vari vari,hl,1,,,
rk01,aden alpi,hl,1,,,
rk01,ajug rept,hl,+,,,
rk01,ange sylv sylv,hl,+,,,
rk01,anth ramo,hl,+,,,
rk01,apos foet,hl,1,,,
rk01,aspl viri,hl,+,,,
rk01,athy fili,hl,+,,,
rk01,bell mich,hl,+,,,
rk01,buph sali,hl,+,,,
rk01,cala vari,hl,3,,,
rk01,camp coch,hl,+,,,
rk01,camp rotu aggr,hl,+,,C. rotundifolia,
rk01,card defl viri,hl,1,,,
rk01,card enne,hl,r,,,
rk01,care alba,hl,2a,,,
rk01,care brac,hl,+,,,
rk01,care digi,hl,+,,,
rk01,conv maja maja,hl,+,,,
rk01,cyan mont,hl,+,,,
rk01,cycl purp,hl,1,,,
rk01,daph meze,hl,+,,,
rk01,dryo cart,hl,+,,,
rk01,dryo fili,hl,+,,,
rk01,epip atro,hl,+,,,
rk01,eric carn,hl,+,,,
rk01,eupa cann,hl,+,,,
rk01,gale flav,hl,+,,,
rk01,gent ascl,hl,+,,,
rk01,gymn robe,hl,1,,,
rk01,hell nige,hl,2b,,,
rk01,hera aust aust,hl,1,,,
rk01,hier bifi,hl,+,,,
rk01,hier muro,hl,+,,,
rk01,homo alpi,hl,+,,,
rk01,hupe sela,hl,+,,,
rk01,knau maxi,hl,1,,,
rk01,lact mura,hl,+,,,
rk01,lili mart,hl,+,,,
rk01,maia bifo,hl,+,,,
rk01,mela sylv,hl,+,,,
rk01,meli nuta,hl,+,,,
rk01,merc pere,hl,1,,,
rk01,neot nidu,hl,+,,,
rk01,oxal acet,hl,+,,,
rk01,pari quad,hl,+,,,
rk01,pice abie,hl,+,,,
rk01,poly amar brac,hl,+,,,
rk01,poly lonc,hl,+,,,
rk01,poly mult,hl,+,,,
rk01,poly vert,hl,+,,,
rk01,pote erec,hl,+,,,
rk01,pren purp,hl,1,,,
rk01,ranu mont,hl,+,,,
rk01,ranu nemo,hl,+,,,
rk01,rosa pend,hl,+,,,
rk01,scab luci luci,hl,+,,,
rk01,sene ovat ovat,hl,+,,,
rk01,sesl caer,hl,r,,,
rk01,soli virg virg,hl,+,,,
rk01,sorb aucu aucu,hl,+,,,
rk01,vacc myrt,hl,+,,,
rk01,vale mont,hl,+,,,
rk01,vale saxa,hl,+,,,
rk01,vale trip,hl,1,,,
rk01,vera albu albu,hl,+,,,
rk01,vero urti,hl,+,,,
rk01,viol bifl,hl,+,,,
rk01,rhyt triq,ml,+,,,
rk01,fagu sylv,sl,1,,,
rk01,pinu mugo,sl,1,,,
rk01,sorb aria,sl,1,,,
rk01,abie alba,tl1,2b,,,
rk01,fagu sylv,tl1,2a,,,
rk01,lari deci deci,tl1,2a,,,
rk01,abie alba,tl2,2a,,,
rk01,fagu sylv,tl2,3,,,
rk01,sorb aria,tl2,1,2014-0203,,
rk02,abie alba,hl,+,,,
rk02,acer pseu,hl,+,,,
rk02,aden alpi,hl,2b,,,
rk02,apos foet,hl,1,,,
rk02,aqui atra,hl,+,,,
rk02,aspl viri,hl,+,,,
rk02,athy fili,hl,+,,,
rk02,bell mich,hl,+,,,
rk02,beto alop,hl,1,,,
rk02,buph sali,hl,+,,,
rk02,cala vari,hl,3,,,
rk02,camp coch,hl,+,,,
rk02,camp rotu aggr,hl,+,,C. rotundifolia,
rk02,card defl viri,hl,1,,,
rk02,care alba,hl,+,,,
rk02,care brac,hl,1,,,
rk02,care orni orni,hl,+,,,
rk02,cycl purp,hl,+,,,
rk02,fagu sylv,hl,+,,,
rk02,gale flav,hl,+,,,
rk02,gent pann,hl,r,,,
rk02,gymn robe,hl,+,,,
rk02,hell nige,hl,2a,,,
rk02,hera aust aust,hl,+,,,
rk02,hupe sela,hl,r,,,
rk02,kern saxa,hl,r,,,
rk02,knau maxi,hl,r,,,
rk02,lact mura,hl,+,,,
rk02,leon hisp hyos,hl,r,,,
rk02,meli nuta,hl,+,,,
rk02,merc pere,hl,+,,,
rk02,moli caer aggr,hl,+,,,
rk02,oxal acet,hl,+,,,
rk02,pice abie,hl,+,,,
rk02,poly acul,hl,+,,,
rk02,poly vert,hl,+,,,
rk02,pote erec,hl,+,,,
rk02,pren purp,hl,+,,,
rk02,ranu mont,hl,+,,,
rk02,ranu nemo,hl,+,,,
rk02,sesl caer,hl,1,,,
rk02,soli virg virg,hl,+,,,
rk02,sorb aucu aucu,hl,+,,,
rk02,thal aqui,hl,r,,,
rk02,thel limb,hl,+,,,
rk02,tuss farf,hl,+,,,
rk02,vacc myrt,hl,+,,,
rk02,vale trip,hl,1,,,
rk02,vero urti,hl,+,,,
rk02,viol bifl,hl,+,,,
rk02,sorb aria,sl,2b,,,
rk02,abie alba,tl1,2b,,,
rk02,fagu sylv,tl1,4,,,
rk02,lari deci deci,tl1,1,,,
rk02,acer pseu,tl2,2b,,,
rk02,fagu sylv,tl2,2a,,,
rk03,abie alba,hl,+,,,
rk03,acer pseu,hl,+,,,
rk03,aden alpi,hl,+,,,
rk03,apos foet,hl,+,,,
rk03,aven flex flex,hl,+,,,
rk03,beto alop,hl,r,,,
rk03,blec spic,hl,+,,,
rk03,buph sali,hl,+,,,
rk03,cala vari,hl,2b,,,
rk03,cala vill,hl,1,,,
rk03,camp rotu aggr,hl,+,,C. rotundifolia,
rk03,card defl viri,hl,+,,,
rk03,care ferr,hl,+,,,
rk03,care firm,hl,r,,,
rk03,care orni orni,hl,+,,,
rk03,chae vill,hl,+,,,
rk03,dact macu slat,hl,r,,,
rk03,daph meze,hl,+,,,
rk03,eric carn,hl,1,,,
rk03,erig glab glab,hl,r,,,
rk03,euph offi pict,hl,+,,,
rk03,gymn dryo,hl,+,,,
rk03,hell nige,hl,+,,,
rk03,hera aust aust,hl,+,,,
rk03,hier muro,hl,+,,,
rk03,homo alpi,hl,+,,,
rk03,leon hisp hyos,hl,+,,,
rk03,luzu sylv sylv,hl,+,2014-0204,,
rk03,lyco anno,hl,2b,,,
rk03,maia bifo,hl,+,,,
rk03,mela prat,hl,+,,,
rk03,mela sylv,hl,+,,,
rk03,meli nuta,hl,+,,,
rk03,merc pere,hl,+,,,
rk03,oxal acet,hl,+,,,
rk03,phyt orbi,hl,+,,,
rk03,pice abie,hl,+,,,
rk03,poly cham,hl,+,,,
rk03,pote erec,hl,+,,,
rk03,pren purp,hl,+,,,
rk03,ranu nemo,hl,+,,,
rk03,rhod hirs,hl,+,,,
rk03,rosa pend,hl,+,,,
rk03,sela sela,hl,+,,,
rk03,sesl caer,hl,+,,,
rk03,soli virg virg,hl,+,,,
rk03,sorb aucu aucu,hl,+,,,
rk03,thel limb,hl,+,,,
rk03,vacc myrt,hl,2a,,,
rk03,vacc viti,hl,1,,,
rk03,vale saxa,hl,+,,,
rk03,vera albu albu,hl,r,,,
rk03,abie alba,sl,+,,,
rk03,acer pseu,sl,2a,,,
rk03,fagu sylv,sl,2a,,,
rk03,pinu mugo,sl,1,,,
rk03,sorb aria,sl,2b,2014-0205,,
rk03,abie alba,tl1,3,,,
rk03,lari deci deci,tl1,2b,,,
rk03,abie alba,tl2,2a,,,
rk03,fagu sylv,tl2,3,,,
rk03,pice abie,tl2,1,,,
rk03,sorb aucu aucu,tl2,1,,,
rk04,abie alba,hl,+,,,
rk04,acer pseu,hl,+,,,
rk04,acon lyco slat,hl,+,,,
rk04,aden alpi,hl,r,,,
rk04,apos foet,hl,+,,,
rk04,athy fili,hl,+,,,
rk04,bell mich,hl,+,,,
rk04,cala vari,hl,2b,,,
rk04,camp rotu aggr,hl,+,,C. rotundifolia,
rk04,card defl viri,hl,+,,,
rk04,card enne,hl,r,,,
rk04,care alba,hl,2a,,,
rk04,care brac,hl,+,,,
rk04,conv maja maja,hl,+,,,
rk04,cycl purp,hl,+,,,
rk04,dryo borr,hl,r,,,
rk04,epip atro,hl,+,,,
rk04,eric carn,hl,2b,,,
rk04,fagu sylv,hl,+,,,
rk04,frag vesc,hl,+,,,
rk04,fran alnu,hl,+,,,
rk04,gymn dryo,hl,+,,,
rk04,hell nige,hl,+,,,
rk04,hera aust aust,hl,+,,,
rk04,hier muro,hl,+,,,
rk04,homo alpi,hl,+,,,
rk04,knau maxi,hl,+,,,
rk04,leon hisp hyos,hl,r,,,
rk04,luzu sylv sylv,hl,+,cp. 2014-0204,,
rk04,lyco anno,hl,2a,,,
rk04,maia bifo,hl,+,,,
rk04,mela prat,hl,+,,,
rk04,mela sylv,hl,1,,,
rk04,meli nuta,hl,+,,,
rk04,merc pere,hl,+,,,
rk04,moli caer aggr,hl,1,,,
rk04,neot nidu,hl,r,,,
rk04,oxal acet,hl,+,,,
rk04,phyt spic,hl,+,,,
rk04,pice abie,hl,+,,,
rk04,poly cham,hl,+,,,
rk04,poly vert,hl,+,,,
rk04,pote erec,hl,+,,,
rk04,pren purp,hl,+,,,
rk04,pyro medi,hl,+,,,
rk04,ranu nemo,hl,+,,,
rk04,rosa pend,hl,+,,,
rk04,rubu saxa,hl,+,,,
rk04,rubu sect rubu,hl,+,,R. hirtus agg.,
rk04,sesl caer,hl,+,,,
rk04,sold mont,hl,+,,,
rk04,soli virg virg,hl,+,,,
rk04,sorb aria,hl,+,,,
rk04,sorb aucu aucu,hl,+,,,
rk04,thal aqui,hl,+,,,
rk04,thel limb,hl,+,,,
rk04,vacc myrt,hl,2b,,,
rk04,vacc viti,hl,+,,,
rk04,vale saxa,hl,+,,,
rk04,vale trip,hl,+,,,
rk04,fagu sylv,sl,2a,,,
rk04,pice abie,sl,1,,,
rk04,pinu mugo,sl,1,,,
rk04,sorb aria,sl,2a,cp. 2014-0203,,
rk04,abie alba,tl1,3,,,
rk04,fagu sylv,tl1,2a,,,
rk04,lari deci deci,tl1,2a,,,
rk04,abie alba,tl2,1,,,
rk04,acer pseu,tl2,1,,,
rk04,fagu sylv,tl2,2b,,,
rk05,abie alba,hl,+,,,
rk05,acer pseu,hl,+,,,
rk05,acon lyco vulp,hl,r,,,
rk05,aden alpi,hl,+,,,
rk05,apos foet,hl,+,,,
rk05,cala vari,hl,1,,,
rk05,camp coch,hl,+,,,
rk05,card defl viri,hl,+,,,
rk05,card enne,hl,+,,,
rk05,care alba,hl,2b,,,
rk05,care brac,hl,+,,,
rk05,care digi,hl,r,,,
rk05,ceph long,hl,r,,,
rk05,cycl purp,hl,1,,,
rk05,epip atro,hl,r,,,
rk05,fagu sylv,hl,+,,,
rk05,hell nige,hl,1,,,
rk05,hier muro,hl,1,,,
rk05,homo alpi,hl,+,,,
rk05,hupe sela,hl,r,,,
rk05,lact mura,hl,+,,,
rk05,maia bifo,hl,+,,,
rk05,meli nuta,hl,+,,,
rk05,merc pere,hl,+,,,
rk05,neot nidu,hl,+,,,
rk05,oxal acet,hl,+,,,
rk05,phyt spic,hl,r,,,
rk05,pice abie,hl,+,,,
rk05,poly vert,hl,+,,,
rk05,pren purp,hl,+,,,
rk05,sorb aria,hl,+,,,
rk05,sorb aucu aucu,hl,+,,,
rk05,vacc myrt,hl,+,,,
rk05,poly form,ml,+,,,
rk05,pice abie,sl,1,,,
rk05,abie alba,tl1,2b,,,
rk05,fagu sylv,tl1,4,,,
rk05,lari deci deci,tl1,2a,,,
rk05,pice abie,tl1,1,,,
rk05,fagu sylv,tl2,2b,,,
rk06,abie alba,hl,+,,,
rk06,acer pseu,hl,+,,,
rk06,acon lyco vulp,hl,+,,,
rk06,aden alpi,hl,1,,,
rk06,apos foet,hl,+,,,
rk06,bell mich,hl,+,,,
rk06,buph sali,hl,+,,,
rk06,cala vari,hl,2b,,,
rk06,camp coch,hl,+,,,
rk06,card defl viri,hl,+,,,
rk06,card enne,hl,+,,,
rk06,care alba,hl,2b,,,
rk06,care brac,hl,+,,,
rk06,care flac,hl,+,,,
rk06,care orni orni,hl,+,,,
rk06,care semp semp,hl,+,,,
rk06,cycl purp,hl,+,,,
rk06,frag vesc,hl,+,,,
rk06,gali anis,hl,+,,,
rk06,gent cili,hl,+,,,
rk06,gymn robe,hl,+,,,
rk06,hell nige,hl,1,,,
rk06,hier muro,hl,+,,,
rk06,homo alpi,hl,+,,,
rk06,kern saxa,hl,+,,,
rk06,lact mura,hl,+,,,
rk06,leon hisp hyos,hl,+,,,
rk06,lili mart,hl,r,,,
rk06,mela sylv,hl,+,,,
rk06,merc pere,hl,+,,,
rk06,moli caer aggr,hl,1,,,
rk06,oxal acet,hl,+,,,
rk06,phyt orbi,hl,+,,,
rk06,phyt spic,hl,+,,,
rk06,poly cham,hl,+,,,
rk06,poly vert,hl,+,,,
rk06,pren purp,hl,+,,,
rk06,ranu nemo,hl,+,,,
rk06,rosa pend,hl,+,,,
rk06,sorb aucu aucu,hl,+,,,
rk06,vacc myrt,hl,+,,,
rk06,vale saxa,hl,+,,,
rk06,vale trip,hl,+,,,
rk06,acer pseu,sl,1,,,
rk06,fagu sylv,sl,1,,,
rk06,pice abie,sl,1,,,
rk06,sorb aria,sl,1,,,
rk06,abie alba,tl1,2b,,,
rk06,acer pseu,tl1,1,,,
rk06,fagu sylv,tl1,3,,,
rk06,lari deci deci,tl1,2a,,,
rk06,pice abie,tl1,2a,,,
rk06,abie alba,tl2,2a,,,
rk06,fagu sylv,tl2,1,,,
rk06,pice abie,tl2,1,,,
rk07,abie alba,hl,+,,,
rk07,acer pseu,hl,+,,,
rk07,ajug rept,hl,+,,,
rk07,apos foet,hl,+,,,
rk07,bell mich,hl,r,,,
rk07,beto alop,hl,r,,,
rk07,cala vari,hl,3,,,
rk07,camp coch,hl,+,,,
rk07,camp rotu aggr,hl,r,,,
rk07,care orni orni,hl,+,,,
rk07,eric carn,hl,1,,,
rk07,fagu sylv,hl,+,,,
rk07,gali anis,hl,+,,,
rk07,hell nige,hl,2b,,,
rk07,hier muro,hl,+,,,
rk07,hype perf,hl,+,,,
rk07,lact mura,hl,+,,,
rk07,lili mart,hl,r,,,
rk07,luzu sylv sylv,hl,+,,,
rk07,maia bifo,hl,+,,,
rk07,merc pere,hl,+,,,
rk07,phyt orbi,hl,+,,,
rk07,pice abie,hl,+,,,
rk07,poly cham,hl,+,,,
rk07,poly vert,hl,+,,,
rk07,ranu nemo,hl,1,,,
rk07,sold alpi,hl,+,,,
rk07,sorb aucu aucu,hl,+,,,
rk07,vacc myrt,hl,1,,,
rk07,vale trip,hl,+,,,
rk07,poly form,ml,1,,,
rk07,fagu sylv,sl,1,,,
rk07,abie alba,tl1,2a,,,
rk07,fagu sylv,tl1,5,,,
rk07,pice abie,tl1,2a,,,
rk07,fagu sylv,tl2,3,,,
rk08,abie alba,hl,+,,,
rk08,aden alpi,hl,2b,,,
rk08,ajug rept,hl,+,,,
rk08,apos foet,hl,+,,,
rk08,aspl viri,hl,r,,,
rk08,athy fili,hl,+,,,
rk08,beto alop,hl,r,,,
rk08,cala vari,hl,4,,,
rk08,camp coch,hl,+,,,
rk08,card defl viri,hl,r,,,
rk08,card enne,hl,+,,,
rk08,care brac,hl,1,,,
rk08,care digi,hl,+,,,
rk08,care flac,hl,+,,,
rk08,care flav flav,hl,r,,,
rk08,care orni orni,hl,+,,,
rk08,care sylv,hl,+,,,
rk08,daph meze,hl,r,,,
rk08,frag vesc,hl,+,,,
rk08,gale flav,hl,+,,,
rk08,gali anis,hl,+,,,
rk08,gali moll,hl,r,,,
rk08,gymn robe,hl,+,,,
rk08,hell nige,hl,2a,,,
rk08,lact mura,hl,+,,,
rk08,lili mart,hl,+,,,
rk08,merc pere,hl,1,,,
rk08,phyt orbi,hl,+,,,
rk08,pice abie,hl,1,,,
rk08,poly acul,hl,+,,,
rk08,poly vert,hl,+,,,
rk08,ranu nemo,hl,+,,,
rk08,sorb aucu aucu,hl,+,,,
rk08,tuss farf,hl,r,,,
rk08,viol bifl,hl,+,,,
rk08,viol reic,hl,+,,,
rk08,acer pseu,sl,+,,,
rk08,fagu sylv,sl,+,,,
rk08,pice abie,sl,2b,,,
rk08,abie alba,tl1,2b,,,
rk08,acer pseu,tl1,1,,,
rk08,fagu sylv,tl1,4,,,
rk08,acer pseu,tl2,2a,,,
rk08,fagu sylv,tl2,2b,,,
rk08,pice abie,tl2,2a,,,
rk09,acer pseu,hl,+,,,
rk09,apos foet,hl,+,,,
rk09,aspl viri,hl,+,,,
rk09,athy fili,hl,+,,,
rk09,bell mich,hl,+,,,
rk09,beto alop,hl,+,,,
rk09,blec spic,hl,+,,,
rk09,buph sali,hl,+,,,
rk09,cala vari,hl,2b,,,
rk09,camp coch,hl,+,,,
rk09,camp rotu aggr,hl,+,,C. scheuchzeri,
rk09,card defl viri,hl,+,,,
rk09,card enne,hl,+,,,
rk09,care digi,hl,+,,,
rk09,care ferr,hl,+,,,
rk09,care flac,hl,1,,,
rk09,care orni orni,hl,+,,,
rk09,clin alpi alpi,hl,+,,,
rk09,cyan mont,hl,r,,,
rk09,daph meze,hl,+,,,
rk09,eric carn,hl,2a,,,
rk09,fagu sylv,hl,+,,,
rk09,frag vesc,hl,+,,,
rk09,gali anis,hl,+,,,
rk09,gymn dryo,hl,1,,,
rk09,gymn robe,hl,+,,,
rk09,heli pusi pusi,hl,+,,,
rk09,hier bifi,hl,+,,,
rk09,hier muro,hl,+,,,
rk09,homo alpi,hl,+,,,
rk09,knau maxi,hl,+,,,
rk09,lact mura,hl,+,,,
rk09,lari deci deci,hl,+,,,
rk09,linu cath,hl,+,,,
rk09,meli nuta,hl,+,,,
rk09,merc pere,hl,1,,,
rk09,phyt orbi,hl,+,,,
rk09,phyt spic,hl,+,,,
rk09,pice abie,hl,+,,,
rk09,pinu mugo,hl,+,,,
rk09,poly cham,hl,+,,,
rk09,poly vert,hl,+,,,
rk09,pote erec,hl,+,,,
rk09,pren purp,hl,+,,,
rk09,ranu nemo,hl,+,,,
rk09,rhod hirs,hl,+,,,
rk09,rosa pend,hl,+,,,
rk09,scab luci luci,hl,+,,,
rk09,sesl caer,hl,1,,,
rk09,soli virg virg,hl,+,,,
rk09,sorb aucu glab,hl,+,,,
rk09,thel limb,hl,+,,,
rk09,thes alpi,hl,r,,,
rk09,tuss farf,hl,+,,,
rk09,vacc myrt,hl,1,,,
rk09,vale mont,hl,+,,,
rk09,vale saxa,hl,+,,,
rk09,vale trip,hl,+,,,
rk09,acer pseu,sl,1,,,
rk09,fagu sylv,sl,1,,,
rk09,lari deci deci,sl,+,,,
rk09,pinu mugo,sl,3,,,
rk09,sorb aria,sl,1,,,
rk09,fagu sylv,tl1,3,,,
rk09,sorb aucu glab,tl1,1,,,
rk09,acer pseu,tl2,1,,,
rk09,fagu sylv,tl2,2b,,,
rk09,pice abie,tl2,1,,,
rk09,sorb aucu glab,tl2,2b,,,
rk10,aden alpi,hl,+,,,
rk10,apos foet,hl,+,,,
rk10,athy fili,hl,+,,,
rk10,bell mich,hl,+,,,
rk10,blec spic,hl,+,,,
rk10,cala vari,hl,1,,,
rk10,camp coch,hl,+,,,
rk10,care brac,hl,+,,,
rk10,care sylv,hl,+,,,
rk10,fagu sylv,hl,+,,,
rk10,gent pann,hl,r,,,
rk10,hell nige,hl,+,,,
rk10,hupe sela,hl,+,,,
rk10,luzu sylv sylv,hl,+,,,
rk10,maia bifo,hl,+,,,
rk10,mela sylv,hl,r,,,
rk10,merc pere,hl,+,,,
rk10,oxal acet,hl,+,,,
rk10,pice abie,hl,+,,,
rk10,poly vert,hl,+,,,
rk10,pren purp,hl,+,,,
rk10,ranu mont,hl,+,cf.,,
rk10,sorb aucu glab,hl,+,,,
rk10,thal aqui,hl,r,,,
rk10,thel limb,hl,+,,,
rk10,vacc myrt,hl,+,,,
rk10,vale trip,hl,+,,,
rk10,dicr denu,ml,2b,,,
rk10,fiss spec ies,ml,+,,,
rk10,hylo sple,ml,+,,,
rk10,leuc glau,ml,r,,,
rk10,plag cium undu,ml,1,,,
rk10,poly form,ml,+,,,
rk10,tort tort,ml,+,,,
rk10,abie alba,sl,+,,,
rk10,abie alba,tl1,3,,,
rk10,fagu sylv,tl1,2a,,,
rk10,pice abie,tl1,1,,,
rk10,sorb aucu glab,tl1,1,,,
rk10,abie alba,tl2,2b,,,
rk10,fagu sylv,tl2,4,,,
rk11,acer pseu,hl,+,,,
rk11,aden alpi,hl,+,,,
rk11,apos foet,hl,1,,,
rk11,beto alop,hl,+,,,
rk11,cala vari,hl,3,,,
rk11,camp coch,hl,+,,,
rk11,card defl viri,hl,+,,,
rk11,card enne,hl,+,,,
rk11,care alba,hl,1,,,
rk11,care brac,hl,+,,,
rk11,care flac,hl,1,,,
rk11,ceph long,hl,r,,,
rk11,coto tome,hl,r,,,
rk11,cycl purp,hl,+,,,
rk11,daph meze,hl,+,,,
rk11,epip hell slat,hl,r,,,
rk11,eric carn,hl,+,,,
rk11,fagu sylv,hl,+,,,
rk11,frag vesc,hl,+,,,
rk11,gali anis,hl,+,,,
rk11,gent cili,hl,r,,,
rk11,hell nige,hl,1,,,
rk11,hera aust aust,hl,r,,,
rk11,hier muro,hl,+,,,
rk11,knau maxi,hl,+,,,
rk11,maia bifo,hl,+,,,
rk11,mela sylv,hl,+,,,
rk11,meli nuta,hl,+,,,
rk11,merc pere,hl,+,,,
rk11,phyt orbi,hl,+,,,
rk11,poly cham,hl,+,,,
rk11,poly vert,hl,+,,,
rk11,pren purp,hl,+,,,
rk11,pter aqui,hl,+,,,
rk11,ranu nemo,hl,r,,,
rk11,rosa pend,hl,+,,,
rk11,sesl caer,hl,+,,,
rk11,sorb aria,hl,r,,,
rk11,vacc myrt,hl,+,,,
rk11,vale trip,hl,+,,,
rk11,pinu mugo,sl,2a,,,
rk11,fagu sylv,tl1,2a,,,
rk11,lari deci deci,tl1,2b,,,
rk11,pice abie,tl1,2b,,,
rk11,acer pseu,tl2,2a,,,
rk11,fagu sylv,tl2,3,,,
rk11,pice abie,tl2,2a,,,
rk12,acer pseu,hl,+,,,
rk12,achi mill aggr,hl,+,,,
rk12,apos foet,hl,r,,,
rk12,berb vulg,hl,r,,,
rk12,beto alop,hl,+,,,
rk12,brac pinn,hl,2a,,,
rk12,briz medi,hl,1,,,
rk12,buph sali,hl,r,,,
rk12,cala vari,hl,+,,,
rk12,camp rotu aggr,hl,r,2014-0209,,
rk12,care flac,hl,1,,,
rk12,care mucr,hl,r,,,
rk12,care orni orni,hl,+,,,
rk12,carl acau acau,hl,+,,,
rk12,cent jace jace,hl,+,,,
rk12,croc albi,hl,+,,,
rk12,cycl purp,hl,r,,,
rk12,cyno cris,hl,+,,,
rk12,dant decu decu,hl,1,,,
rk12,epip atro,hl,r,,,
rk12,epip palu,hl,1,,,
rk12,eric carn,hl,2a,,,
rk12,euph offi rost,hl,2m,,,
rk12,fest rubr slat,hl,+,,,
rk12,frax exce,hl,+,,,
rk12,gali albu,hl,r,,,
rk12,gali anis,hl,+,,,
rk12,gent ascl,hl,+,,,
rk12,gymn cono cono,hl,1,,,
rk12,gymn odor,hl,+,,,
rk12,hell nige,hl,+,,,
rk12,lase lati lati,hl,+,,,
rk12,leon hisp hyos,hl,1,,,
rk12,linu cath,hl,+,,,
rk12,lotu corn,hl,1,,,
rk12,onon spin spin,hl,+,,,
rk12,parn palu,hl,+,,,
rk12,phyt orbi,hl,+,,,
rk12,pimp saxi saxi,hl,+,,,
rk12,plan medi,hl,+,,,
rk12,poly cham,hl,+,,,
rk12,pote erec,hl,+,,,
rk12,prun vulg,hl,+,,,
rk12,ranu acri acri,hl,+,,,
rk12,ranu nemo,hl,+,,,
rk12,rhin glac,hl,+,,,
rk12,scab colu,hl,2a,,,
rk12,sesl caer,hl,2b,,,
rk12,thym prae poly,hl,+,,,
rk12,tofi caly,hl,1,,,
rk12,trag prat prat,hl,r,,,
rk12,trif medi medi,hl,+,,,
rk12,trif mont mont,hl,r,,,
rk12,trif prat prat,hl,+,,,
rk12,viol coll,hl,+,cp. 2014-0211,,
rk12,viol hirt,hl,1,,,
rk12,cory avel,sl,1,,,
rk12,pice abie,sl,1,,,
rk13,acer pseu,hl,+,,,
rk13,alnu inca,hl,+,,,
rk13,ange sylv sylv,hl,+,,,
rk13,astr majo majo,hl,+,,,
rk13,beto alop,hl,+,,,
rk13,betu pend,hl,+,,,
rk13,buph sali,hl,+,,,
rk13,cala vari,hl,2b,,,
rk13,camp coch,hl,+,,,
rk13,camp rotu aggr,hl,+,cp. 2014-0209 2014-0210 2014-0217,,
rk13,card defl viri,hl,+,,,
rk13,care alba,hl,1,,,
rk13,care flac,hl,1,,,
rk13,care orni orni,hl,+,,,
rk13,care semp semp,hl,+,,,
rk13,carl bieb bieb,hl,2m,,,
rk13,ceph long,hl,r,,,
rk13,chlo stat,hl,+,,,
rk13,cycl purp,hl,+,,,
rk13,dact macu slat,hl,+,,,
rk13,epip atro,hl,+,,,
rk13,eric carn,hl,2b,,,
rk13,fagu sylv,hl,+,,,
rk13,frax exce,hl,+,,,
rk13,gent ascl,hl,+,,,
rk13,glob cord,hl,+,,,
rk13,gymn cono cono,hl,+,,,
rk13,gymn odor,hl,+,,,
rk13,hell nige,hl,+,,,
rk13,hera aust aust,hl,+,,,
rk13,hier bifi,hl,+,,,
rk13,hier pilo ella,hl,+,,,
rk13,hipp como,hl,+,,,
rk13,knau maxi,hl,+,,,
rk13,lari deci deci,hl,+,,,
rk13,lase lati lati,hl,+,,,
rk13,leon hisp hyos,hl,r,,,
rk13,leon hisp slat,hl,1,,,
rk13,peta para,hl,2a,,,
rk13,phyt orbi,hl,+,,,
rk13,pice abie,hl,1,,,
rk13,pimp majo majo,hl,r,,,
rk13,poly cham,hl,+,,,
rk13,pote erec,hl,1,,,
rk13,pyro rotu,hl,r,2014-0212,,
rk13,ranu nemo,hl,+,,,
rk13,rhin glac,hl,2a,,,
rk13,rubu saxa,hl,+,,,
rk13,sali ×vau,hl,+,non leg.,,
rk13,sali appe,hl,+,,,
rk13,sali wald,hl,+,,,
rk13,scab colu,hl,1,,,
rk13,sesl caer,hl,2b,,,
rk13,soli virg virg,hl,+,,,
rk13,thes alpi,hl,+,,,
rk13,thym prae poly,hl,1,,,
rk13,tofi caly,hl,1,,,
rk13,viol hirt,hl,+,,,
rk13,cten moll moll,ml,+,,,
rk13,hylo sple,ml,1,,,
rk13,pleu schr,ml,+,,,
rk13,tort tort,ml,2a,,,
rk13,alnu inca,sl,+,,,
rk13,pice abie,sl,3,,,
rk13,pinu mugo,sl,+,,,
rk13,sali elea elea,sl,2a,,,
rk13,sali elea elea,tl2,2a,,,
rk14,acer pseu,hl,+,,,
rk14,alnu inca,hl,+,,,
rk14,ange sylv sylv,hl,+,,,
rk14,anth ramo,hl,+,,,
rk14,apos foet,hl,+,,,
rk14,astr majo majo,hl,+,,,
rk14,berb vulg,hl,+,,,
rk14,beto alop,hl,+,,,
rk14,bisc laev laev,hl,r,,,
rk14,brac pinn,hl,+,,,
rk14,briz medi,hl,+,,,
rk14,buph sali,hl,+,,,
rk14,cala vari,hl,2b,,,
rk14,camp rotu aggr,hl,+,2014-0210,,
rk14,card defl viri,hl,+,,,
rk14,care alba,hl,1,,,
rk14,care flac,hl,2b,,,
rk14,care mucr,hl,+,,,
rk14,care orni orni,hl,+,,,
rk14,care semp semp,hl,1,,,
rk14,carl acau acau,hl,r,,,
rk14,ceph long,hl,+,,,
rk14,clin alpi alpi,hl,+,,,
rk14,conv maja maja,hl,1,,,
rk14,cory avel,hl,+,,,
rk14,crep palu,hl,+,,,
rk14,cycl purp,hl,+,,,
rk14,dact macu slat,hl,+,,,
rk14,daph meze,hl,+,,,
rk14,epip atro,hl,+,,,
rk14,epip hell slat,hl,r,,E. helleborine s.str.,
rk14,epip palu,hl,1,,,
rk14,eric carn,hl,2a,,,
rk14,fagu sylv,hl,+,,,
rk14,frax exce,hl,+,,,
rk14,gali anis,hl,+,,,
rk14,gent ascl,hl,+,,,
rk14,gent clus clus,hl,+,,,
rk14,gymn cono cono,hl,+,,,
rk14,gymn odor,hl,r,,,
rk14,gymn robe,hl,+,,,
rk14,hell nige,hl,+,,,
rk14,hera aust aust,hl,1,,,
rk14,hier bifi,hl,+,,,
rk14,hipp como,hl,1,,,
rk14,juni comm comm,hl,+,,,
rk14,knau maxi,hl,+,,,
rk14,lari deci deci,hl,+,,,
rk14,lase lati lati,hl,2a,,,
rk14,lath prat prat,hl,r,,,
rk14,lotu corn,hl,+,,,
rk14,mela sylv,hl,1,,,
rk14,merc pere,hl,+,,,
rk14,moli caer aggr,hl,1,,,
rk14,peta para,hl,+,,,
rk14,phyt orbi,hl,+,,,
rk14,pice abie,hl,2a,,,
rk14,poly cham,hl,+,,,
rk14,poly vert,hl,+,,,
rk14,pote erec,hl,1,,,
rk14,ranu nemo,hl,+,,,
rk14,rhin glac,hl,2m,,,
rk14,rosa pend,hl,+,,,
rk14,rubu saxa,hl,r,,,
rk14,sali elea elea,hl,1,,,
rk14,scab luci luci,hl,r,,,
rk14,sela sela,hl,1,,,
rk14,sesl caer,hl,2b,,,
rk14,thes alpi,hl,+,,,
rk14,thym prae poly,hl,+,,,
rk14,tofi caly,hl,+,,,
rk14,trol euro,hl,+,,,
rk14,vale mont,hl,r,,,
rk14,vale saxa,hl,1,,,
rk14,vici crac,hl,+,,,
rk14,viol coll,hl,r,2014-0211,,
rk14,cten moll moll,ml,+,,,
rk14,hylo sple,ml,2b,,,
rk14,pleu schr,ml,1,,,
rk14,rhyt triq,ml,+,,,
rk14,tort tort,ml,+,,,
rk14,berb vulg,sl,1,,,
rk14,fagu sylv,sl,1,,,
rk14,juni comm comm,sl,+,,,
rk14,lari deci deci,sl,+,,,
rk14,pice abie,sl,1,,,
rk14,pinu mugo,sl,+,,,
rk14,sali elea elea,sl,1,,,
rk14,pice abie,tl1,1,,,
rk14,pice abie,tl2,2b,,,
rk14,sali elea elea,tl2,1,,,
rk15,acer pseu,hl,+,,,
rk15,anth ramo,hl,+,,,
rk15,apos foet,hl,r,,,
rk15,bell mich,hl,+,,,
rk15,beto alop,hl,+,,,
rk15,betu pend,hl,+,,,
rk15,bisc laev laev,hl,+,,,
rk15,buph sali,hl,+,,,
rk15,cala vari,hl,2b,,,
rk15,camp coch,hl,r,,,
rk15,camp rotu aggr,hl,+,cp. 2014-0209 2014-0210 2014-0217,,
rk15,card defl viri,hl,+,,,
rk15,care firm,hl,1,,,
rk15,care flac,hl,+,,,
rk15,care humi,hl,r,,,
rk15,care mucr,hl,2a,,,
rk15,care semp semp,hl,+,,,
rk15,carl acau acau,hl,+,,,
rk15,carl bieb bieb,hl,r,,,
rk15,ceph long,hl,+,,,
rk15,dact macu slat,hl,r,,,
rk15,drya octo,hl,+,,,
rk15,epip atro,hl,+,,,
rk15,epip hell slat,hl,+,,,
rk15,eric carn,hl,2a,,,
rk15,euph sali,hl,r,,,
rk15,gali anis,hl,+,,,
rk15,gent ascl,hl,+,,,
rk15,gent clus clus,hl,1,,,
rk15,gent vern vern,hl,+,,,
rk15,glob cord,hl,+,,,
rk15,glob nudi,hl,+,,,
rk15,gymn cono cono,hl,1,,,
rk15,gymn odor,hl,+,,,
rk15,gyps repe,hl,r,,,
rk15,heli numm glab,hl,+,,,
rk15,hell nige,hl,+,,,
rk15,hera aust aust,hl,+,,,
rk15,hier bifi,hl,+,,,
rk15,hier glab,hl,1,2014-0216,,
rk15,hipp como,hl,+,,,
rk15,junc mona,hl,+,,,
rk15,juni comm comm,hl,+,,,
rk15,knau maxi,hl,+,,,
rk15,lari deci deci,hl,+,,,
rk15,leon hisp hyos,hl,r,,,
rk15,linu cath,hl,+,,,
rk15,lotu corn,hl,+,,,
rk15,mela sylv,hl,+,,,
rk15,meli nuta,hl,+,,,
rk15,moli caer aggr,hl,+,,,
rk15,orob alba,hl,+,2014-0214,,
rk15,peta para,hl,+,,,
rk15,phyt orbi,hl,+,,,
rk15,pice abie,hl,2a,,,
rk15,ping alpi,hl,+,,,
rk15,poly amar ella,hl,r,,,
rk15,poly cham,hl,+,,,
rk15,pote caul,hl,r,,,
rk15,pote clus,hl,r,,,
rk15,pote erec,hl,+,,,
rk15,ranu nemo,hl,+,,,
rk15,rhin glac,hl,1,,,
rk15,rubu saxa,hl,+,,,
rk15,sali elea elea,hl,2b,,,
rk15,saxi caes,hl,+,,,
rk15,scab luci luci,hl,+,,,
rk15,sela sela,hl,+,,,
rk15,sesl caer,hl,1,,,
rk15,sile vulg glar,hl,r,2014-0213,,
rk15,thes alpi,hl,+,,,
rk15,thym prae poly,hl,+,,,
rk15,thym prae prae,hl,+,,,
rk15,tofi caly,hl,+,,,
rk15,vale saxa,hl,+,,,
rk15,hylo sple,ml,1,,,
rk15,rhyt triq,ml,+,,,
rk15,tort tort,ml,2b,,,
rk15,pice abie,sl,2a,,,
rk15,pinu mugo,sl,1,,,
rk15,sali elea elea,sl,2a,,,
rk15,sali elea elea,tl2,1,,,
rk16,abie alba,hl,+,,,
rk16,acer plat,hl,+,,,
rk16,acer pseu,hl,1,,,
rk16,anth ramo,hl,+,,,
rk16,apos foet,hl,+,,,
rk16,asar euro euro,hl,+,,,
rk16,astr majo majo,hl,+,,,
rk16,berb vulg,hl,+,,,
rk16,brac pinn,hl,+,,,
rk16,brac rupe,hl,r,,,
rk16,cala vari,hl,2a,,,
rk16,care alba,hl,3,,,
rk16,care flac,hl,2a,,,
rk16,care semp semp,hl,r,,,
rk16,corn sang slat,hl,+,,,
rk16,cory avel,hl,+,,,
rk16,cycl purp,hl,1,,,
rk16,cypr calc,hl,r,,,
rk16,daph meze,hl,+,,,
rk16,epip atro,hl,r,,,
rk16,epip hell slat,hl,r,,,
rk16,epip palu,hl,r,,,
rk16,eric carn,hl,+,,,
rk16,fagu sylv,hl,+,,,
rk16,frax exce,hl,1,,,
rk16,hede heli,hl,+,,,
rk16,hell nige,hl,1,,,
rk16,hepa nobi,hl,+,,,
rk16,jugl regi,hl,+,,,
rk16,juni comm comm,hl,+,,,
rk16,lase lati lati,hl,1,,,
rk16,ligu vulg,hl,1,,,
rk16,loni xylo,hl,+,,,
rk16,lotu corn,hl,+,,,
rk16,maia bifo,hl,+,,,
rk16,mela sylv,hl,+,,,
rk16,meli nuta,hl,+,,,
rk16,merc pere,hl,1,,,
rk16,moli caer aggr,hl,+,,M. arundinacea,
rk16,pari quad,hl,r,,,
rk16,pice abie,hl,+,,,
rk16,poly cham,hl,1,,,
rk16,poly mult,hl,+,,,
rk16,pote erec,hl,+,,,
rk16,quer robu,hl,+,,,
rk16,rham cath,hl,+,,,
rk16,sesl caer,hl,+,,,
rk16,soli virg virg,hl,+,,,
rk16,sorb aria,hl,+,,,
rk16,tili cord,hl,+,,,
rk16,tofi caly,hl,r,,,
rk16,vibu lant,hl,+,,,
rk16,vinc hiru,hl,r,,,
rk16,acer plat,sl,+,,,
rk16,acer pseu,sl,2a,,,
rk16,berb vulg,sl,+,,,
rk16,corn sang slat,sl,+,,,
rk16,cory avel,sl,+,,,
rk16,daph meze,sl,+,,,
rk16,fran alnu,sl,1,,,
rk16,frax exce,sl,+,,,
rk16,jugl regi,sl,+,,,
rk16,juni comm comm,sl,1,,,
rk16,ligu vulg,sl,2a,,,
rk16,loni xylo,sl,1,,,
rk16,rham cath,sl,+,,,
rk16,sali elea elea,sl,+,,,
rk16,sorb aria,sl,1,,,
rk16,vibu lant,sl,+,,,
rk16,acer pseu,tl1,2a,,,
rk16,pinu sylv,tl1,3,,,
rk16,acer pseu,tl2,2b,,,
rk16,pice abie,tl2,1,,,
rk16,pinu sylv,tl2,1,,,
rk16,sali elea elea,tl2,+,,,
rk16,sorb aria,tl2,2a,,,
rk17,abie alba,hl,+,,,
rk17,acer plat,hl,+,,,
rk17,acer pseu,hl,1,,,
rk17,ange sylv sylv,hl,+,,,
rk17,anth ramo,hl,+,,,
rk17,apos foet,hl,+,,,
rk17,asar euro euro,hl,+,,,
rk17,berb vulg,hl,+,,,
rk17,cala vari,hl,2a,,,
rk17,care alba,hl,3,,,
rk17,care digi,hl,1,,,
rk17,care ferr,hl,r,,,
rk17,care flac,hl,1,,,
rk17,care orni orni,hl,+,,,
rk17,corn sang slat,hl,+,,,
rk17,cory avel,hl,+,,,
rk17,coto tome,hl,1,,,
rk17,cycl purp,hl,+,,,
rk17,dact macu slat,hl,r,,,
rk17,daph meze,hl,1,,,
rk17,epip atro,hl,r,,,
rk17,epip hell slat,hl,r,,,
rk17,epip palu,hl,r,,,
rk17,eric carn,hl,2a,,,
rk17,eupa cann,hl,+,,,
rk17,fagu sylv,hl,+,,,
rk17,fran alnu,hl,+,,,
rk17,frax exce,hl,+,,,
rk17,hell nige,hl,r,,,
rk17,jugl regi,hl,+,,,
rk17,juni comm comm,hl,1,,,
rk17,knau maxi,hl,+,,,
rk17,lase lati lati,hl,+,,,
rk17,ligu vulg,hl,1,,,
rk17,loni xylo,hl,+,,,
rk17,mela sylv,hl,1,,,
rk17,meli nuta,hl,+,,,
rk17,pari quad,hl,+,,,
rk17,peta para,hl,+,,,
rk17,pice abie,hl,+,,,
rk17,poly cham,hl,1,,,
rk17,poly mult,hl,+,,,
rk17,pote erec,hl,+,,,
rk17,quer robu,hl,+,,,
rk17,rham cath,hl,+,,,
rk17,rubu caes,hl,+,,,
rk17,rubu saxa,hl,1,,,
rk17,sesl caer,hl,+,,,
rk17,soli virg virg,hl,+,,,
rk17,sorb aria,hl,+,,,
rk17,sorb aucu aucu,hl,+,,,
rk17,vale trip,hl,+,,,
rk17,vibu lant,hl,1,,,
rk17,vibu opul,hl,+,,,
rk17,acer pseu,sl,+,,,
rk17,berb vulg,sl,2a,,,
rk17,corn sang slat,sl,1,,,
rk17,cory avel,sl,+,,,
rk17,coto tome,sl,1,,,
rk17,daph meze,sl,1,,,
rk17,fran alnu,sl,1,,,
rk17,juni comm comm,sl,+,,,
rk17,ligu vulg,sl,+,,,
rk17,loni xylo,sl,1,,,
rk17,phys opul,sl,+,,,
rk17,pice abie,sl,1,,,
rk17,rham cath,sl,+,,,
rk17,sali elea elea,sl,+,,,
rk17,sorb aria,sl,1,,,
rk17,tili ×vul,sl,+,,,
rk17,vibu lant,sl,+,,,
rk17,pice abie,tl1,4,,,
rk17,pinu sylv,tl1,2a,,,
rk17,acer pseu,tl2,1,,,
rk17,lari deci deci,tl2,+,,,
rk17,pice abie,tl2,2a,,,
rk17,pinu sylv,tl2,1,,,
rk17,sorb aria,tl2,3,,,
rk18,abie alba,hl,+,,,
rk18,acer pseu,hl,+,,,
rk18,acta spic,hl,r,,,
rk18,aden alpi,hl,+,,,
rk18,ajug rept,hl,+,,,
rk18,apos foet,hl,+,,,
rk18,aspl tric quad,hl,r,,,
rk18,aspl viri,hl,+,,,
rk18,athy fili,hl,+,,,
rk18,cala vari,hl,+,,,
rk18,card trif,hl,+,,,
rk18,care digi,hl,+,,,
rk18,chae hirs,hl,+,,,
rk18,dryo dila,hl,+,,,
rk18,dryo fili,hl,+,,,
rk18,fagu sylv,hl,+,,,
rk18,frax exce,hl,r,,,
rk18,gale flav,hl,+,,,
rk18,gali odor,hl,1,,,
rk18,gera robe,hl,+,,,
rk18,hell nige,hl,1,,,
rk18,hepa nobi,hl,+,,,
rk18,hera spho eleg,hl,r,,,
rk18,hupe sela,hl,r,,,
rk18,knau maxi,hl,+,,,
rk18,lact mura,hl,+,,,
rk18,loni alpi,hl,+,,,
rk18,meli nuta,hl,+,,,
rk18,merc pere,hl,1,,,
rk18,moeh musc,hl,+,,,
rk18,neot nidu,hl,+,,,
rk18,oxal acet,hl,1,,,
rk18,phyt spic,hl,+,,,
rk18,pice abie,hl,+,,,
rk18,poly vert,hl,+,,,
rk18,pren purp,hl,+,,,
rk18,rosa pend,hl,r,,,
rk18,rubu sect rubu,hl,+,,,
rk18,sene ovat ovat,hl,+,,,
rk18,soli virg virg,hl,+,,,
rk18,sorb aucu aucu,hl,+,,,
rk18,symp tube slat,hl,r,,,
rk18,thal aqui,hl,r,,,
rk18,vacc myrt,hl,+,,,
rk18,vale mont,hl,+,,,
rk18,vale trip,hl,1,,,
rk18,vera albu albu,hl,+,,,
rk18,vero urti,hl,1,,,
rk18,viol reic,hl,+,,,
rk18,fagu sylv,sl,1,,,
rk18,pice abie,sl,+,,,
rk18,abie alba,tl1,2a,,,
rk18,fagu sylv,tl1,4,,,
rk18,abie alba,tl2,2b,,,
rk18,acer pseu,tl2,1,,,
rk18,fagu sylv,tl2,2b,,,
rk18,pice abie,tl2,1,,,
rk19,abie alba,hl,+,,,
rk19,acer pseu,hl,+,,,
rk19,aden alpi,hl,+,,,
rk19,ajug rept,hl,+,,,
rk19,alch anis,hl,r,,,
rk19,apos foet,hl,+,,,
rk19,arab cili,hl,+,2014-0238,,
rk19,aspl tric quad,hl,r,,,
rk19,aspl viri,hl,r,,,
rk19,beto alop,hl,1,,,
rk19,buph sali,hl,1,,,
rk19,cala vari,hl,2b,,,
rk19,camp coch,hl,+,,,
rk19,camp rotu aggr,hl,+,2014-0237,,
rk19,card defl viri,hl,1,,,
rk19,card enne,hl,+,,,
rk19,care digi,hl,+,,,
rk19,care ferr,hl,+,,,
rk19,care mont,hl,1,,,
rk19,care orni orni,hl,+,,,
rk19,care semp semp,hl,+,,,
rk19,carl acau acau,hl,r,,,
rk19,clin vulg vulg,hl,+,,,
rk19,cyan mont,hl,r,,,
rk19,daph meze,hl,+,,,
rk19,euph offi pict,hl,1,,,
rk19,fagu sylv,hl,+,,,
rk19,frag vesc,hl,+,,,
rk19,gali anis,hl,+,,,
rk19,gent ascl,hl,+,,,
rk19,gent pann,hl,+,,,
rk19,gymn robe,hl,+,,,
rk19,hell nige,hl,1,,,
rk19,hera aust aust,hl,+,,,
rk19,hier bifi,hl,+,,,
rk19,hier muro,hl,+,,,
rk19,homo alpi,hl,+,,,
rk19,hype macu,hl,+,,,
rk19,kern saxa,hl,+,,,
rk19,knau maxi,hl,+,,,
rk19,lari deci deci,hl,+,,,
rk19,lase lati lati,hl,r,,,
rk19,leon hisp slat,hl,+,,,
rk19,lili mart,hl,+,,,
rk19,linu cath,hl,+,,,
rk19,lotu corn,hl,+,,,
rk19,luzu sylv sylv,hl,1,,,
rk19,maia bifo,hl,+,,,
rk19,mela sylv,hl,+,,,
rk19,meli nuta,hl,1,,,
rk19,merc pere,hl,1,,,
rk19,orig vulg,hl,1,,,
rk19,oxal acet,hl,+,,,
rk19,phyt orbi,hl,+,,,
rk19,pice abie,hl,1,,,
rk19,poly cham,hl,+,,,
rk19,poly lonc,hl,+,,,
rk19,poly vert,hl,+,,,
rk19,pote erec,hl,+,,,
rk19,pren purp,hl,+,,,
rk19,pulm offi,hl,r,,,
rk19,ranu nemo,hl,1,,,
rk19,rosa pend,hl,+,,,
rk19,rubu idae,hl,+,,,
rk19,rubu saxa,hl,+,,,
rk19,scab luci luci,hl,+,,,
rk19,sene ovat ovat,hl,+,,,
rk19,sesl caer,hl,+,,,
rk19,sile vulg vulg,hl,r,,,
rk19,soli virg virg,hl,+,,,
rk19,sorb aria,hl,+,,,
rk19,sorb aucu aucu,hl,+,,,
rk19,symp tube slat,hl,r,,,
rk19,vacc myrt,hl,+,,,
rk19,vale mont,hl,+,,,
rk19,vale saxa,hl,r,,,
rk19,vale trip,hl,1,,,
rk19,vera albu albu,hl,+,,,
rk19,vero urti,hl,+,,,
rk19,viol bifl,hl,+,,,
rk19,viol reic,hl,+,,,
rk19,abie alba,sl,+,,,
rk19,acer pseu,sl,1,,,
rk19,fagu sylv,sl,1,,,
rk19,pice abie,sl,2a,,,
rk19,sorb aria,sl,+,,,
rk19,sorb aucu aucu,sl,+,,,
rk19,abie alba,tl1,2b,,,
rk19,pice abie,tl1,2b,,,
rk19,abie alba,tl2,2a,,,
rk19,acer pseu,tl2,2a,,,
rk19,fagu sylv,tl2,2b,,,
rk19,pice abie,tl2,2b,,,
rk19,sorb aria,tl2,1,,,
rk20,abie alba,hl,+,,,
rk20,acon lyco lyco,hl,1,2014-0252,,
rk20,acta spic,hl,+,,,
rk20,aden alli,hl,1,,,
rk20,aden alpi,hl,+,,,
rk20,agro agro,hl,r,,,
rk20,ajug rept,hl,+,,,
rk20,apos foet,hl,+,,,
rk20,arab spec ies,hl,r,2014-0253,,
rk20,aspl viri,hl,r,,,
rk20,athy dist,hl,r,,,
rk20,athy fili,hl,2b,,,
rk20,cala vari,hl,r,,,
rk20,camp coch,hl,r,,,
rk20,card defl viri,hl,r,,,
rk20,card enne,hl,+,,,
rk20,card trif,hl,1,,,
rk20,care digi,hl,r,,,
rk20,care pend,hl,r,,,
rk20,care sylv,hl,+,,,
rk20,chae hirs,hl,+,,,
rk20,chae vill,hl,r,,,
rk20,clem alpi,hl,r,,,
rk20,crep palu,hl,r,,,
rk20,dact macu slat,hl,r,,,
rk20,daph meze,hl,r,,,
rk20,desc cesp,hl,r,,,
rk20,doro aust,hl,+,,,
rk20,dryo dila,hl,r,,,
rk20,dryo fili,hl,2a,,,
rk20,epil mont,hl,r,,,
rk20,fagu sylv,hl,1,,,
rk20,fest rupi rina,hl,r,,,
rk20,frag vesc,hl,+,,,
rk20,gale flav,hl,+,,,
rk20,gali anis,hl,r,,,
rk20,gali odor,hl,+,,,
rk20,gent ascl,hl,+,,,
rk20,gent pann,hl,r,,,
rk20,gera sylv,hl,r,,,
rk20,geum riva,hl,r,,,
rk20,gymn dryo,hl,+,,,
rk20,hell nige,hl,r,,,
rk20,hera aust aust,hl,+,,,
rk20,hera spho eleg,hl,1,,,
rk20,hier muro,hl,r,,,
rk20,hype macu,hl,+,,,
rk20,knau maxi,hl,+,,,
rk20,lact alpi,hl,1,,,
rk20,lact mura,hl,+,,,
rk20,loni caer caer,hl,+,,,
rk20,luzu sylv sylv,hl,+,,,
rk20,lysi nemo,hl,1,,,
rk20,maia bifo,hl,+,,,
rk20,meli nuta,hl,+,,,
rk20,mili effu effu,hl,1,,,
rk20,moeh musc,hl,+,,,
rk20,myos sylv,hl,r,,,
rk20,orig vulg,hl,r,,,
rk20,oxal acet,hl,1,,,
rk20,pari quad,hl,r,,,
rk20,pice abie,hl,+,,,
rk20,poa hybr,hl,+,2014-0251,,
rk20,poa nemo,hl,r,,,
rk20,poa supi,hl,r,,,
rk20,poly acul,hl,r,,,
rk20,poly lonc,hl,r,,,
rk20,poly vert,hl,+,,,
rk20,pren purp,hl,+,,,
rk20,prim elat,hl,+,,,
rk20,prun vulg,hl,+,,,
rk20,ranu nemo,hl,+,,,
rk20,rosa pend,hl,+,,,
rk20,rubu idae,hl,+,,,
rk20,rubu saxa,hl,r,,,
rk20,rubu sect rubu,hl,+,,,
rk20,rume alpe,hl,+,,,
rk20,saxi rotu,hl,+,,,
rk20,sene ovat ovat,hl,1,,,
rk20,sesl caer,hl,r,,,
rk20,sile dioi,hl,r,,,
rk20,sile vulg vulg,hl,r,,,
rk20,sold alpi,hl,r,,,
rk20,soli virg virg,hl,+,,,
rk20,sorb aucu glab,hl,+,,,
rk20,sorb cham,hl,r,,,
rk20,symp tube slat,hl,+,,,
rk20,thal aqui,hl,r,,,
rk20,vacc myrt,hl,1,,,
rk20,vale mont,hl,r,,,
rk20,vera albu albu,hl,+,,,
rk20,viol bifl,hl,+,,,
rk20,viol reic,hl,+,,,
rk20,bryo spec ies,ml,r,,,
rk20,cten moll moll,ml,1,,,
rk20,dicr denu,ml,+,,,
rk20,hylo sple,ml,+,,,
rk20,hypn cupr slat,ml,+,,,
rk20,mniu spec ies,ml,+,,,
rk20,poly form,ml,+,,,
rk20,tort tort,ml,r,,,
rk20,acer pseu,sl,+,,,
rk20,alnu alno alno,sl,+,,,
rk20,fagu sylv,sl,3,,,
rk20,pice abie,sl,+,,,
rk20,sali appe,sl,+,,,
rk20,sorb aucu glab,sl,+,,,
rk20,fagu sylv,tl1,2b,,,
rk20,abie alba,tl2,1,,,
rk20,acer pseu,tl2,2a,,,
rk20,fagu sylv,tl2,2b,,,
rk21,acta spic,hl,+,,,
rk21,aden alpi,hl,+,,,
rk21,alch anis,hl,r,,,
rk21,apos foet,hl,+,,,
rk21,bell mich,hl,+,,,
rk21,cala vari,hl,3,,,
rk21,camp coch,hl,+,,,
rk21,camp rotu aggr,hl,+,2014-0254,,
rk21,card defl viri,hl,+,,,
rk21,care digi,hl,+,,,
rk21,care ferr,hl,+,,,
rk21,chae vill,hl,+,,,
rk21,cirs arve,hl,+,,,
rk21,daph meze,hl,+,,,
rk21,euph amyg amyg,hl,+,,,
rk21,fagu sylv,hl,+,,,
rk21,frag vesc,hl,+,,,
rk21,gali anis,hl,+,,,
rk21,gent pann,hl,+,,,
rk21,gymn dryo,hl,+,,,
rk21,hell nige,hl,+,,,
rk21,kern saxa,hl,r,,,
rk21,knau maxi,hl,+,,,
rk21,lact mura,hl,+,,,
rk21,lari deci deci,hl,+,,,
rk21,leon hisp slat,hl,+,,,
rk21,loni alpi,hl,1,,,
rk21,luzu sylv sylv,hl,1,,,
rk21,merc pere,hl,1,,,
rk21,oxal acet,hl,1,,,
rk21,parn palu,hl,+,,,
rk21,peta albu,hl,1,,,
rk21,peuc ostr,hl,+,,,
rk21,phyt spic,hl,+,,,
rk21,pice abie,hl,+,,,
rk21,poa nemo,hl,+,,,
rk21,poly acul,hl,+,,,
rk21,poly lonc,hl,+,,,
rk21,pren purp,hl,+,,,
rk21,ranu nemo,hl,+,,,
rk21,rosa pend,hl,+,,,
rk21,rubu saxa,hl,+,,,
rk21,rubu sect rubu,hl,+,,,
rk21,sene ovat ovat,hl,1,,,
rk21,sesl caer,hl,+,,,
rk21,soli virg virg,hl,+,,,
rk21,thel limb,hl,+,,,
rk21,vacc myrt,hl,+,,,
rk21,vale mont,hl,1,,,
rk21,vale trip,hl,+,,,
rk21,vera albu albu,hl,+,,,
rk21,cten moll moll,ml,1,,,
rk21,dicr denu,ml,+,,,
rk21,fagu sylv,sl,1,,,
rk21,lari deci deci,sl,+,,,
rk21,pice abie,sl,2a,,,
rk21,samb race,sl,r,,,
rk21,fagu sylv,tl1,2b,,,
rk21,acer pseu,tl2,2a,,,
rk21,fagu sylv,tl2,3,,,
rk22,abie alba,hl,+,,,
rk22,acer pseu,hl,+,,,
rk22,aden alpi,hl,2a,,,
rk22,alch anis,hl,r,,,
rk22,apos foet,hl,+,,,
rk22,astr majo majo,hl,+,,,
rk22,bell mich,hl,+,,,
rk22,beto alop,hl,+,,,
rk22,cala vari,hl,2b,,,
rk22,cala vill,hl,+,,,
rk22,camp coch,hl,+,,,
rk22,camp rotu aggr,hl,+,cp. 2014-0254,,
rk22,card defl viri,hl,+,,,
rk22,care brac,hl,+,,,
rk22,care digi,hl,+,,,
rk22,clem alpi,hl,+,,,
rk22,daph meze,hl,+,,,
rk22,epil mont,hl,+,,,
rk22,eric carn,hl,+,,,
rk22,euph offi pict,hl,+,,,
rk22,fagu sylv,hl,+,,,
rk22,gale flav,hl,+,,,
rk22,gali anis,hl,+,,,
rk22,gent pann,hl,+,,,
rk22,gera sylv,hl,+,,,
rk22,gymn dryo,hl,+,,,
rk22,hier muro,hl,+,,,
rk22,homo alpi,hl,+,,,
rk22,hupe sela,hl,+,,,
rk22,kern saxa,hl,+,,,
rk22,knau maxi,hl,+,,,
rk22,lact mura,hl,+,,,
rk22,linu cath,hl,+,,,
rk22,luzu sylv sylv,hl,2a,,,
rk22,lyco anno,hl,+,,,
rk22,merc pere,hl,1,,,
rk22,moeh musc,hl,+,,,
rk22,orig vulg,hl,r,,,
rk22,oxal acet,hl,+,,,
rk22,phyt spic,hl,r,,,
rk22,pice abie,hl,+,,,
rk22,poly cham,hl,+,,,
rk22,poly vert,hl,+,,,
rk22,pren purp,hl,+,,,
rk22,ranu nemo,hl,+,,,
rk22,rhod hirs,hl,+,,,
rk22,rosa pend,hl,+,,,
rk22,rubu idae,hl,+,,,
rk22,rubu saxa,hl,+,,,
rk22,sene ovat ovat,hl,+,,,
rk22,sesl caer,hl,+,,,
rk22,soli virg virg,hl,+,,,
rk22,vacc myrt,hl,+,,,
rk22,vale mont,hl,2a,,,
rk22,vale saxa,hl,+,,,
rk22,vale trip,hl,+,,,
rk22,vero urti,hl,+,,,
rk22,clem alpi,sl,+,,,
rk22,lari deci deci,sl,+,,,
rk22,pice abie,sl,+,,,
rk22,pinu mugo,sl,1,,,
rk22,sali appe,sl,+,,,
rk22,sorb aria,sl,+,,,
rk22,abie alba,tl1,2b,,,
rk22,fagu sylv,tl1,3,,,
rk22,abie alba,tl2,1,,,
rk22,acer pseu,tl2,1,,,
rk22,lari deci deci,tl2,1,,,
rk22,sorb aucu glab,tl2,1,,,
rk23,acer pseu,hl,+,,,
rk23,acon lyco lyco,hl,+,cp. 2014-0252,,
rk23,acta spic,hl,+,,,
rk23,aden alli,hl,1,,,
rk23,aden alpi,hl,1,,,
rk23,apos foet,hl,+,,,
rk23,arun dioi,hl,+,,,
rk23,aspl viri,hl,+,,,
rk23,athy fili,hl,1,,,
rk23,bell mich,hl,+,,,
rk23,briz medi,hl,+,,,
rk23,cala vari,hl,1,,,
rk23,cala vill,hl,+,,,
rk23,camp coch,hl,+,,,
rk23,camp rotu aggr,hl,+,T. Eberl,,
rk23,card enne,hl,+,,,
rk23,card trif,hl,+,,,
rk23,care ferr,hl,+,,,
rk23,clem alpi,hl,+,,,
rk23,crep palu,hl,+,,,
rk23,cyan mont,hl,+,,,
rk23,daph meze,hl,+,,,
rk23,doro aust,hl,+,,,
rk23,dryo dila,hl,1,,,
rk23,dryo fili,hl,1,,,
rk23,fagu sylv,hl,+,,,
rk23,frag vesc,hl,+,,,
rk23,gale flav,hl,+,,,
rk23,gent ascl,hl,+,,,
rk23,gera sylv,hl,+,,,
rk23,gymn dryo,hl,+,,,
rk23,gymn robe,hl,+,,,
rk23,heli pusi pusi,hl,+,,,
rk23,hell nige,hl,+,,,
rk23,hepa nobi,hl,+,,,
rk23,hera spho eleg,hl,+,,,
rk23,hype macu,hl,+,,,
rk23,knau maxi,hl,+,,,
rk23,lari deci deci,hl,+,,,
rk23,loni alpi,hl,+,,,
rk23,loni caer caer,hl,+,,,
rk23,luzu sylv sylv,hl,+,,,
rk23,lyco anno,hl,+,,,
rk23,maia bifo,hl,+,,,
rk23,mela sylv,hl,+,,,
rk23,merc pere,hl,+,,,
rk23,moeh musc,hl,+,,,
rk23,oxal acet,hl,+,,,
rk23,pari quad,hl,+,,,
rk23,parn palu,hl,+,,,
rk23,peta albu,hl,1,,,
rk23,pheg conn,hl,+,,,
rk23,pice abie,hl,+,,,
rk23,poly acul,hl,+,,,
rk23,pulm offi,hl,+,,,
rk23,rhod hirs,hl,1,,,
rk23,rosa pend,hl,+,,,
rk23,rubu idae,hl,2a,,,
rk23,rubu sect rubu,hl,1,,,
rk23,saxi rotu,hl,+,,,
rk23,sene ovat ovat,hl,1,,,
rk23,soli virg virg,hl,+,,,
rk23,sorb aria,hl,+,,,
rk23,sorb cham,hl,+,,,
rk23,thal aqui,hl,+,,,
rk23,vacc myrt,hl,2a,,,
rk23,vacc viti,hl,1,,,
rk23,vale mont,hl,+,,,
rk23,vale trip,hl,+,,,
rk23,vera albu albu,hl,+,,,
rk23,vero urti,hl,+,,,
rk23,acer pseu,sl,+,,,
rk23,alnu alno alno,sl,2b,,,
rk23,fagu sylv,sl,3,,,
rk23,lari deci deci,sl,+,,,
rk23,loni alpi,sl,1,,,
rk23,loni caer caer,sl,+,T. Eberl,,
rk23,pice abie,sl,1,,,
rk23,pinu mugo,sl,2a,,,
rk23,rosa pend,sl,+,,,
rk23,sali appe,sl,2a,,,
rk23,sorb aucu glab,sl,+,,,
rk23,sorb cham,sl,+,,,
rk23,acer pseu,tl2,+,,,
rk23,fagu sylv,tl2,1,,,
rk23,sorb aucu glab,tl2,+,,,
rk24,abie alba,hl,+,,,
rk24,aden alpi,hl,r,,,
rk24,apos foet,hl,r,,,
rk24,cala vari,hl,+,,,
rk24,cala vill,hl,r,,,
rk24,camp coch,hl,+,,,
rk24,care digi,hl,r,,,
rk24,cycl purp,hl,+,,,
rk24,eric carn,hl,+,,,
rk24,gymn dryo,hl,+,,,
rk24,hell nige,hl,r,,,
rk24,hier muro,hl,+,,,
rk24,homo alpi,hl,r,,,
rk24,hupe sela,hl,+,,,
rk24,lact mura,hl,+,,,
rk24,luzu sylv sylv,hl,+,,,
rk24,lyco anno,hl,+,,,
rk24,maia bifo,hl,+,,,
rk24,mela sylv,hl,+,,,
rk24,merc pere,hl,r,,,
rk24,pice abie,hl,+,,,
rk24,pren purp,hl,1,,,
rk24,pter aqui,hl,r,,,
rk24,rosa pend,hl,+,,,
rk24,sesl caer,hl,+,,,
rk24,soli virg virg,hl,+,,,
rk24,sorb aucu aucu,hl,+,,,
rk24,vacc myrt,hl,1,,,
rk24,vacc viti,hl,+,,,
rk24,vale trip,hl,+,,,
rk24,vera albu albu,hl,r,,,
rk24,abie alba,sl,+,,,
rk24,fagu sylv,sl,+,,,
rk24,pice abie,sl,+,,,
rk24,abie alba,tl1,2b,,,
rk24,pice abie,tl1,2b,,,
rk24,abie alba,tl2,2a,,,
rk24,acer pseu,tl2,1,,,
rk24,fagu sylv,tl2,3,,,
rk24,pice abie,tl2,1,,,
rk25,acer pseu,hl,r,,,
rk25,aven flex flex,hl,1,,,
rk25,blec spic,hl,r,,,
rk25,cala vari,hl,+,,,
rk25,cala vill,hl,+,,,
rk25,call vulg,hl,1,,,
rk25,cycl purp,hl,r,,,
rk25,eric carn,hl,+,,,
rk25,homo alpi,hl,+,,,
rk25,luzu luzu ina,hl,r,,,
rk25,luzu sylv sylv,hl,+,,,
rk25,lyco anno,hl,3,,,
rk25,mela sylv,hl,+,,,
rk25,oxal acet,hl,+,,,
rk25,pice abie,hl,+,,,
rk25,pinu mugo,hl,+,,,
rk25,pren purp,hl,1,,,
rk25,pter aqui,hl,3,,,
rk25,soli virg virg,hl,+,,,
rk25,sorb aucu aucu,hl,+,,,
rk25,vacc myrt,hl,1,,,
rk25,vacc viti,hl,+,,,
rk25,bazz tril,ml,+,,,
rk25,dicr denu,ml,2a,,,
rk25,leuc glau,ml,+,,,
rk25,plag cium undu,ml,r,,,
rk25,tort tort,ml,+,,,
rk25,pice abie,sl,2a,,,
rk25,pinu mugo,sl,2a,,,
rk25,abie alba,tl1,2a,,,
rk25,pice abie,tl1,2a,,,
rk25,abie alba,tl2,1,,,
rk25,acer pseu,tl2,2a,,,
rk25,fagu sylv,tl2,3,,,
rk25,sorb aria,tl2,1,,,
rk26,abie alba,hl,+,,,
rk26,acer pseu,hl,+,,,
rk26,athy fili,hl,+,,,
rk26,aven flex flex,hl,1,,,
rk26,blec spic,hl,r,,,
rk26,cala vari,hl,1,,,
rk26,cala vill,hl,1,,,
rk26,call vulg,hl,1,,,
rk26,camp rotu aggr,hl,r,2014-0256,,
rk26,eric carn,hl,4,,,
rk26,gymn dryo,hl,+,,,
rk26,hier muro,hl,+,,,
rk26,homo alpi,hl,+,,,
rk26,hupe sela,hl,+,,,
rk26,luzu sylv sylv,hl,+,,,
rk26,lyco anno,hl,1,,,
rk26,maia bifo,hl,+,,,
rk26,mela prat,hl,+,,,
rk26,mela sylv,hl,1,,,
rk26,merc pere,hl,+,,,
rk26,oxal acet,hl,+,,,
rk26,pice abie,hl,+,,,
rk26,pinu mugo,hl,+,,,
rk26,poly cham,hl,+,,,
rk26,pren purp,hl,+,,,
rk26,pter aqui,hl,2a,,,
rk26,rosa pend,hl,+,,,
rk26,sold alpi,hl,+,,,
rk26,soli virg virg,hl,+,,,
rk26,sorb aucu aucu,hl,1,,,
rk26,sorb cham,hl,r,,,
rk26,thel limb,hl,+,,,
rk26,vacc myrt,hl,2b,,,
rk26,vacc viti,hl,+,,,
rk26,bazz tril,ml,+,,,
rk26,dicr denu,ml,2b,,,
rk26,dicr scop,ml,+,,,
rk26,hylo sple,ml,+,,,
rk26,pleu schr,ml,+,,,
rk26,pice abie,sl,+,,,
rk26,pinu mugo,sl,1,,,
rk26,abie alba,tl1,3,,,
rk26,pice abie,tl1,2a,,,
rk26,acer pseu,tl2,2b,,,
rk26,fagu sylv,tl2,2a,,,
rk26,pice abie,tl2,2a,,,
rk27,abie alba,hl,+,,,
rk27,acer pseu,hl,+,,,
rk27,aden alpi,hl,1,,,
rk27,apos foet,hl,+,,,
rk27,bell mich,hl,+,,,
rk27,cala vari,hl,2a,,,
rk27,cala vill,hl,+,,,
rk27,camp coch,hl,+,,,
rk27,camp rotu aggr,hl,+,2014-0255,,
rk27,card enne,hl,+,,,
rk27,care brac,hl,1,,,
rk27,care digi,hl,+,,,
rk27,care ferr,hl,+,,,
rk27,care flac,hl,+,,,
rk27,care flav flav,hl,+,,,
rk27,chae vill,hl,r,,,
rk27,cycl purp,hl,r,,,
rk27,epip hell slat,hl,r,,,
rk27,eric carn,hl,1,,,
rk27,euph sali,hl,+,,,
rk27,fagu sylv,hl,+,,,
rk27,gent pann,hl,r,,,
rk27,gymn dryo,hl,+,,,
rk27,hell nige,hl,1,,,
rk27,hepa nobi,hl,+,,,
rk27,hera aust aust,hl,+,,,
rk27,hier muro,hl,+,,,
rk27,homo alpi,hl,+,,,
rk27,lase lati lati,hl,+,,,
rk27,leon hisp hyos,hl,+,,,
rk27,linu cath,hl,+,,,
rk27,luzu sylv sylv,hl,+,,,
rk27,lyco anno,hl,1,,,
rk27,maia bifo,hl,+,,,
rk27,mela sylv,hl,+,,,
rk27,meli nuta,hl,1,,,
rk27,merc pere,hl,+,,,
rk27,moli caer aggr,hl,1,,,
rk27,oxal acet,hl,+,,,
rk27,phyt orbi,hl,r,,,
rk27,pice abie,hl,+,,,
rk27,ping alpi,hl,+,,,
rk27,pinu mugo,hl,+,,,
rk27,poly cham,hl,+,,,
rk27,pote erec,hl,+,,,
rk27,ranu nemo,hl,+,,,
rk27,rubu saxa,hl,+,,,
rk27,sela sela,hl,+,,,
rk27,sesl caer,hl,+,,,
rk27,soli virg virg,hl,+,,,
rk27,sorb aucu aucu,hl,+,,,
rk27,thel limb,hl,+,,,
rk27,tofi caly,hl,+,,,
rk27,vacc myrt,hl,+,,,
rk27,vacc viti,hl,+,,,
rk27,vale saxa,hl,+,,,
rk27,vale trip,hl,+,,,
rk27,viol bifl,hl,+,,,
rk27,cten moll moll,ml,+,,,
rk27,dicr denu,ml,2a,,,
rk27,dicr scop,ml,+,,,
rk27,hylo sple,ml,+,,,
rk27,pleu schr,ml,+,,,
rk27,spha girg,ml,r,,,
rk27,tort tort,ml,+,,,
rk27,lari deci deci,sl,+,,,
rk27,pice abie,sl,+,,,
rk27,pinu mugo,sl,2b,,,
rk27,abie alba,tl1,2a,,,
rk27,pice abie,tl1,2a,,,
rk27,abie alba,tl2,2b,,,
rk27,acer pseu,tl2,2b,,,
rk27,fagu sylv,tl2,2b,,,
rk27,pice abie,tl2,2a,,,
rk27,sorb aria,tl2,1,,,
rk27,taxu bacc,tl2,1,,,
rk28,acer pseu,hl,+,,,
rk28,aven flex flex,hl,1,,,
rk28,cala vill,hl,+,,,
rk28,fagu sylv,hl,+,,,
rk28,homo alpi,hl,+,,,
rk28,luzu luzu ina,hl,r,,,
rk28,luzu sylv sylv,hl,+,,,
rk28,lyco anno,hl,3,,,
rk28,maia bifo,hl,+,,,
rk28,oxal acet,hl,+,,,
rk28,pice abie,hl,+,,,
rk28,pinu mugo,hl,+,,,
rk28,pren purp,hl,+,,,
rk28,pter aqui,hl,+,,,
rk28,sorb aucu glab,hl,+,,,
rk28,thel limb,hl,+,,,
rk28,vacc myrt,hl,1,,,
rk28,vacc viti,hl,2b,,,
rk28,dicr denu,ml,2a,,,
rk28,dicr scop,ml,+,,,
rk28,pleu schr,ml,+,,,
rk28,tort tort,ml,+,,,
rk28,pice abie,sl,1,,,
rk28,pinu mugo,sl,+,,,
rk28,abie alba,tl1,3,,,
rk28,lari deci deci,tl1,2a,,,
rk28,pice abie,tl1,2a,,,
rk28,abie alba,tl2,2a,,,
rk28,acer pseu,tl2,2a,,,
rk28,fagu sylv,tl2,3,,,
rk28,pice abie,tl2,1,,,
rk29,abie alba,hl,+,,,
rk29,aden alpi,hl,r,,,
rk29,arab stel,hl,r,,,
rk29,aven flex flex,hl,1,,,
rk29,blec spic,hl,+,,,
rk29,cala vill,hl,+,,,
rk29,camp coch,hl,+,,,
rk29,care brac,hl,+,,,
rk29,fagu sylv,hl,+,,,
rk29,gymn dryo,hl,+,,,
rk29,hier muro,hl,+,,,
rk29,homo alpi,hl,+,,,
rk29,luzu luzu ina,hl,r,,,
rk29,luzu sylv sylv,hl,1,,,
rk29,lyco anno,hl,2a,,,
rk29,maia bifo,hl,+,,,
rk29,mela sylv,hl,+,,,
rk29,oxal acet,hl,+,,,
rk29,pice abie,hl,+,,,
rk29,sorb aucu glab,hl,+,,,
rk29,thel limb,hl,+,,,
rk29,vacc myrt,hl,1,,,
rk29,vacc viti,hl,4,,,
rk29,dicr denu,ml,1,,,
rk29,dicr scop,ml,+,,,
rk29,tort tort,ml,+,,,
rk29,abie alba,sl,+,,,
rk29,acer pseu,sl,+,,,
rk29,lari deci deci,sl,+,,,
rk29,pice abie,sl,1,,,
rk29,pinu mugo,sl,+,,,
rk29,sorb aria,sl,+,,,
rk29,abie alba,tl1,2a,,,
rk29,lari deci deci,tl1,2a,,,
rk29,pice abie,tl1,3,,,
rk29,abie alba,tl2,2a,,,
rk29,acer pseu,tl2,2a,,,
rk29,fagu sylv,tl2,2a,,,
rk29,pice abie,tl2,2a,,,
rk29,sorb aucu glab,tl2,1,,,
rk30,abie alba,hl,+,,,
rk30,acer pseu,hl,+,,,
rk30,acon lyco lyco,hl,+,cf.,,
rk30,aden alpi,hl,1,,,
rk30,amel oval,hl,+,,,
rk30,aqui atra,hl,r,,,
rk30,aspl viri,hl,+,,,
rk30,athy fili,hl,r,,,
rk30,bell mich,hl,+,,,
rk30,brac sylv,hl,+,,,
rk30,cala vari,hl,1,,,
rk30,camp coch,hl,+,,,
rk30,card defl viri,hl,+,,,
rk30,card enne,hl,+,,,
rk30,care alba,hl,3,,,
rk30,care brac,hl,+,,,
rk30,care digi,hl,+,,,
rk30,care flac,hl,+,,,
rk30,cory avel,hl,r,,,
rk30,crep palu,hl,r,,,
rk30,cycl purp,hl,+,,,
rk30,dryo fili,hl,+,,,
rk30,epip hell slat,hl,r,,,
rk30,eupa cann,hl,+,,,
rk30,frag vesc,hl,+,,,
rk30,fran alnu,hl,r,,,
rk30,gali rotu,hl,+,,,
rk30,gymn dryo,hl,1,,,
rk30,gymn robe,hl,+,,,
rk30,hier muro,hl,+,,,
rk30,homo alpi,hl,+,,,
rk30,knau maxi,hl,+,,,
rk30,lact mura,hl,+,,,
rk30,luzu luzu ina,hl,+,,,
rk30,luzu sylv sylv,hl,+,,,
rk30,maia bifo,hl,+,,,
rk30,mela sylv,hl,2m,,,
rk30,merc pere,hl,1,,,
rk30,neot nidu,hl,+,,,
rk30,oxal acet,hl,+,,,
rk30,pari quad,hl,+,,,
rk30,phyt spic,hl,+,,,
rk30,pice abie,hl,+,,,
rk30,poly vert,hl,+,,,
rk30,pren purp,hl,+,,,
rk30,ranu nemo,hl,+,,,
rk30,rosa pend,hl,+,,,
rk30,rubu saxa,hl,+,,,
rk30,sene ovat ovat,hl,+,,,
rk30,sesl caer,hl,+,,,
rk30,soli virg virg,hl,+,,,
rk30,sorb aria,hl,+,,,
rk30,sorb aucu aucu,hl,+,,,
rk30,thel limb,hl,+,,,
rk30,vacc myrt,hl,+,,,
rk30,vale trip,hl,+,,,
rk30,viol reic,hl,+,,,
rk30,dicr denu,ml,2a,,,
rk30,dicr scop,ml,+,,,
rk30,hylo sple,ml,+,,,
rk30,pleu schr,ml,+,,,
rk30,abie alba,sl,+,,,
rk30,pice abie,sl,1,,,
rk30,abie alba,tl1,3,,,
rk30,acer pseu,tl1,1,,,
rk30,fagu sylv,tl1,2b,,,
rk30,pice abie,tl1,2b,,,
rk30,abie alba,tl2,2a,,,
rk30,fagu sylv,tl2,2a,,,
rk30,pice abie,tl2,1,,,
rk31,acer pseu,hl,+,,,
rk31,aden alpi,hl,1,,,
rk31,ajug rept,hl,+,,,
rk31,apos foet,hl,+,,,
rk31,aspl viri,hl,r,,,
rk31,bell mich,hl,+,,,
rk31,brac sylv,hl,2a,,,
rk31,cala vari,hl,2b,,,
rk31,camp coch,hl,r,,,
rk31,card defl viri,hl,1,,,
rk31,care alba,hl,+,,,
rk31,care brac,hl,+,,,
rk31,care digi,hl,+,,,
rk31,care flac,hl,2a,,,
rk31,care mont,hl,+,,,
rk31,care sylv,hl,+,,,
rk31,cyan mont,hl,+,,,
rk31,cycl purp,hl,+,,,
rk31,daph meze,hl,+,,,
rk31,dryo fili,hl,+,,,
rk31,fagu sylv,hl,+,,,
rk31,frag vesc,hl,+,,,
rk31,frax exce,hl,+,,,
rk31,gali rotu,hl,r,,,
rk31,gent ascl,hl,1,,,
rk31,hell nige,hl,2a,,,
rk31,hier bifi,hl,+,,,
rk31,knau maxi,hl,2a,,,
rk31,lili mart,hl,+,,,
rk31,meli nuta,hl,+,,,
rk31,merc pere,hl,+,,,
rk31,oxal acet,hl,+,,,
rk31,phyt spic,hl,+,,,
rk31,pice abie,hl,+,,,
rk31,poly cham,hl,+,,,
rk31,poly vert,hl,+,,,
rk31,pren purp,hl,+,,,
rk31,ranu nemo,hl,+,,,
rk31,salv glut,hl,+,,,
rk31,sani euro,hl,1,,,
rk31,sene ovat ovat,hl,+,,,
rk31,soli virg virg,hl,+,,,
rk31,sorb aucu aucu,hl,+,,,
rk31,vacc myrt,hl,+,,,
rk31,vale trip,hl,+,,,
rk31,vero urti,hl,+,,,
rk31,viol reic,hl,+,,,
rk31,abie alba,sl,1,,,
rk31,pice abie,sl,+,,,
rk31,abie alba,tl1,3,,,
rk31,fagu sylv,tl1,1,,,
rk31,pice abie,tl1,2a,,,
rk31,acer pseu,tl2,1,,,
rk31,fagu sylv,tl2,2b,,,
rk31,sorb aria,tl2,1,,,
rk32,acer pseu,hl,+,,,
rk32,acon lyco vulp,hl,1,,,
rk32,acta spic,hl,+,,,
rk32,aden alpi,hl,2a,,,
rk32,ajug rept,hl,+,,,
rk32,aspl scol scol,hl,1,,,
rk32,aspl viri,hl,+,,,
rk32,athy fili,hl,+,,,
rk32,brac sylv,hl,1,,,
rk32,card defl viri,hl,+,,,
rk32,card trif,hl,+,,,
rk32,chae hirs,hl,+,,,
rk32,circ alpi,hl,+,,,
rk32,cirs oler,hl,+,,,
rk32,clem vita,hl,+,,,
rk32,cyan mont,hl,r,,,
rk32,daph meze,hl,+,,,
rk32,dryo fili,hl,+,,,
rk32,eupa cann,hl,+,,,
rk32,fagu sylv,hl,+,,,
rk32,frax exce,hl,1,,,
rk32,gale mont,hl,1,,,
rk32,gali odor,hl,1,,,
rk32,gent ascl,hl,+,,,
rk32,gera robe,hl,+,,,
rk32,hell nige,hl,r,,,
rk32,hepa nobi,hl,+,,,
rk32,hera spho eleg,hl,1,,,
rk32,impa noli,hl,+,,,
rk32,knau maxi,hl,+,,,
rk32,lact mura,hl,+,,,
rk32,loni alpi,hl,1,,,
rk32,luna redi,hl,1,,,
rk32,maia bifo,hl,+,,,
rk32,meli nuta,hl,+,,,
rk32,merc pere,hl,2a,,,
rk32,moeh musc,hl,+,,,
rk32,pari quad,hl,+,,,
rk32,peta albu,hl,2a,,,
rk32,pice abie,hl,+,,,
rk32,poly acul,hl,+,,,
rk32,poly mult,hl,r,,,
rk32,poly vert,hl,+,,,
rk32,pulm offi,hl,+,,,
rk32,salv glut,hl,2a,,,
rk32,sene ovat ovat,hl,+,,,
rk32,ulmu glab,hl,+,,,
rk32,urti dioi dioi,hl,+,,,
rk32,vale trip,hl,+,,,
rk32,vero urti,hl,+,,,
rk32,viol bifl,hl,+,,,
rk32,pice abie,sl,+,,,
rk32,acer pseu,tl1,2b,,,
rk32,fagu sylv,tl1,2a,,,
rk32,frax exce,tl1,2a,,,
rk32,ulmu glab,tl1,2a,,,
rk32,acer pseu,tl2,2a,,,
rk32,fagu sylv,tl2,2a,,,
rk32,frax exce,tl2,1,,,
rk33,abie alba,hl,+,,,
rk33,acer pseu,hl,+,,,
rk33,acta spic,hl,+,,,
rk33,aden alpi,hl,2b,,,
rk33,ajug rept,hl,+,,,
rk33,apos foet,hl,+,,,
rk33,athy fili,hl,+,,,
rk33,card defl viri,hl,r,,,
rk33,card enne,hl,+,,,
rk33,card trif,hl,+,,,
rk33,care brac,hl,+,,,
rk33,cycl purp,hl,r,,,
rk33,fagu sylv,hl,+,,,
rk33,frax exce,hl,1,,,
rk33,gale flav,hl,1,,,
rk33,gali odor,hl,+,,,
rk33,gymn robe,hl,1,,,
rk33,hell nige,hl,2b,,,
rk33,lact mura,hl,+,,,
rk33,loni alpi,hl,1,,,
rk33,meli nuta,hl,+,,,
rk33,merc pere,hl,+,,,
rk33,oxal acet,hl,r,,,
rk33,poly acul,hl,+,,,
rk33,poly vert,hl,+,,,
rk33,pren purp,hl,+,,,
rk33,ranu nemo,hl,+,,,
rk33,salv glut,hl,+,,,
rk33,sene ovat ovat,hl,+,,,
rk33,sorb aucu aucu,hl,+,,,
rk33,symp tube slat,hl,+,,,
rk33,vale trip,hl,+,,,
rk33,vera albu albu,hl,+,,,
rk33,vero urti,hl,+,,,
rk33,viol reic,hl,+,,,
rk33,abie alba,tl1,2b,,,
rk33,fagu sylv,tl1,3,,,
rk33,abie alba,tl2,2a,,,
rk33,acer pseu,tl2,2a,,,
rk33,fagu sylv,tl2,2b,,,
rk33,pice abie,tl2,1,,,
rk34,abie alba,hl,+,,,
rk34,aden alpi,hl,2a,,,
rk34,apos foet,hl,+,,,
rk34,aspl viri,hl,+,,,
rk34,bell mich,hl,+,,,
rk34,cala vari,hl,2a,,,
rk34,camp coch,hl,1,,,
rk34,camp sche,hl,r,,,
rk34,card defl viri,hl,+,,,
rk34,card enne,hl,+,,,
rk34,card trif,hl,+,,,
rk34,care brac,hl,1,,,
rk34,care digi,hl,+,,,
rk34,care orni orni,hl,+,,,
rk34,cycl purp,hl,r,,,
rk34,daph meze,hl,r,,,
rk34,dryo fili,hl,+,,,
rk34,eric carn,hl,r,,,
rk34,gent ascl,hl,+,,,
rk34,gymn robe,hl,1,,,
rk34,hell nige,hl,2a,,,
rk34,hepa nobi,hl,+,,,
rk34,hier muro,hl,+,,,
rk34,homo alpi,hl,+,,,
rk34,hupe sela,hl,+,,,
rk34,knau maxi,hl,+,,,
rk34,leon hisp hyos,hl,r,,,
rk34,luzu sylv sylv,hl,1,,,
rk34,mela sylv,hl,+,,,
rk34,meli nuta,hl,+,,,
rk34,merc pere,hl,+,,,
rk34,oxal acet,hl,+,,,
rk34,phyt spic,hl,+,,,
rk34,pice abie,hl,+,,,
rk34,poly acul,hl,+,,,
rk34,poly cham,hl,+,,,
rk34,poly vert,hl,+,,,
rk34,pren purp,hl,+,,,
rk34,ranu nemo,hl,+,,,
rk34,sali appe,hl,+,,,
rk34,salv glut,hl,+,,,
rk34,sene ovat ovat,hl,+,,,
rk34,sesl caer,hl,+,,,
rk34,soli virg virg,hl,+,,,
rk34,sorb aria,hl,r,,,
rk34,sorb aucu aucu,hl,+,,,
rk34,thel limb,hl,2a,,,
rk34,vacc myrt,hl,+,,,
rk34,vale saxa,hl,+,,,
rk34,vale trip,hl,1,,,
rk34,vera albu albu,hl,+,,,
rk34,vero urti,hl,+,,,
rk34,viol bifl,hl,+,,,
rk34,viol reic,hl,+,,,
rk34,acer pseu,sl,+,,,
rk34,fagu sylv,sl,+,,,
rk34,lari deci deci,sl,+,,,
rk34,pice abie,sl,1,,,
rk34,abie alba,tl1,2a,,,
rk34,fagu sylv,tl1,3,,,
rk34,abie alba,tl2,1,,,
rk34,acer pseu,tl2,1,,,
rk34,fagu sylv,tl2,2a,,,
rk34,pice abie,tl2,+,,,
rk35,abie alba,hl,+,,,
rk35,acer pseu,hl,+,,,
rk35,aden alpi,hl,+,,,
rk35,aspl viri,hl,+,,,
rk35,bell mich,hl,+,,,
rk35,brac sylv,hl,r,,,
rk35,cala vari,hl,+,,,
rk35,cala vill,hl,r,,,
rk35,call vulg,hl,+,,,
rk35,camp coch,hl,+,,,
rk35,card defl viri,hl,+,,,
rk35,care brac,hl,+,,,
rk35,care digi,hl,r,,,
rk35,cyst frag,hl,+,,,
rk35,eric carn,hl,+,,,
rk35,eupa cann,hl,r,,,
rk35,euph sali,hl,r,,,
rk35,fagu sylv,hl,r,,,
rk35,gale flav,hl,r,,,
rk35,gymn dryo,hl,+,,,
rk35,hell nige,hl,r,,,
rk35,hier muro,hl,+,,,
rk35,homo alpi,hl,+,,,
rk35,hupe sela,hl,+,,,
rk35,lact mura,hl,+,,,
rk35,lari deci deci,hl,+,,,
rk35,leon hisp hyos,hl,r,,,
rk35,luzu sylv sylv,hl,+,,,
rk35,lyco anno,hl,2b,,,
rk35,mela sylv,hl,1,,,
rk35,meli nuta,hl,+,,,
rk35,merc pere,hl,+,,,
rk35,moeh musc,hl,r,,,
rk35,oxal acet,hl,+,,,
rk35,phyt orbi,hl,r,,,
rk35,pice abie,hl,1,,,
rk35,pinu mugo,hl,+,,,
rk35,poly cham,hl,+,,,
rk35,pren purp,hl,+,,,
rk35,rhod cham,hl,r,,,
rk35,rhod hirs,hl,+,,,
rk35,samb race,hl,r,,,
rk35,sesl caer,hl,2a,,,
rk35,soli virg virg,hl,+,,,
rk35,vacc myrt,hl,1,,,
rk35,vacc viti,hl,+,,,
rk35,vale saxa,hl,+,,,
rk35,vero urti,hl,+,,,
rk35,dicr denu,ml,3,,,
rk35,dicr scop,ml,1,,,
rk35,poly form,ml,+,,,
rk35,spha girg,ml,+,,,
rk35,tort tort,ml,+,,,
rk35,lari deci deci,sl,1,,,
rk35,pice abie,sl,2b,,,
rk35,pinu mugo,sl,+,,,
rk35,sali appe,sl,r,,,
rk35,abie alba,tl1,2a,,,
rk35,abie alba,tl2,1,,,
rk35,acer pseu,tl2,1,,,
rk35,lari deci deci,tl2,2a,,,
rk35,pice abie,tl2,2a,,,
rk35,sorb aucu aucu,tl2,+,,,
