abbr,matched.abbr
frax exce,frax exce
ulmu scab,ulmu glab
fagu silv,fagu sylv
acer pseu,acer pseu
tili cord,tili cord
pice exce,pice abie
acer plat,acer plat
sorb aria,sorb aria
prun aviu,prun aviu slat
quer petr,quer petr
taxu bacc,taxu bacc
tili plat,tili plat
sorb aucu,sorb aucu slat
quer robu,quer robu
abie alba,abie alba
jugl regi,jugl regi
alnu inca,alnu inca
carp betu,carp betu
ulmu carp,ulmu mino mino
lari deci,lari deci deci
betu pend,betu pend
pinu sylv,pinu sylv
blank,NA
loni xylo,loni xylo
cory avel,cory avel
acer camp,acer camp
rosa arve,rosa arve
corn sang,corn sang slat
ligu vulg,ligu vulg
crat mono,crat mono
rubu frut,rubu sect rubu
vibu lant,vibu lant
vibu opul,vibu opul
evon euro,euon euro
crat oxac,crat laev laev
loni alpi,loni alpi
rubu caes,rubu caes
rubu idae,rubu idae
samb nigr,samb nigr
berb vulg,berb vulg
ilex aqui,ilex aqui
euon lati,euon lati
rham cath,rham cath
daph meze,daph meze
rosa spec,rosa spec ies
prun maha,prun maha
piru malu,malu sylv
amel oval,amel oval
juni comm,juni comm comm
ribe alpi,ribe alpi
fran alnu,fran alnu
prun spin,prun spin
coto tome,coto tome
rosa pend,rosa pend
samb race,samb race
blank,NA
chae niti,anth niti
blank,NA
ranu lanu,ranu lanu
cice alpi,lact alpi
card kita,card kita
aden alli,aden alli
sile dioe,sile dioi
blank,NA
sene fuch,sene ovat ovat
epil mont,epil mont
crep palu,crep palu
blank,NA
camp lati,camp lati
lili mart,lili mart
ranu plat,ranu plat
blank,NA
viol bifl,viol bifl
peta albu,peta albu
acon pani,acon vari slat
prim elat,prim elat
chae cicu,chae hirs
stel nemo,stel nemo
poly vert,poly vert
blank,NA
cirs oler,cirs oler
hera spho,hera spho slat
blank,NA
luna redi,luna redi
urti dioi,urti dioi dioi
chry alte,chry alte
impa noli,impa noli
blank,NA
poly loba,poly acul
athy fili,athy fili
fega coni,cono coni
mniu undu,plag nium undu
mili effu,mili effu effu
blank,NA
vera albu,vera albu slat
acon vulp,acon lyco vulp
saxi rotu,saxi rotu
blank,NA
lami mont,gale mont
dryo fili,dryo fili
gera robe,gera robe
pari quad,pari quad
acta spic,acta spic
arun sylv,arun dioi
aego poda,aego poda
adox mosc,adox mosc
blank,NA
gali odor,gali odor
phyt spic,phyt spic
blank,NA
merc pere,merc pere
blank,NA
aspe taur,aspe taur
blank,NA
brac silv,brac sylv
camp trac,camp trac
blank,NA
viol silv,viol reic
hede heli,hede heli
care digi,care digi
poly mult,poly mult
blank,NA
brom bene,brom bene
pimp majo,pimp majo slat
blank,NA
frag vesc,frag vesc
soli virg,soli virg virg
hier muro,hier muro
gali sylv,gali sylv
meli nuta,meli nuta
blank,NA
salv glut,salv glut
hepa tril,hepa nobi
tamu comm,tamu comm
coro emer,hipp emer emer
care flac,care flac
viol hirt,viol hirt
blank,NA
cycl euro,cycl purp
epip lati,epip hell slat
viol mira,viol mira
blank,NA
care mont,care mont
satu vulg,clin vulg vulg
poly offi,poly odor
lili croc,lili bulb croc
ceph long,ceph long
blank,NA
moli lito,moli arun
trif medi,trif medi medi
anth ramo,anth ramo
blank,NA
care humi,care humi
teuc cham,teuc cham
poly cham,poly cham
orig vulg,orig vulg
brac pinn,brac pinn
beto offi,beto offi offi
gera sang,gera sang
digi gran,digi gran
blank,NA
hype mont,hype mont
gali luci,gali luci
viol rivi,viol rivi
tort tort,tort tort
viol alba,viol alba alba
euph amyg,euph amyg amyg
blank,NA
mela prat,mela prat
fest ovia,fest ovin
hier saba,hier saba
lath nige,lath nige
call vulg,call vulg
blank,NA
luzu nive,luzu nive
vacc myrt,vacc myrt
dicr scop,dicr scop
poly form,poly form
vero offi,vero offi
blank,NA
alli cari,alli cari cari
lath prat,lath prat prat
ceph dama,ceph dama
buph sali,buph sali
sesl coer,sesl caer
blank,NA
stre ampl,stre ampl
stac sylv,stac sylv
blank,NA
gent ascl,gent ascl
gera sylv,gera sylv
thal aqui,thal aqui
rubu saxa,rubu saxa
achi macr,achi macr
phyt ovat,phyt ovat
agro stol,agro stol
poly lonc,poly lonc
acon plat,acon ×plat
agro cani,agro cani
blank,NA
gali albu,gali albu
ranu nemo,ranu nemo
crep blat,crep pyre
blank,NA
vale mont,vale mont
fest alti,fest alti
last robe,gymn robe
blank,NA
phyl scol,aspl scol scol
tham alop,tham alop
blank,NA
arum macu,arum macu
alli ursi,alli ursi ursi
anem nemo,anem nemo
blank,NA
ranu fica,fica vern vern
blank,NA
cory cava,cory cava
leuc vern,leuc vern
blank,NA
last pheg,pheg conn
dryo borr,dryo borr
cath undu,atri undu
luzu pilo,luzu pilo
blank,NA
vero lati,vero urti
oxal acet,oxal acet
pren purp,pren purp
sani euro,sani euro
care silv,care sylv
poa  nemo,poa nemo
eurh stri,eurh stri
lath vern,lath vern
clem vita,clem vita
vinc offi,vinc hiru
aspl tric,aspl tric slat
aden galb,aden alpi
circ lute,circ lute lute
knau sylv,knau maxi
myce mura,lact mura
orch masc,orch masc slat
dryo dila,dryo dila
fiss taxi,fiss taxi
brom ramo,brom ramo
cyst frag,cyst frag
cala vari,cala vari
cten moll,cten moll slat
gale tetr,gale tetr
lysi nemo,lysi nemo
poly vulg,poly vulg
satu cala,cala ment
vero cham,vero cham slat
ange silv,ange sylv slat
care alba,care alba
cent mont,cyan mont
colc autu,colc autu
hypn cupr,hypn cupr
list ovat,list ovat
vale offi,vale offi slat
vici sepi,vici sepi
ajug rept,ajug rept
camp rapu,camp rapu
dact glom,dact glom glom
geum riva,geum riva
maja bifo,maia bifo
moeh musc,moeh musc
stap pinn,stap pinn
anth odor,anth odor
camp rotu,camp rotu
card pers,card pers pers
lase lati,lase lati lati
loni nigr,loni nigr
myos silv,myos sylv
plag aspl,plag aspl
plat bifo,plat bifo
vale trip,vale trip
visc albu,visc albu
circ alpi,circ alpi
desc cesp,desc cesp
fest giga,fest giga
geum urba,geum urba
hier umbe,hier umbe
pote ster,pote ster
prim vulg,prim vulg vulg
tara offi,tara sect rude
lami macu,lami macu
card bulb,card bulb
aspl ruta,aspl ruta
dicr hete,dicr hete
elym euro,hord euro
eric carn,eric carn
fest hete,fest hete ylla
isot myur,isot myos myos
leuc glau,leuc glau
rume arif,rume alpe
sedu maxi,hylo maxi
alli oler,alli oler
viol scot,viol alba scot
eurh swar,oxyr hian hian
acon comp,acon comp
aspl adia,aspl adia
aspl viri,aspl viri
bell mich,bell mich
card flex,card flex
chry leuc,leuc vulg
conv maja,conv maja maja
dryo spin,dryo cart
hype hirs,hype hirs
neot nidu,neot nidu
orch macu,leuc vulg
scab colo,scab colu
teuc scor,teuc scor onia
vici crac,vici crac
fili ulma,fili ulma
asto majo,astr majo slat
brom erec,brom erec
alch vulg,alch spec ies
aqui atra,aqui atra
card pent,card pent
care pilu,care pilu pilu
ceph rubr,ceph rubr
chae vill,chae vill
digi lute,digi lute
epil alpe,epil alpe
gali moll,gali moll
gali rotu,gali rotu
hier lach,hier lach
hier pren,hier pren
lase sile,lase sile sile
last dryo,gymn dryo
moeh trin,moeh trin
poly juni,poly juni
prun gran,prun gran
prun vulg,prun vulg
ranu serp,ranu serp
sang mino,sang mino slat
sedu albu,sedu albu
sile nuta,sile nuta slat
thui tama,thui tama
trif mont,trif mont mont
trif rube,trif rube
vici silv,vici sylv
viol coll,viol coll
scro nodo,scro nodo
vero mont,vero mont
lath occi,lath laev occi
peta hybr,peta hybr
orch pall,orch pall
peuc cerv,cerv rivi
piru pira,pyru pyra
card impa,card impa
