abbr,matched.abbr
alli offi,alli peti
anth vulg,anth vuln carp
arab hirs,arab hirs
arab turr,pseu turr
aspl sept,aspl sept sept
calt palu,calt palu
camp coch,camp coch
card amar,card amar slat
care orni,care orni
cirr pili,cirr pili
dicr denu,dicr denu
euph cypa,euph cypa
fest rubr,fest rubr
gymn cono,gymn cono slat
hier bifi,hier bifi
hier race,hier race
hook luce,hook luce
hylo sple,hylo sple
hype macu,hype macu
hype perf,hype perf
impa parv,impa parv
barb barb,barb barb
loto corn,lotu corn slat
luzu silv,luzu sylv sylv
cyst mont,cyst mont
mniu affi,plag affi
neck cris,neck cris
pell epip,pell epip
pleu schr,pleu schr
pote erec,pote erec
pter aqui,pter aqui
ranu acon,ranu acon
rhyt triq,rhyt triq
rosa micr,rosa micr
sapo ocym,sapo ocym ocym
semp tect,semp tect
sene nemo,sene nemo slat
sili vulg,sile vulg slat
thym poly,thym prae poly
tozz alpi,tozz alpi alpi
trol euro,trol euro
vici inca,vivi crac inca
acro cusp,call cusp
agro tenu,agro capi
plat chlo,plat chlo
aspl font,aspl font
aste amel,aste amel
briz medi,briz medi
gali corr,gali moll aggr
knau arve,knau arve slat
ophr apif,ophr apif
rosa egla,rosa rubi
stac rect,stac rect slat
teuc mont,teuc mont
vinc mino,vinc mino
pinu stro,pinu stro
care vern,care cary
gali veru,gali veru
coto inte,coto inte
inul cony,inul cony
saxi aizo,saxi aizo
sedu dasy,sedu dasy
succ prat,succ prat
rosa pomi,rosa vill
care pair,care muri sstr
anem ranu,anem ranu
stac alpi,stac alpi
gali apar,gali apar
