plot,abbr,layer,cover,voucher,comment,history
ba01,acer pseu,hl,+,,,
ba01,anth ramo,hl,+,,,
ba01,aspl ruta,hl,r,,,
ba01,aspl tric quad,hl,+,,,
ba01,brac sylv,hl,+,,,
ba01,cala vari,hl,2b,,,
ba01,camp pers,hl,+,,,
ba01,camp trac,hl,+,,,
ba01,care alba,hl,4,,,
ba01,care digi,hl,+,,,
ba01,care orni orni,hl,r,,,
ba01,carp betu,hl,+,,,
ba01,ceph long,hl,r,,,
ba01,clem vita,hl,+,,,
ba01,conv maja maja,hl,+,,,
ba01,corn sang slat,hl,+,,,
ba01,cory avel,hl,+,,,
ba01,coto hori,hl,r,,,
ba01,crat mono,hl,+,,,
ba01,cycl purp,hl,+,,,
ba01,euph amyg amyg,hl,+,,,
ba01,fagu sylv,hl,+,,,
ba01,frag vesc,hl,+,,,
ba01,frax exce,hl,2a,,,
ba01,gali moll,hl,+,,,
ba01,hell nige,hl,1,,,
ba01,hepa nobi,hl,+,,,
ba01,hipp emer emer,hl,r,,,
ba01,jugl regi,hl,r,,,
ba01,ligu vulg,hl,1,,,
ba01,loni xylo,hl,+,,,
ba01,meli nuta,hl,+,,,
ba01,merc pere,hl,+,,,
ba01,moeh musc,hl,+,,,
ba01,orig vulg,hl,+,,,
ba01,pice abie,hl,+,,,
ba01,poly cham,hl,2m,,,
ba01,poly odor,hl,+,,,
ba01,rham cath,hl,+,,,
ba01,rosa arve,hl,+,,,
ba01,salv glut,hl,r,,,
ba01,sesl caer,hl,1,,,
ba01,sorb aria,hl,+,,,
ba01,teuc cham,hl,r,,,
ba01,vinc hiru,hl,2b,,,
ba01,viol reic,hl,+,,,
ba01,carp betu,sl,1,,,
ba01,clem vita,sl,1,,,
ba01,cory avel,sl,2a,,,
ba01,fagu sylv,sl,1,,,
ba01,frax exce,sl,2a,,,
ba01,ligu vulg,sl,+,,,
ba01,sorb aria,sl,+,,,
ba01,frax exce,tl1,2b,,,
ba01,sorb aria,tl1,1,,,
ba01,carp betu,tl2,3,,,
ba01,fagu sylv,tl2,2b,,,
ba01,frax exce,tl2,1,,,
ba01,pice abie,tl2,+,,,
ba01,sorb aria,tl2,2a,,,
ba01,visc albu,tl2,+,,,
ba02,aspl ruta,hl,+,,,
ba02,aspl tric quad,hl,+,,,
ba02,brac sylv,hl,+,,,
ba02,cala vari,hl,2a,,,
ba02,camp pers,hl,+,,,
ba02,care alba,hl,3,,,
ba02,care digi,hl,+,,,
ba02,care mont,hl,2b,,,
ba02,care orni orni,hl,r,,,
ba02,carp betu,hl,+,,,
ba02,clem vita,hl,+,,,
ba02,conv maja maja,hl,+,,,
ba02,cory avel,hl,+,,,
ba02,crat mono,hl,+,,,
ba02,cycl purp,hl,1,,,
ba02,euph amyg amyg,hl,+,,,
ba02,euph dulc,hl,r,,,
ba02,frag vesc,hl,+,,,
ba02,frax exce,hl,1,,,
ba02,gali moll,hl,+,,,
ba02,hede heli,hl,+,,,
ba02,hell nige,hl,1,,,
ba02,hepa nobi,hl,2a,,,
ba02,hier bifi,hl,r,,,
ba02,hipp emer emer,hl,+,,,
ba02,jugl regi,hl,r,,,
ba02,ligu vulg,hl,2a,,,
ba02,mela sylv,hl,+,,,
ba02,meli nuta,hl,+,,,
ba02,merc pere,hl,+,,,
ba02,orig vulg,hl,+,,,
ba02,poly cham,hl,+,,,
ba02,quer robu,hl,+,,,
ba02,rham cath,hl,+,,,
ba02,rosa arve,hl,+,,,
ba02,rubu sect rubu,hl,r,,,
ba02,salv glut,hl,+,,,
ba02,sesl caer,hl,1,,,
ba02,sorb aria,hl,+,,,
ba02,tara sect rude,hl,r,,,
ba02,vibu lant,hl,+,,,
ba02,vinc hiru,hl,1,,,
ba02,viol alba slat,hl,r,2015-0000,,
ba02,viol coll,hl,r,,,
ba02,viol reic,hl,+,,,
ba02,carp betu,sl,+,,,
ba02,clem vita,sl,+,,,
ba02,cory avel,sl,1,,,
ba02,crat mono,sl,r,,,
ba02,ligu vulg,sl,1,,,
ba02,loni xylo,sl,+,,,
ba02,malu sylv,sl,+,,,
ba02,rham cath,sl,+,,,
ba02,sorb aria,sl,+,,,
ba02,vibu lant,sl,r,,,
ba02,frax exce,tl1,2b,,,
ba02,carp betu,tl2,3,,,
ba02,frax exce,tl2,2a,,,
ba02,quer robu,tl2,2b,,,
ba03,acer plat,hl,+,,,
ba03,acer pseu,hl,+,,,
ba03,ajug rept,hl,r,,,
ba03,alli cari cari,hl,r,,,
ba03,anth ramo,hl,+,,,
ba03,aspl ruta,hl,+,,,
ba03,brac pinn,hl,+,,,
ba03,brac sylv,hl,+,,,
ba03,cala vari,hl,4,,,
ba03,camp pers,hl,r,,,
ba03,care alba,hl,2a,,,
ba03,care digi,hl,+,,,
ba03,care mont,hl,2a,,,
ba03,care orni orni,hl,+,,,
ba03,carp betu,hl,+,,,
ba03,clem vita,hl,+,,,
ba03,clin vulg vulg,hl,+,,,
ba03,cory avel,hl,+,,,
ba03,crat mono,hl,+,,,
ba03,cycl purp,hl,+,,,
ba03,euph amyg amyg,hl,+,,,
ba03,fagu sylv,hl,+,,,
ba03,frag vesc,hl,+,,,
ba03,frax exce,hl,+,,,
ba03,gali moll,hl,+,,,
ba03,hede heli,hl,+,,,
ba03,hell nige,hl,+,,,
ba03,hepa nobi,hl,+,,,
ba03,hier bifi,hl,+,,,
ba03,hipp emer emer,hl,+,,,
ba03,hype perf,hl,+,,,
ba03,kern saxa,hl,r,,,
ba03,ligu vulg,hl,2a,,,
ba03,loni xylo,hl,+,,,
ba03,meli nuta,hl,+,,,
ba03,orig vulg,hl,1,,,
ba03,pice abie,hl,+,,,
ba03,poly cham,hl,+,,,
ba03,prun gran,hl,r,,,
ba03,quer robu,hl,+,,,
ba03,rham cath,hl,+,,,
ba03,rosa arve,hl,+,,,
ba03,salv glut,hl,+,,,
ba03,sesl caer,hl,1,,,
ba03,sorb aria,hl,+,,,
ba03,teuc cham,hl,r,,,
ba03,vinc hiru,hl,+,,,
ba03,viol reic,hl,+,,,
ba03,carp betu,sl,+,,,
ba03,cory avel,sl,1,,,
ba03,crat mono,sl,+,,,
ba03,fagu sylv,sl,1,,,
ba03,frax exce,sl,+,,,
ba03,ligu vulg,sl,1,,,
ba03,sorb aria,sl,1,,,
ba03,vibu lant,sl,+,,,
ba03,fagu sylv,tl1,2b,,,
ba03,frax exce,tl1,2a,,,
ba03,hede heli,tl1,+,,,
ba03,acer plat,tl2,1,,,
ba03,carp betu,tl2,+,,,
ba03,fagu sylv,tl2,1,,,
ba03,frax exce,tl2,2a,,,
ba03,hede heli,tl2,+,,,
ba03,quer robu,tl2,1,,,
ba03,sorb aria,tl2,2a,,,
ba04,alli cari cari,hl,+,,,
ba04,anth ramo,hl,+,,,
ba04,aspl ruta,hl,+,,,
ba04,aspl tric quad,hl,+,,,
ba04,beto offi offi,hl,+,cf.,,
ba04,brac pinn,hl,2b,,,
ba04,cala vari,hl,3,,,
ba04,care alba,hl,1,,,
ba04,care digi,hl,+,,,
ba04,care flac,hl,+,,,
ba04,care mont,hl,1,,,
ba04,care orni orni,hl,+,,,
ba04,carp betu,hl,+,,,
ba04,clin vulg vulg,hl,+,,,
ba04,corn sang slat,hl,+,,,
ba04,cory avel,hl,+,,,
ba04,coto hori,hl,+,,,
ba04,crat laev laev,hl,+,,,
ba04,crat mono,hl,+,,,
ba04,cycl purp,hl,+,,,
ba04,euph amyg amyg,hl,+,,,
ba04,fagu sylv,hl,+,,,
ba04,frag vesc,hl,+,,,
ba04,frax exce,hl,+,,,
ba04,gali moll,hl,+,,,
ba04,gera robe,hl,r,,,
ba04,hede heli,hl,+,,,
ba04,hell nige,hl,r,,,
ba04,hepa nobi,hl,+,,,
ba04,hipp emer emer,hl,+,,,
ba04,hype perf,hl,+,,,
ba04,ligu vulg,hl,1,,,
ba04,orig vulg,hl,+,,,
ba04,pice abie,hl,r,,,
ba04,poly cham,hl,+,,,
ba04,prun aviu slat,hl,+,,,
ba04,quer robu,hl,+,,,
ba04,rham cath,hl,+,,,
ba04,rosa arve,hl,+,,,
ba04,salv glut,hl,+,,,
ba04,sesl caer,hl,2a,,,
ba04,sorb aria,hl,+,,,
ba04,vinc hiru,hl,1,,,
ba04,viol hirt,hl,+,,,
ba04,viol reic,hl,+,,,
ba04,carp betu,sl,+,,,
ba04,cory avel,sl,2a,,,
ba04,coto hori,sl,+,,,
ba04,crat laev laev,sl,+,,,
ba04,crat mono,sl,+,,,
ba04,fagu sylv,sl,+,,,
ba04,frax exce,sl,1,,,
ba04,ligu vulg,sl,+,,,
ba04,rham cath,sl,+,,,
ba04,sorb aria,sl,1,,,
ba04,frax exce,tl1,2a,,,
ba04,acer plat,tl2,+,,,
ba04,carp betu,tl2,1,,,
ba04,fagu sylv,tl2,2a,,,
ba04,frax exce,tl2,2b,,,
ba04,pice abie,tl2,1,,,
ba04,quer robu,tl2,1,,,
ba04,sorb aria,tl2,1,,,
ba04,visc albu,tl2,r,,,
ba05,achn cala,hl,1,2015-0000,,
ba05,anth ramo,hl,+,,,
ba05,arab aren,hl,+,,,
ba05,aspl ruta,hl,+,,,
ba05,aspl tric quad,hl,+,,,
ba05,brac pinn,hl,+,,,
ba05,buph sali,hl,+,,,
ba05,cala vari,hl,2a,,,
ba05,camp pers,hl,r,,,
ba05,camp trac,hl,r,,,
ba05,card defl viri,hl,+,,,
ba05,care alba,hl,1,,,
ba05,care digi,hl,+,,,
ba05,care flac,hl,+,,,
ba05,care orni orni,hl,+,,,
ba05,carp betu,hl,+,,,
ba05,clem vita,hl,+,,,
ba05,clin alpi alpi,hl,+,,,
ba05,clin vulg vulg,hl,+,,,
ba05,corn sang slat,hl,+,,,
ba05,cory avel,hl,+,,,
ba05,cycl purp,hl,+,,,
ba05,frag vesc,hl,+,,,
ba05,frax exce,hl,+,,,
ba05,gali luci,hl,+,2015-0000,,
ba05,gali moll,hl,+,,,
ba05,hede heli,hl,+,,,
ba05,hell nige,hl,+,,,
ba05,hepa nobi,hl,+,,,
ba05,hier bifi,hl,r,,,
ba05,hipp emer emer,hl,+,,,
ba05,hype perf,hl,+,,,
ba05,kern saxa,hl,r,,,
ba05,ligu vulg,hl,1,,,
ba05,mela sylv,hl,+,,,
ba05,meli cili,hl,+,,,
ba05,meli nuta,hl,+,,,
ba05,merc pere,hl,+,,,
ba05,orig vulg,hl,+,,,
ba05,poly cham,hl,+,,,
ba05,poly odor,hl,r,,,
ba05,pote pusi,hl,+,2015-0000,,
ba05,quer robu,hl,+,,,
ba05,rham cath,hl,+,,,
ba05,rosa arve,hl,+,,,
ba05,salv glut,hl,+,,,
ba05,sedu albu,hl,+,,,
ba05,sesl caer,hl,2b,,,
ba05,sile nuta nuta,hl,r,,,
ba05,sorb aria,hl,+,,,
ba05,teuc cham,hl,1,,,
ba05,teuc mont,hl,+,,,
ba05,vibu lant,hl,+,,,
ba05,vinc hiru,hl,1,,,
ba05,viol coll,hl,+,,,
ba05,berb vulg,sl,r,,,
ba05,carp betu,sl,2a,,,
ba05,clem vita,sl,+,,,
ba05,corn sang slat,sl,+,,,
ba05,cory avel,sl,+,,,
ba05,crat laev laev,sl,+,,,
ba05,crat mono,sl,+,,,
ba05,hipp emer emer,sl,+,,,
ba05,ligu vulg,sl,2b,,,
ba05,pyru pyra,sl,r,2015-0000,,
ba05,rham cath,sl,+,,,
ba05,rosa cani,sl,+,,,
ba05,sorb aria,sl,1,,,
ba05,tili ﾃ要ul,sl,+,,,
ba05,tili cord,sl,+,,,
ba05,vibu lant,sl,1,,,
ba05,frax exce,tl2,2b,,,
ba05,quer robu,tl2,1,,,
ba05,sorb aria,tl2,1,,,
ba05,tili ﾃ要ul,tl2,2b,,,
ba05,tili cord,tl2,+,,,
ba05,visc albu,tl2,r,,,
ba06,acer plat,hl,+,,,
ba06,alli cari cari,hl,r,,,
ba06,cala vari,hl,2b,,,
ba06,care alba,hl,3,,,
ba06,care digi,hl,+,,,
ba06,carp betu,hl,+,,,
ba06,corn sang slat,hl,+,,,
ba06,cory avel,hl,+,,,
ba06,cycl purp,hl,+,,,
ba06,euph amyg amyg,hl,+,,,
ba06,fagu sylv,hl,+,,,
ba06,frax exce,hl,+,,,
ba06,gali moll,hl,+,,,
ba06,hell nige,hl,+,,,
ba06,hepa nobi,hl,+,,,
ba06,hipp emer emer,hl,r,,,
ba06,jugl regi,hl,r,,,
ba06,ligu vulg,hl,+,,,
ba06,loni xylo,hl,+,,,
ba06,merc pere,hl,r,,,
ba06,orig vulg,hl,+,,,
ba06,pice abie,hl,+,,,
ba06,poly cham,hl,+,,,
ba06,rosa arve,hl,+,,,
ba06,salv glut,hl,+,,,
ba06,sesl caer,hl,2b,,,
ba06,teuc cham,hl,r,,,
ba06,vinc hiru,hl,+,,,
ba06,viol reic,hl,+,,,
ba06,acer plat,sl,2a,,,
ba06,carp betu,sl,+,,,
ba06,cory avel,sl,1,,,
ba06,fagu sylv,sl,1,,,
ba06,jugl regi,sl,r,,,
ba06,fagu sylv,tl1,2a,,,
ba06,frax exce,tl1,2a,,,
ba06,acer plat,tl2,1,,,
ba06,carp betu,tl2,2b,,,
ba06,fagu sylv,tl2,2b,,,
ba06,pice abie,tl2,+,,,
ba06,sorb aria,tl2,1,,,
ba06,visc albu,tl2,r,,,
ba07,achn cala,hl,r,,,
ba07,alli cari cari,hl,r,,,
ba07,anth ramo,hl,+,,,
ba07,arab aren,hl,+,,,
ba07,aspl ruta,hl,+,,,
ba07,aspl tric quad,hl,+,,,
ba07,berb vulg,hl,+,,,
ba07,brac pinn,hl,+,,,
ba07,brac sylv,hl,+,,,
ba07,buph sali,hl,+,,,
ba07,cala vari,hl,1,,,
ba07,camp trac,hl,r,,,
ba07,card defl viri,hl,1,,,
ba07,care alba,hl,2a,,,
ba07,care digi,hl,+,,,
ba07,care orni orni,hl,+,,,
ba07,carp betu,hl,+,,,
ba07,clin alpi alpi,hl,+,,,
ba07,clin vulg vulg,hl,+,,,
ba07,corn sang slat,hl,+,,,
ba07,cory avel,hl,+,,,
ba07,coto tome,hl,r,,,
ba07,cycl purp,hl,+,,,
ba07,eric carn,hl,+,,,
ba07,frag vesc,hl,+,,,
ba07,fran alnu,hl,+,,,
ba07,frax exce,hl,+,,,
ba07,gali luci,hl,r,2015-0000,,
ba07,gali trun,hl,+,2015-0000,,
ba07,hell nige,hl,r,,,
ba07,hepa nobi,hl,+,,,
ba07,hier bifi,hl,+,,,
ba07,hipp emer emer,hl,+,,,
ba07,hype perf,hl,+,,,
ba07,kern saxa,hl,r,,,
ba07,ligu vulg,hl,1,,,
ba07,meli cili,hl,+,,,
ba07,meli nuta,hl,+,,,
ba07,moeh musc,hl,r,,,
ba07,orig vulg,hl,+,,,
ba07,poly cham,hl,+,,,
ba07,poly odor,hl,+,,,
ba07,pote pusi,hl,+,2015-0000,,
ba07,rham cath,hl,+,,,
ba07,rosa cani,hl,+,,,
ba07,sang mino mino,hl,+,,,
ba07,sedu albu,hl,+,,,
ba07,sesl caer,hl,2b,,,
ba07,sorb aria,hl,+,,,
ba07,taxu bacc,hl,+,,,
ba07,teuc cham,hl,+,,,
ba07,teuc mont,hl,+,,,
ba07,tili ﾃ要ul,hl,+,,,
ba07,vibu lant,hl,+,,,
ba07,vinc hiru,hl,1,,,
ba07,viol coll,hl,+,,,
ba07,amel oval,sl,+,,,
ba07,carp betu,sl,+,,,
ba07,corn sang slat,sl,1,,,
ba07,cory avel,sl,+,,,
ba07,crat laev laev,sl,+,,,
ba07,fran alnu,sl,+,,,
ba07,frax exce,sl,+,,,
ba07,ligu vulg,sl,1,,,
ba07,quer robu,sl,1,,,
ba07,rham cath,sl,+,,,
ba07,sorb aria,sl,1,,,
ba07,tili cord,sl,+,,,
ba07,vibu lant,sl,1,,,
ba07,frax exce,tl2,2b,,,
ba07,sorb aria,tl2,2a,,,
ba07,tili ﾃ要ul,tl2,2a,,,
