taxon,matched.taxon
Achillea atrata,Achillea atrata
Aconitum napellus ssp. tauricum,Aconitum tauricum ssp. tauricum
Agrostis canina,Agrostis canina s.str.
Alchemilla decumbens,Alchemilla decumbens
Alchemilla glabra,Alchemilla glabra
Alchemilla monticola,Alchemilla monticola
Alchemilla sp.,Alchemilla sp.
Alchemilla straminea,Alchemilla straminea
Allium schoenoprasum ssp. sibiricum,Allium schoenoprasum var. alpinum
Amphidium mougeotii,Amphidium mougeotii
Anthoxanthum alpinum,Anthoxanthum alpinum
Arabis jaquinii,Arabis soyeri ssp. subcoriacea
Aster bellidiastrum,Bellidiastrum michelii
Aulacomnium palustre,Aulacomnium palustre
Bartsia alpina,Bartsia alpina
Blindia acuta,Blindia acuta
Brachythecium plumosum,Sciuro-hypnum plumosum
Brachythecium rivulare,Brachythecium rivulare
Bryum pallens agg.,Bryum pallens agg.
Bryum pseudotriquetrum,Bryum pseudotriquetrum var. pseudotriquetrum
Bryum schleicheri,Bryum schleicheri s.lat.
Bryum sp.,Bryum sp.
Bryum turbinatum,Bryum turbinatum
Bryum weigelii,Bryum weigelii
Calliergon sarmentosum,Warnstorfia sarmentosa
Caltha palustris,Caltha palustris
Calycocorsus stipitatus,Willemetia stipitata ssp. stipitata
Calypogeia trichomanis,Calypogeia azurea
Campylium stellatum,Campylium stellatum
Campylopus schimperi,Campylopus subulatus var. schimperi
Cardamine amara,Cardamine amara ssp. austriaca
Cardamine rivularis,Cardamine »rivularis«
Carex davalliana,Carex davalliana
Carex dioica,Carex dioica
Carex echinata,Carex echinata
Carex ferruginea,Carex ferruginea s.str.
Carex flava,Carex flava s.lat.
Carex flavella,Carex flava var. alpina
Carex limosa,Carex limosa
Carex nigra,Carex nigra
Carex pauciflora,Carex pauciflora
Cephalanthera damasonium,Cephalanthera damasonium
Cerastium fontanum,Cerastium fontanum s.str.
Ceratodon purpureus,Ceratodon purpureus
Chaerophyllum hirsutum ssp. villarsii,Chaerophyllum villarsii
Cirsium palustre,Cirsium palustre
Conocephalum conicum,Conocephalum conicum
Crateneuron commutatum var. commutatum,Palustriella commutata var. commutata
Crateneuron filicinum var. filicinum,Cratoneuron filicinum
Cratoneurcn filicinum var. fallax,Cratoneuron filicinum
Cratoneuron commutatum var. falcatum,Palustriella commutata var. falcata
Cratoneuron commutatum var. fluctuans,Palustriella commutata var. falcata
Cratoneuron decipiens,Palustriella decipiens
Cratoneuron filicinum var. curvicaule,Cratoneuron filicinum
Crepis aurea,Crepis aurea ssp. aurea
Cystopteris fragilis,Cystopteris fragilis s.str.
Dactylorhiza maculata,Dactylorhiza maculata s.lat.
Deschampsia cespitosa,Deschampsia cespitosa
Dichodontium pellucidum,Dichodontium pellucidum
Dicranella palustris,Dichodontium palustre
Dicranoweisia crispula,Dicranoweisia crispula
Dicranum fuscescens,Dicranum fuscescens
Dicranum scoparium,Dicranum scoparium
Diplophyllum taxifolium,Diplophyllum taxifolium
Distichum capilaceum,Distichium capillaceum
Ditrichum flexicaule,Ditrichum flexicaule
Ditrichum lineare,Ditrichum lineare
Ditrichum pusillum,Ditrichum pusillum
Doronicum austriacum,Doronicum austriacum
Drepanocladus exannulatus,Warnstorfia exannulata
Drepanocladus exannulatus var. rotae,Warnstorfia exannulata
Drepanocladus fluitans,Warnstorfia fluitans
Drepanocladus revolvens,Scorpidium revolvens
Drosera rotundifolia,Drosera rotundifolia
Dryopteris filix-mas,Dryopteris filix-mas s.str.
Eleocharis quinqueflora,Eleocharis quinqueflora
Epilobium alsinifolium,Epilobium alsinifolium
Epilobium anagallidifolium,Epilobium anagallidifolium
Epilobium nutans,Epilobium nutans
Equisetum palustre,Equisetum palustre
Equisetum sylvaticum,Equisetum sylvaticum
Equisetum variegatum,Equisetum variegatum
Eriophorum angustifolium,Eriophorum angustifolium
Eriophorum scheuchzeri,Eriophorum scheuchzeri
Euphrasia sp.,Euphrasia sp.
Festuca pulchella,Festuca pulchella s.lat.
Fissidens adianthoides,Fissidens adianthoides
Galium palustre ssp. palustre,Galium palustre ssp. palustre
Gentiana bavarica,Gentiana bavarica s.str.
Geum rivularis,Geum rivale
Grimmia sp.,Grimmia sp.
Harpanthus flotovianus,Harpanthus flotovianus
Hieracium sylvaticum,Hieracium murorum
Homalothecium nitens,Tomentypnum nitens
Homogyne alpina,Homogyne alpina
Hygrohypnum luridum,Hygrohypnum luridum
Hylocomium splendens,Hylocomium splendens
Hymenostylium recurvirostre,Hymenostylium recurvirostrum var. recurvirostrum
Hypnum lindbergii,Hypnum lindbergii
Juncus alpino-articulatus,Juncus alpinoarticulatus ssp. alpinoarticulatus
Juncus alpinus,Juncus alpinoarticulatus ssp. alpinoarticulatus
Juncus castaneus,Juncus castaneus
Juncus filiformis,Juncus filiformis
Juncus triglumis,Juncus triglumis ssp. triglumis
Jungermannia atrovirens,Jungermannia atrovirens
Jungermannia hyalina,Jungermannia hyalina
Jungermannia obovata,Jungermannia obovata
Jungermannia sp.,Jungermannia sp.
Kiaeria starkei,Kiaeria starkei
Kiaira starkei,Kiaeria starkei
Leicolea sp.,Leiocolea sp.
Leontodon heiveticus,Scorzoneroides helvetica
Leptogium lichenoides,Leptogium lichenoides var. lichenoides
Linum catharticum,Linum catharticum
Lophozia exisa,Lophozia excisa
Lophozia obtusa,Lophozia obtusa
Lophozia sp.,Lophozia sp.
Lophozia ventricosa,Lophozia ventricosa
Luzula alpino-pilosa,Luzula alpinopilosa s.str.
Lychnis flos-cuculi,Lychnis flos-cuculi
Marchantia polymorpha,Marchantia polymorpha s.lat.
Mnium hornum,Mnium hornum
Mnium marginatum,Mnium marginatum
Montia fontana ssp. variabilis,Montia fontana ssp. variabilis
Myosotis palustris,Myosotis palustris agg.
Myurella julacea,Myurella julacea
Nardus stricta,Nardus stricta
Oedogonium sp.,Oedogonium sp.
Oncophorus virens,Oncophorus virens
Parnassia palustris,Parnassia palustris
Pellia epiphylla,Pellia epiphylla
Peucedanum ostruthium,Peucedanum ostruthium
Philonotis calcarea,Philonotis calcarea
Philonotis fontana,Philonotis fontana
Philonotis seriata,Philonotis seriata
Pinguicula alpina,Pinguicula alpina
Pinguicula vulgaris,Pinguicula vulgaris
Plagiochila asplenioides,Plagiochila asplenioides
Plagiomnium undulatum,Plagiomnium undulatum
Plagiothecium ruthei,Plagiothecium ruthei
Poa alpina,Poa alpina
Polygonum viviparum,Persicaria vivipara
Polytrichum alpinum,Polytrichum alpinum
Polytrichum juniperinum,Polytrichum juniperinum
Potentilla erecta,Potentilla erecta
Potentilla repens,Potentilla reptans
Preissia quadrata,Preissia quadrata
Racomitrium aciculare,Racomitrium aciculare
Racomitrium aquaticum,Racomitrium aquaticum
Racomitrium heterostichum,Racomitrium »heterostichum« s.lat.
Ranunculus montanus,Ranunculus montanus s.str.
Rhizomnium magnifolium,Rhizomnium magnifolium
Rhynchostegium riparioides,Platyhypnidium riparioides
Rhytidiadelphus squarrosus,Rhytidiadelphus squarrosus
Salix hastata,Salix hastata ssp. hastata
Salix waldsteiniana,Salix waldsteiniana
Saxifraga aizoides,Saxifraga aizoides
Saxifraga rotundifolia,Saxifraga rotundifolia ssp. rotundifolia
Saxifraga stellaris,Saxifraga stellaris s.lat.
Saxifraga stellaris ssp. alpigena,Saxifraga stellaris ssp. robusta
Saxifraga stellaris ssp. prolifera,Saxifraga stellaris ssp. prolifera
Scapania undulata,Scapania undulata
Schistidium rivulare,Schistidium rivulare
Scorpidium scorpioides,Scorpidium scorpioides
Sedum villosum,Sedum villosum
Selaginella selaginoides,Selaginella selaginoides
Silene pusilla,Heliosperma pusillum ssp. pusillum
Solorina spongiosa,Solorina spongiosa
Sphagnum capillifolium,Sphagnum capillifolium
Sphagnum compactum,Sphagnum compactum
Sphagnum fuscum,Sphagnum fuscum
Sphagnum girgensohnii,Sphagnum girgensohnii
Sphagnum squarrosum,Sphagnum squarrosum
Stellaria allsine,Stellaria alsine
Stellaria alsine,Stellaria alsine
Swertia perennis,Swertia perennis
Taraxacum sp.,Taraxacum sp.
Tofieldia calyculata,Tofieldia calyculata
Tofieldia pusilla,Tofieldia pusilla
Tortella fragilis,Tortella fragilis
Tortella tortuosa,Tortella tortuosa
Trichophorum alpinum,Trichophorum alpinum
Trichophorum cespitosum,Trichophorum cespitosum ssp. cespitosum
Triglochin palustre,Triglochin palustre
Tussilago farfara,Tussilago farfara
Valeriana dioica,Valeriana dioica
Valeriana tripteris,Valeriana tripteris
Veronica beccabunga,Veronica beccabunga
Veronica montana,Veronica montana
Viola biflora,Viola biflora
Viola sp.,Viola sp.
