plot,abbr,layer,cover,voucher,comment,history
mhbu01,acer pseu,hl,r,,,
mhbu01,achi mill aggr,hl,+,,,
mhbu01,aego poda,hl,1,,,
mhbu01,agro capi,hl,2a,,,
mhbu01,alch spec ies,hl,+,,,
mhbu01,anth odor,hl,+,,,
mhbu01,arab hall,hl,2m,x,,
mhbu01,arrh elat,hl,3,,,
mhbu01,care pall,hl,r,,,
mhbu01,cent pseu,hl,2a,,,
mhbu01,clin vulg vulg,hl,+,,,
mhbu01,dact glom glom,hl,2a,,,
mhbu01,fest nigr cens,hl,2b,,,
mhbu01,fest prat prat,hl,1,,,
mhbu01,gali albu,hl,2a,,,
mhbu01,holc lana,hl,1,,,
mhbu01,homa pube pube,hl,2b,,,
mhbu01,hype macu,hl,1,,,
mhbu01,knau arve arve,hl,+,,,
mhbu01,lath prat prat,hl,+,,,
mhbu01,leuc ircu,hl,+,,,
mhbu01,phle prat,hl,+,,,
mhbu01,pimp majo majo,hl,+,,,
mhbu01,plan lanc,hl,+,,,
mhbu01,poa prat,hl,+,,,
mhbu01,poa triv,hl,+,,,
mhbu01,ranu acri acri,hl,+,,,
mhbu01,rume acet osa,hl,+,,,
mhbu01,stel gram,hl,2m,,,
mhbu01,trif medi medi,hl,1,,,
mhbu01,trif prat prat,hl,r,,,
mhbu01,trif repe repe,hl,+,,,
mhbu01,tris flav flav,hl,+,,,
mhbu01,vero cham cham,hl,1,,,
mhbu01,vici crac,hl,+,,,
mhbu01,vici sepi,hl,+,,,
mhbu02,acer pseu,hl,r,,,
mhbu02,achi mill aggr,hl,1,,,
mhbu02,aego poda,hl,2a,,,
mhbu02,agro capi,hl,3,,,
mhbu02,alch spec ies,hl,r,x,,
mhbu02,anth odor,hl,+,,,
mhbu02,arab hall,hl,2m,,,
mhbu02,arrh elat,hl,3,,,
mhbu02,camp rotu,hl,+,x,,
mhbu02,cent pseu,hl,2a,,,
mhbu02,chae aure,hl,+,,,
mhbu02,dact glom glom,hl,2a,,,
mhbu02,fest nigr cens,hl,2b,,,
mhbu02,fest prat prat,hl,1,,,
mhbu02,gali albu,hl,1,,,
mhbu02,holc lana,hl,1,,,
mhbu02,homa pube pube,hl,2a,,,
mhbu02,hype macu,hl,1,,,
mhbu02,knau arve arve,hl,+,,,
mhbu02,lath prat prat,hl,+,,,
mhbu02,leuc ircu,hl,+,,,
mhbu02,phle prat,hl,+,,,
mhbu02,pimp majo majo,hl,+,,,
mhbu02,plan lanc,hl,+,,,
mhbu02,poa prat,hl,1,,,
mhbu02,ranu acri acri,hl,+,,,
mhbu02,rume acet osa,hl,+,,,
mhbu02,stel gram,hl,1,,,
mhbu02,trif medi medi,hl,+,,,
mhbu02,trif prat prat,hl,+,,,
mhbu02,trif repe repe,hl,+,,,
mhbu02,vero cham cham,hl,2a,,,
mhbu02,vici crac,hl,1,,,
mhbu02,vici sepi,hl,1,,,
mhbu02,viol tric tric,hl,r,x,,
mhbu03,achi mill aggr,hl,+,,,
mhbu03,agro capi,hl,+,,,
mhbu03,ajug rept,hl,r,,,
mhbu03,anth odor,hl,1,,,
mhbu03,arrh elat,hl,1,,,
mhbu03,aven flex flex,hl,+,,,
mhbu03,briz medi,hl,+,,,
mhbu03,camp rotu,hl,1,,,
mhbu03,care cary,hl,1,,,
mhbu03,care pilu pilu,hl,r,,,
mhbu03,cent jace jace,hl,r,,,
mhbu03,dact glom glom,hl,+,,,
mhbu03,dant decu decu,hl,+,,,
mhbu03,fest nigr cens,hl,2a,,,
mhbu03,fest rubr rubr,hl,+,,,
mhbu03,frag vesc,hl,+,,,
mhbu03,gali albu,hl,+,,,
mhbu03,hier pilo ella,hl,+,,,
mhbu03,holc lana,hl,+,,,
mhbu03,hype perf,hl,+,,,
mhbu03,knau arve arve,hl,+,,,
mhbu03,leuc ircu,hl,1,,,
mhbu03,lotu corn,hl,+,,,
mhbu03,luzu luzu ides,hl,1,,,
mhbu03,luzu mult,hl,r,,,
mhbu03,moli caer,hl,+,,,
mhbu03,pimp majo majo,hl,+,,,
mhbu03,pimp saxi saxi,hl,+,,"cf., Fotobeleg",
mhbu03,plan lanc,hl,+,,,
mhbu03,popu trem,hl,1,,,
mhbu03,pote erec,hl,1,,,
mhbu03,rhin glac,hl,+,,,
mhbu03,rume acet osa,hl,r,,,
mhbu03,sile nuta nuta,hl,1,,,
mhbu03,thym pule pule,hl,4,,,
mhbu03,trif medi medi,hl,1,,,
mhbu03,trif repe repe,hl,+,,,
mhbu03,tris flav flav,hl,+,,,
mhbu03,vero cham cham,hl,+,,,
mhbu03,vici crac,hl,+,,,
mhbu03,viol cani slat,hl,+,,,
mhbu04,acer pseu,hl,r,,,
mhbu04,achi mill aggr,hl,+,,,
mhbu04,aego poda,hl,+,,,
mhbu04,agro capi,hl,2a,,,
mhbu04,ajug rept,hl,r,,,
mhbu04,alch spec ies,hl,1,,,
mhbu04,anth odor,hl,2b,,,
mhbu04,arab hall,hl,+,,,
mhbu04,arrh elat,hl,3,,,
mhbu04,briz medi,hl,1,,,
mhbu04,camp rotu,hl,r,,,
mhbu04,care cary,hl,+,,,
mhbu04,care pilu pilu,hl,+,,,
mhbu04,cent pseu,hl,1,,,
mhbu04,chae aure,hl,1,,,
mhbu04,clin vulg vulg,hl,2a,,,
mhbu04,cyno cris,hl,r,,,
mhbu04,dact glom glom,hl,+,,,
mhbu04,fest nigr cens,hl,2a,,,
mhbu04,fest prat prat,hl,+,,,
mhbu04,gali albu,hl,2a,,,
mhbu04,holc lana,hl,2b,,,
mhbu04,holc moll,hl,+,,,
mhbu04,homa pube pube,hl,1,,,
mhbu04,hype macu,hl,+,,,
mhbu04,hype perf,hl,1,,,
mhbu04,knau arve arve,hl,+,,,
mhbu04,lath prat prat,hl,+,,,
mhbu04,leuc ircu,hl,+,,,
mhbu04,lotu corn,hl,r,,,
mhbu04,pimp majo majo,hl,+,,,
mhbu04,pimp saxi saxi,hl,+,,"cf., Fotobeleg",
mhbu04,plan lanc,hl,+,,,
mhbu04,poa prat,hl,+,,,
mhbu04,pote erec,hl,1,,,
mhbu04,ranu acri acri,hl,+,,,
mhbu04,rume acet osa,hl,+,,,
mhbu04,sile nuta nuta,hl,r,,,
mhbu04,stel gram,hl,+,,,
mhbu04,thym pule pule,hl,2b,,,
mhbu04,trif medi medi,hl,+,,,
mhbu04,trif prat prat,hl,r,,,
mhbu04,trif repe repe,hl,1,,,
mhbu04,vero cham cham,hl,1,,,
mhbu04,vici crac,hl,+,,,
mhbu04,vici sepi,hl,+,,,
mhbu04,viol cani slat,hl,1,x,,
mhbu04,viol hirt,hl,r,,,
mhbu05,acer pseu,hl,r,,,
mhbu05,achi mill aggr,hl,+,,,
mhbu05,aego poda,hl,1,,,
mhbu05,agro capi,hl,2a,,,
mhbu05,alch spec ies,hl,+,x,,
mhbu05,anth odor,hl,2a,,,
mhbu05,arab hall,hl,+,,,
mhbu05,arrh elat,hl,2b,,,
mhbu05,briz medi,hl,2a,,,
mhbu05,camp rotu,hl,r,,,
mhbu05,care cary,hl,+,,,
mhbu05,care pilu pilu,hl,+,,,
mhbu05,cent pseu,hl,+,,,
mhbu05,clin vulg vulg,hl,1,,,
mhbu05,cyno cris,hl,+,,,
mhbu05,dact glom glom,hl,+,,,
mhbu05,fest nigr cens,hl,2b,,,
mhbu05,fest prat prat,hl,1,,,
mhbu05,frag vesc,hl,+,,,
mhbu05,gali albu,hl,2a,,,
mhbu05,holc lana,hl,2a,,,
mhbu05,holc moll,hl,+,,,
mhbu05,hype macu,hl,+,,,
mhbu05,hype perf,hl,+,,,
mhbu05,knau arve arve,hl,1,,,
mhbu05,lath prat prat,hl,+,,,
mhbu05,leuc ircu,hl,1,,,
mhbu05,lotu corn,hl,+,,,
mhbu05,luzu mult,hl,+,,,
mhbu05,pimp majo majo,hl,+,,,
mhbu05,pimp saxi saxi,hl,1,,"cf., Fotobeleg",
mhbu05,plan lanc,hl,+,,,
mhbu05,pote erec,hl,1,,,
mhbu05,ranu acri acri,hl,+,,,
mhbu05,rosa cani,hl,r,,,
mhbu05,rume acet osa,hl,+,,,
mhbu05,sile nuta nuta,hl,1,,,
mhbu05,stel gram,hl,2m,,,
mhbu05,thym pule pule,hl,3,,,
mhbu05,trif medi medi,hl,1,,,
mhbu05,trif repe repe,hl,1,,,
mhbu05,vero cham cham,hl,1,,,
mhbu05,vici crac,hl,+,,,
mhbu05,viol cani slat,hl,1,,,
mhbu05,viol hirt,hl,1,,,
mhbu06,acer pseu,hl,r,,,
mhbu06,achi mill aggr,hl,1,,,
mhbu06,agro capi,hl,2b,,,
mhbu06,alch spec ies,hl,1,,,
mhbu06,anth odor,hl,2a,,,
mhbu06,arab hall,hl,+,,,
mhbu06,arrh elat,hl,3,,,
mhbu06,briz medi,hl,2a,,,
mhbu06,care cary,hl,+,,,
mhbu06,cyno cris,hl,r,,,
mhbu06,dact glom glom,hl,r,,,
mhbu06,fest nigr cens,hl,2a,,,
mhbu06,fest prat prat,hl,+,,,
mhbu06,frax exce,hl,r,,,
mhbu06,gali albu,hl,1,,,
mhbu06,holc lana,hl,1,,,
mhbu06,hype macu,hl,+,,,
mhbu06,knau arve arve,hl,+,,,
mhbu06,leuc ircu,hl,+,,,
mhbu06,lotu corn,hl,r,,,
mhbu06,luzu mult,hl,+,,,
mhbu06,phle prat,hl,+,,,
mhbu06,pimp majo majo,hl,+,,,
mhbu06,pimp saxi saxi,hl,1,,"cf., Fotobeleg",
mhbu06,plan lanc,hl,+,,,
mhbu06,pote erec,hl,2b,,,
mhbu06,ranu acri acri,hl,+,,,
mhbu06,rosa cani,hl,r,,,
mhbu06,rume acet osa,hl,+,,,
mhbu06,sile nuta nuta,hl,+,,,
mhbu06,stel gram,hl,+,,,
mhbu06,thym pule pule,hl,2a,,,
mhbu06,trif prat prat,hl,+,,,
mhbu06,trif repe repe,hl,+,,,
mhbu06,vero cham cham,hl,+,,,
mhbu06,vici crac,hl,+,,,
mhbu06,viol cani slat,hl,1,,,
mhbu06,viol hirt,hl,2a,,,
mhbu07,acer pseu,hl,1,,,
mhbu07,agro capi,hl,2a,,,
mhbu07,ajug rept,hl,+,,,
mhbu07,anth odor,hl,+,,,
mhbu07,arab hall,hl,1,,,
mhbu07,arrh elat,hl,4,,,
mhbu07,dact glom glom,hl,2a,,,
mhbu07,fest nigr cens,hl,1,,,
mhbu07,gali albu,hl,3,,,
mhbu07,holc lana,hl,1,,,
mhbu07,hype macu,hl,+,,,
mhbu07,knau arve arve,hl,+,,,
mhbu07,lotu corn,hl,r,,,
mhbu07,phle prat,hl,+,,,
mhbu07,poa prat,hl,+,,,
mhbu07,pote erec,hl,+,,,
mhbu07,rume acet osa,hl,+,,,
mhbu07,thym pule pule,hl,r,,,
mhbu07,trif prat prat,hl,+,,,
mhbu07,urti dioi dioi,hl,+,,,
mhbu07,vero cham cham,hl,1,,,
mhbu07,vici crac,hl,+,,,
mhbu08,achi mill aggr,hl,+,,,
mhbu08,agro capi,hl,2a,,,
mhbu08,alch spec ies,hl,+,,,
mhbu08,anth odor,hl,2b,,,
mhbu08,arrh elat,hl,3,,,
mhbu08,briz medi,hl,2a,,,
mhbu08,camp rotu,hl,+,,,
mhbu08,care cary,hl,2a,,,
mhbu08,care pall,hl,+,,,
mhbu08,cyno cris,hl,r,,,
mhbu08,dact glom glom,hl,+,,,
mhbu08,fest nigr cens,hl,2a,,,
mhbu08,fest prat prat,hl,1,,,
mhbu08,frax exce,hl,+,,,
mhbu08,gali albu,hl,2a,,,
mhbu08,gali pumi,hl,r,,,
mhbu08,holc lana,hl,2a,,,
mhbu08,homa pube pube,hl,2a,,,
mhbu08,hype macu,hl,+,,,
mhbu08,knau arve arve,hl,+,,,
mhbu08,lath prat prat,hl,+,,,
mhbu08,lotu corn,hl,+,,,
mhbu08,luzu mult,hl,1,,,
mhbu08,pimp majo majo,hl,+,,,
mhbu08,plan lanc,hl,+,,,
mhbu08,pote erec,hl,2a,,,
mhbu08,ranu acri acri,hl,+,,,
mhbu08,ranu repe,hl,+,,,
mhbu08,rume acet osa,hl,+,,,
mhbu08,tara sect rude,hl,r,,,
mhbu08,thym pule pule,hl,2b,,,
mhbu08,trif prat prat,hl,+,,,
mhbu08,trif repe repe,hl,1,,,
mhbu08,tris flav flav,hl,1,,,
mhbu08,vero cham cham,hl,1,,,
mhbu08,vero offi,hl,1,,,
mhbu08,vici crac,hl,1,,,
mhbu08,vici sepi,hl,r,,,
mhbu09,acer pseu,hl,+,,,
mhbu09,achi mill aggr,hl,+,,,
mhbu09,aego poda,hl,2a,,,
mhbu09,agro capi,hl,2a,,,
mhbu09,ajug rept,hl,+,,,
mhbu09,anth odor,hl,1,,,
mhbu09,arab hall,hl,+,,,
mhbu09,arrh elat,hl,1,,,
mhbu09,briz medi,hl,1,,,
mhbu09,care cary,hl,+,,,
mhbu09,care hirt,hl,+,,,
mhbu09,care pall,hl,+,,,
mhbu09,care pani,hl,r,,,
mhbu09,care sylv,hl,+,,,
mhbu09,cent pseu,hl,2a,,,
mhbu09,chae aure,hl,3,,,
mhbu09,clin vulg vulg,hl,2a,,,
mhbu09,dact glom glom,hl,1,,,
mhbu09,equi arve,hl,+,,,
mhbu09,fest nigr cens,hl,2a,,,
mhbu09,fest prat prat,hl,+,,,
mhbu09,gale psis spec ies,hl,r,,,
mhbu09,gali albu,hl,2b,,,
mhbu09,holc lana,hl,1,,,
mhbu09,homa pube pube,hl,1,,,
mhbu09,hype macu,hl,r,,,
mhbu09,hype perf,hl,+,,,
mhbu09,knau arve arve,hl,+,,,
mhbu09,lath prat prat,hl,+,,,
mhbu09,leuc ircu,hl,+,,,
mhbu09,phle prat,hl,+,,,
mhbu09,pimp majo majo,hl,+,,,
mhbu09,plan lanc,hl,+,,,
mhbu09,pote erec,hl,+,,,
mhbu09,ranu acri acri,hl,+,,,
mhbu09,rume acet osa,hl,+,,,
mhbu09,stel gram,hl,1,,,
mhbu09,tris flav flav,hl,+,,,
mhbu09,vero cham cham,hl,1,,,
mhbu09,vici crac,hl,+,,,
mhbu10,achi mill aggr,hl,+,,,
mhbu10,aego poda,hl,1,,,
mhbu10,agro capi,hl,2a,,,
mhbu10,alch spec ies,hl,+,,,
mhbu10,anth odor,hl,1,,,
mhbu10,arab hall,hl,r,,,
mhbu10,arrh elat,hl,3,,,
mhbu10,briz medi,hl,1,,,
mhbu10,care cary,hl,2a,,,
mhbu10,care pall,hl,+,,,
mhbu10,care sylv,hl,r,,,
mhbu10,cent pseu,hl,+,,,
mhbu10,chae aure,hl,+,,,
mhbu10,clin vulg vulg,hl,2b,,,
mhbu10,dact glom glom,hl,+,,,
mhbu10,fest nigr cens,hl,2a,,,
mhbu10,fest prat prat,hl,1,,,
mhbu10,frag vesc,hl,1,,,
mhbu10,frax exce,hl,1,,,
mhbu10,gali albu,hl,2b,,,
mhbu10,holc lana,hl,2a,,,
mhbu10,holc moll,hl,+,,,
mhbu10,hype macu,hl,+,,,
mhbu10,knau arve arve,hl,+,,,
mhbu10,lath prat prat,hl,1,,,
mhbu10,leuc ircu,hl,+,,,
mhbu10,luzu mult,hl,+,,,
mhbu10,phle prat,hl,1,,,
mhbu10,plan lanc,hl,+,,,
mhbu10,poa prat,hl,r,,,
mhbu10,pote erec,hl,+,,,
mhbu10,ranu acri acri,hl,+,,,
mhbu10,rume acet osa,hl,+,,,
mhbu10,thym pule pule,hl,2a,,,
mhbu10,trif prat prat,hl,+,,,
mhbu10,trif repe repe,hl,1,,,
mhbu10,tris flav flav,hl,+,,,
mhbu10,vero cham cham,hl,1,,,
mhbu10,vici crac,hl,1,,,
mhbu10,vici sepi,hl,+,,,
mhbu10,viol hirt,hl,2a,,,
mhbu10,viol tric tric,hl,r,x,,
mhbu11,acer pseu,hl,+,,,
mhbu11,achi mill aggr,hl,+,,,
mhbu11,aego poda,hl,1,,,
mhbu11,agro capi,hl,2a,,,
mhbu11,alch spec ies,hl,+,,,
mhbu11,anth odor,hl,2a,,,
mhbu11,arab hall,hl,r,,,
mhbu11,arrh elat,hl,2b,,,
mhbu11,briz medi,hl,2a,,,
mhbu11,camp patu patu,hl,r,,,
mhbu11,care cary,hl,1,,,
mhbu11,care hirt,hl,+,,,
mhbu11,care lepo,hl,r,,,
mhbu11,care pall,hl,+,,,
mhbu11,care pani,hl,+,,,
mhbu11,care sylv,hl,1,,,
mhbu11,cirs palu,hl,r,,,
mhbu11,clin vulg vulg,hl,+,,,
mhbu11,dact glom glom,hl,+,,,
mhbu11,equi arve,hl,+,,,
mhbu11,fest nigr cens,hl,2b,,,
mhbu11,fest prat prat,hl,1,,,
mhbu11,frax exce,hl,1,,,
mhbu11,gali albu,hl,2b,,,
mhbu11,holc lana,hl,1,,,
mhbu11,holc moll,hl,+,,,
mhbu11,homa pube pube,hl,1,,,
mhbu11,hype macu,hl,+,,,
mhbu11,hype perf,hl,1,,,
mhbu11,lath prat prat,hl,+,,,
mhbu11,lotu corn,hl,+,,,
mhbu11,luzu mult,hl,+,,,
mhbu11,phle prat,hl,+,,,
mhbu11,poa prat,hl,+,,,
mhbu11,pote erec,hl,+,,,
mhbu11,prun vulg,hl,+,,,
mhbu11,ranu acri acri,hl,+,,,
mhbu11,ranu repe,hl,+,,,
mhbu11,rume acet ella,hl,+,,,
mhbu11,rume acet osa,hl,+,,,
mhbu11,thym pule pule,hl,2b,,,
mhbu11,trif prat prat,hl,+,,,
mhbu11,trif repe repe,hl,+,,,
mhbu11,tris flav flav,hl,+,,,
mhbu11,vero cham cham,hl,1,,,
mhbu11,vero offi,hl,+,,,
mhbu11,vici crac,hl,1,,,
mhbu11,viol cani slat,hl,r,,,
mhbu12,acer pseu,hl,1,,,
mhbu12,achi mill aggr,hl,+,,,
mhbu12,aego poda,hl,1,,,
mhbu12,agro capi,hl,2a,,,
mhbu12,alch spec ies,hl,+,,,
mhbu12,anth odor,hl,2a,,,
mhbu12,arab hall,hl,+,,,
mhbu12,arrh elat,hl,1,,,
mhbu12,briz medi,hl,+,,,
mhbu12,camp patu patu,hl,r,,,
mhbu12,care cary,hl,1,,,
mhbu12,care pall,hl,+,,,
mhbu12,cirs palu,hl,r,,,
mhbu12,cory avel,hl,+,,,
mhbu12,dact glom glom,hl,+,,,
mhbu12,fest nigr cens,hl,2b,,,
mhbu12,fest prat prat,hl,+,,,
mhbu12,frag vesc,hl,+,,,
mhbu12,frax exce,hl,+,,,
mhbu12,gali albu,hl,2a,,,
mhbu12,holc lana,hl,1,,,
mhbu12,holc moll,hl,+,,,
mhbu12,hypo radi,hl,r,,,
mhbu12,leuc ircu,hl,r,,,
mhbu12,luzu mult,hl,1,,,
mhbu12,phle prat,hl,+,,,
mhbu12,plan lanc,hl,+,,,
mhbu12,poa prat,hl,r,,,
mhbu12,pote erec,hl,1,,,
mhbu12,ranu acri acri,hl,r,,,
mhbu12,rume acet osa,hl,+,,,
mhbu12,stel gram,hl,+,,,
mhbu12,thym pule pule,hl,4,,,
mhbu12,trif prat prat,hl,+,,,
mhbu12,trif repe repe,hl,+,,,
mhbu12,vero cham cham,hl,1,,,
mhbu12,vero offi,hl,1,,,
mhbu12,vici crac,hl,+,,,
mhbu12,viol tric tric,hl,r,,,
mhbu13,acer pseu,hl,+,,,
mhbu13,achi mill aggr,hl,+,,,
mhbu13,agro capi,hl,2b,,,
mhbu13,alch spec ies,hl,+,,,
mhbu13,anth odor,hl,2a,,,
mhbu13,arrh elat,hl,3,,,
mhbu13,care cary,hl,1,,,
mhbu13,care pall,hl,+,,,
mhbu13,dact glom glom,hl,r,,,
mhbu13,fest nigr cens,hl,2b,,,
mhbu13,fest prat prat,hl,+,,,
mhbu13,frag vesc,hl,+,,,
mhbu13,frax exce,hl,+,,,
mhbu13,gali albu,hl,2b,,,
mhbu13,holc lana,hl,+,,,
mhbu13,holc moll,hl,1,x,,
mhbu13,hype macu,hl,+,,,
mhbu13,lotu corn,hl,+,,,
mhbu13,luzu mult,hl,1,,,
mhbu13,phle prat,hl,1,,,
mhbu13,phyt beto,hl,r,,,
mhbu13,plan lanc,hl,+,,,
mhbu13,poa prat,hl,+,,,
mhbu13,pote erec,hl,1,,,
mhbu13,ranu acri acri,hl,+,,,
mhbu13,ranu repe,hl,1,,,
mhbu13,thym pule pule,hl,3,,,
mhbu13,trif medi medi,hl,+,,,
mhbu13,trif repe repe,hl,1,,,
mhbu13,tris flav flav,hl,+,,,
mhbu13,urti dioi dioi,hl,r,,,
mhbu13,vero cham cham,hl,1,,,
mhbu13,vero offi,hl,+,,,
mhbu13,vici crac,hl,+,,,
mhbu14,acer pseu,hl,1,,,
mhbu14,achi mill aggr,hl,+,,,
mhbu14,agro capi,hl,2a,,,
mhbu14,alch spec ies,hl,1,,,
mhbu14,arab hall,hl,+,,,
mhbu14,arrh elat,hl,2a,,,
mhbu14,briz medi,hl,+,,,
mhbu14,cent pseu,hl,2b,,,
mhbu14,chae aure,hl,2b,,,
mhbu14,clin vulg vulg,hl,1,,,
mhbu14,cruc laev,hl,1,,,
mhbu14,dact glom glom,hl,2a,,,
mhbu14,elyt repe,hl,r,,,
mhbu14,fest nigr cens,hl,1,,,
mhbu14,fest prat prat,hl,1,,,
mhbu14,frag vesc,hl,+,,,
mhbu14,frax exce,hl,+,,,
mhbu14,gale psis spec ies,hl,1,,,
mhbu14,gali albu,hl,2a,,,
mhbu14,holc lana,hl,1,,,
mhbu14,holc moll,hl,+,,,
mhbu14,hype macu,hl,+,,,
mhbu14,knau arve arve,hl,1,,,
mhbu14,lami macu,hl,+,,,
mhbu14,lath prat prat,hl,+,,,
mhbu14,phle prat,hl,4,,,
mhbu14,poa prat,hl,+,,,
mhbu14,poa triv,hl,1,,,
mhbu14,ranu acri acri,hl,+,,,
mhbu14,rume acet osa,hl,+,,,
mhbu14,stel gram,hl,+,,,
mhbu14,trif medi medi,hl,+,,,
mhbu14,urti dioi dioi,hl,+,,,
mhbu14,vero cham cham,hl,+,,,
mhbu14,vici crac,hl,1,,,
mhbu14,vici sepi,hl,+,,,
mhbu14,viol tric tric,hl,+,,,
mhbu15,achi mill aggr,hl,+,,,
mhbu15,aego poda,hl,1,,,
mhbu15,agro capi,hl,2b,,,
mhbu15,alch spec ies,hl,+,,,
mhbu15,anth odor,hl,2a,,,
mhbu15,arab hall,hl,2m,,,
mhbu15,arrh elat,hl,2b,,,
mhbu15,briz medi,hl,2a,,,
mhbu15,camp patu patu,hl,r,,,
mhbu15,care cary,hl,+,,,
mhbu15,care pall,hl,+,,,
mhbu15,care pilu pilu,hl,+,,,
mhbu15,cent pseu,hl,2b,,,
mhbu15,clin vulg vulg,hl,2a,,,
mhbu15,dact glom glom,hl,1,,,
mhbu15,fest nigr cens,hl,2a,,,
mhbu15,fest prat prat,hl,+,,,
mhbu15,gali albu,hl,2b,,,
mhbu15,holc lana,hl,2a,,,
mhbu15,holc moll,hl,+,,,
mhbu15,homa pube pube,hl,2a,,,
mhbu15,hype macu,hl,1,,,
mhbu15,knau arve arve,hl,+,,,
mhbu15,lath prat prat,hl,+,,,
mhbu15,leuc ircu,hl,+,,,
mhbu15,luzu mult,hl,1,x,det!,
mhbu15,pimp majo majo,hl,1,,,
mhbu15,plan lanc,hl,+,,,
mhbu15,poa prat,hl,+,,,
mhbu15,pote erec,hl,+,,,
mhbu15,ranu acri acri,hl,1,,,
mhbu15,rume acet osa,hl,+,,,
mhbu15,sile dioi,hl,r,,,
mhbu15,stel gram,hl,+,,,
mhbu15,thym pule pule,hl,2b,,,
mhbu15,trif prat prat,hl,+,,,
mhbu15,trif repe repe,hl,1,,,
mhbu15,tris flav flav,hl,1,,,
mhbu15,vero cham cham,hl,+,,,
mhbu15,vici crac,hl,+,,,
mhbu15,vici sepi,hl,+,,,
mhbu15,viol hirt,hl,+,,,
mhbu16,acer pseu,hl,+,,,
mhbu16,achi mill aggr,hl,+,,,
mhbu16,agro capi,hl,1,,,
mhbu16,ajug rept,hl,+,,,
mhbu16,anth odor,hl,2a,,,
mhbu16,arrh elat,hl,+,,,
mhbu16,betu pend,hl,+,,,
mhbu16,briz medi,hl,+,,,
mhbu16,camp rotu,hl,+,,,
mhbu16,care cary,hl,1,,,
mhbu16,care pilu pilu,hl,r,,,
mhbu16,dant decu decu,hl,+,,,
mhbu16,fest nigr cens,hl,2a,,,
mhbu16,fest rubr rubr,hl,+,,,
mhbu16,frag vesc,hl,1,,,
mhbu16,gali albu,hl,+,,,
mhbu16,holc lana,hl,+,,,
mhbu16,holc moll,hl,+,,,
mhbu16,hype perf,hl,+,,,
mhbu16,knau arve arve,hl,r,,,
mhbu16,lath prat prat,hl,r,,,
mhbu16,leuc ircu,hl,+,,,
mhbu16,lotu corn,hl,+,,,
mhbu16,luzu luzu ides,hl,1,,,
mhbu16,luzu mult,hl,1,,,
mhbu16,phyt beto,hl,+,,,
mhbu16,pimp saxi saxi,hl,1,,"cf., Fotobeleg",
mhbu16,poly vulg vulg,hl,+,,,
mhbu16,popu trem,hl,2a,,,
mhbu16,pote erec,hl,3,,,
mhbu16,ranu acri acri,hl,r,,,
mhbu16,sile nuta nuta,hl,1,,,
mhbu16,thym pule pule,hl,3,,,
mhbu16,trif medi medi,hl,+,,,
mhbu16,trif repe repe,hl,+,,,
mhbu16,vero offi,hl,1,,,
mhbu16,vici crac,hl,+,,,
mhbu16,viol cani slat,hl,+,,,
mhbu16,viol hirt,hl,+,,,
mhbu17,acer pseu,hl,r,,,
mhbu17,betu pend,hl,r,,,
mhbu17,betu pend,tl2,2b,,,
mhbu17,cory avel,hl,r,,,
mhbu17,cory avel,sl,1,,,
mhbu17,fagu sylv,hl,r,,,
mhbu17,fagu sylv,tl2,2a,,,
mhbu17,frax exce,hl,+,,,
mhbu17,luzu luzu ides,hl,+,,,
mhbu17,mela sylv,hl,r,,,
mhbu17,pice abie,hl,r,,,
mhbu17,pice abie,sl,1,,,
mhbu17,pice abie,tl1,2b,,,
mhbu17,pice abie,tl2,4,,,
mhbu17,popu trem,hl,+,,,
mhbu17,popu trem,tl2,1,,,
mhbu17,prun aviu slat,hl,r,,,
mhbu17,prun aviu slat,tl2,r,,,
mhbu17,sene ovat ovat,hl,r,,,
mhbu17,soli virg virg,hl,r,,,
mhbu17,sorb aucu aucu,hl,r,,,
mhbu17,vacc myrt,hl,+,,,
mhbu18,acer pseu,hl,+,,,
mhbu18,acta spic,hl,r,,,
mhbu18,ajug rept,hl,+,,,
mhbu18,ange sylv sylv,hl,+,,,
mhbu18,athy fili,hl,+,,,
mhbu18,brac sylv,hl,+,,,
mhbu18,camp trac,hl,r,,,
mhbu18,card impa,hl,1,,,
mhbu18,desc cesp,hl,r,,,
mhbu18,dryo borr,hl,+,,,
mhbu18,dryo dila,hl,+,,,
mhbu18,dryo fili,hl,+,,,
mhbu18,frag vesc,hl,+,,,
mhbu18,frax exce,hl,+,,,
mhbu18,gale mont,hl,+,,,
mhbu18,gali odor,hl,+,,,
mhbu18,gali rotu,hl,r,,,
mhbu18,gera robe,hl,1,,,
mhbu18,hier muro,hl,r,,,
mhbu18,lact mura,hl,1,,,
mhbu18,myos arve arve,hl,+,,,
mhbu18,oxal acet,hl,3,,,
mhbu18,pari quad,hl,r,,,
mhbu18,peta albu,hl,1,,,
mhbu18,pice abie,hl,+,,,
mhbu18,pice abie,tl1,4,,,
mhbu18,pice abie,tl2,2b,,,
mhbu18,poly vert,hl,+,,,
mhbu18,pote erec,hl,r,,,
mhbu18,ranu acri acri,hl,+,,,
mhbu18,rubu idae,hl,r,,,
mhbu18,rubu sect rubu,hl,+,,,
mhbu18,samb nigr,hl,1,,,
mhbu18,sene ovat ovat,hl,+,,,
mhbu18,sola dulc,hl,r,,,
mhbu18,sorb aucu aucu,hl,+,,,
mhbu18,thel limb,hl,+,,,
mhbu18,viol cani slat,hl,+,,,
mhbu19,acer pseu,hl,+,,,
mhbu19,ajug rept,hl,+,,,
mhbu19,athy fili,hl,+,,,
mhbu19,care pilu pilu,hl,r,,,
mhbu19,cirs palu,hl,r,,,
mhbu19,dryo dila,hl,+,,,
mhbu19,dryo fili,hl,+,,,
mhbu19,fagu sylv,hl,r,,,
mhbu19,fest nigr cens,hl,r,,,
mhbu19,frag vesc,hl,+,,,
mhbu19,fran alnu,hl,r,,,
mhbu19,frax exce,hl,+,,,
mhbu19,gali odor,hl,+,,,
mhbu19,gali rotu,hl,+,,,
mhbu19,hier muro,hl,r,,,
mhbu19,hupe sela,hl,r,,,
mhbu19,lact mura,hl,+,,,
mhbu19,luzu luzu ides,hl,+,,,
mhbu19,oxal acet,hl,1,,,
mhbu19,peta albu,hl,+,,,
mhbu19,pice abie,tl1,4,,,
mhbu19,pice abie,tl2,2b,,,
mhbu19,ranu acri acri,hl,r,,,
mhbu19,rubu sect rubu,hl,+,,,
mhbu19,salv glut,hl,r,,,
mhbu19,sene ovat ovat,hl,+,,,
mhbu19,sile vulg vulg,hl,r,,,
mhbu19,soli virg virg,hl,+,,,
mhbu19,vero cham cham,hl,r,,,
mhbu19,vero offi,hl,+,,,
mhbu19,viol reic,hl,r,,,
mhbu20,acer pseu,hl,+,,,
mhbu20,card impa,hl,r,,,
mhbu20,care pilu pilu,hl,r,,,
mhbu20,clin vulg vulg,hl,r,,,
mhbu20,frax exce,hl,r,,,
mhbu20,lact mura,hl,r,,,
mhbu20,leuc ircu,hl,r,,,
mhbu20,luzu luzu ides,hl,+,,,
mhbu20,pice abie,tl1,2b,,,
mhbu20,pice abie,tl2,5,,,
mhbu20,rubu sect rubu,hl,r,,,
mhbu20,sorb aucu aucu,hl,r,,,
mhbu20,vero offi,hl,r,,,
mhbu21,acer pseu,hl,r,,,
mhbu21,acer pseu,tl1,1,,,
mhbu21,acta spic,hl,+,,,
mhbu21,aego poda,hl,2b,,,
mhbu21,camp trac,hl,+,,,
mhbu21,card impa,hl,+,,,
mhbu21,care briz,hl,r,,,
mhbu21,care poly,hl,r,,,
mhbu21,cory avel,sl,5,,,
mhbu21,dryo fili,hl,+,,,
mhbu21,fagu sylv,sl,+,,,
mhbu21,frax exce,hl,r,,,
mhbu21,frax exce,tl1,2b,,,
mhbu21,frax exce,tl2,1,,,
mhbu21,gale mont,hl,3,,,
mhbu21,gale pube pube,hl,1,,,
mhbu21,gali odor,hl,+,,,
mhbu21,gera robe,hl,1,,,
mhbu21,geum urba,hl,+,,,
mhbu21,holc moll,hl,+,,,
mhbu21,lact mura,hl,+,,,
mhbu21,lami macu,hl,2a,,,
mhbu21,laps comm comm,hl,+,,,
mhbu21,luzu luzu ides,hl,+,,,
mhbu21,maia bifo,hl,r,,,
mhbu21,myos sylv,hl,+,,,
mhbu21,oxal acet,hl,+,,,
mhbu21,pari quad,hl,+,,,
mhbu21,poa nemo,hl,1,,,
mhbu21,poly vert,hl,+,,,
mhbu21,popu trem,tl1,1,,,
mhbu21,popu trem,tl2,3,,,
mhbu21,prun aviu slat,hl,r,,,
mhbu21,prun aviu slat,tl2,2a,,,
mhbu21,pulm offi,hl,1,,,
mhbu21,rubu idae,hl,r,,,
mhbu21,salv glut,hl,r,,,
mhbu21,samb nigr,hl,+,,,
mhbu21,sene nemo slat,hl,+,,,
mhbu21,sene ovat ovat,hl,+,,,
mhbu21,sile dioi,hl,+,,,
mhbu21,sorb aucu aucu,hl,r,,,
mhbu21,urti dioi dioi,hl,+,,,
mhbu21,vero cham cham,hl,r,,,
mhbu21,vero mont,hl,+,,,
mhbu21,viol reic,hl,+,,,
mhbu21,viol rivi,hl,r,,,
mhbu22,acer pseu,hl,r,,,
mhbu22,acta spic,hl,r,,,
mhbu22,ajug rept,hl,+,,,
mhbu22,athy fili,hl,+,,,
mhbu22,aven flex flex,hl,r,,,
mhbu22,camp rotu,hl,r,,,
mhbu22,care pilu pilu,hl,r,,,
mhbu22,care sylv,hl,r,,,
mhbu22,cirs palu,hl,r,,,
mhbu22,clin vulg vulg,hl,+,,,
mhbu22,cory avel,hl,r,,,
mhbu22,desc cesp,hl,r,,,
mhbu22,dryo borr,hl,+,,,
mhbu22,dryo dila,hl,+,,,
mhbu22,frax exce,hl,1,,,
mhbu22,frax exce,tl2,+,,,
mhbu22,geum urba,hl,r,,,
mhbu22,hier muro,hl,1,,,
mhbu22,homo alpi,hl,+,,,
mhbu22,lact mura,hl,1,,,
mhbu22,leuc ircu,hl,r,,,
mhbu22,moeh trin,hl,r,,,
mhbu22,pice abie,tl1,4,,,
mhbu22,pice abie,tl2,3,,,
mhbu22,poa nemo,hl,+,,,
mhbu22,rubu sect rubu,hl,+,,,
mhbu22,salv glut,hl,r,,,
mhbu22,sene nemo slat,hl,+,,,
mhbu22,sene ovat ovat,hl,1,,,
mhbu22,sola dulc,hl,r,,,
mhbu22,soli virg virg,hl,+,,,
mhbu22,sorb aucu aucu,hl,r,,,
mhbu22,ulmu glab,hl,r,,,
mhbu22,vero offi,hl,r,,,
mhbu22,viol reic,hl,r,,,
mhbu23,acer pseu,hl,+,,,
mhbu23,acer pseu,tl1,1,,,
mhbu23,care pilu pilu,hl,r,,,
mhbu23,care sylv,hl,r,,,
mhbu23,clin vulg vulg,hl,+,,,
mhbu23,cory avel,hl,r,,,
mhbu23,cory avel,sl,1,,,
mhbu23,dryo dila,hl,+,,,
mhbu23,dryo fili,hl,+,,,
mhbu23,frag vesc,hl,r,,,
mhbu23,frax exce,hl,1,,,
mhbu23,frax exce,tl2,1,,,
mhbu23,gale pube pube,hl,r,,,
mhbu23,lact mura,hl,1,,,
mhbu23,lami macu,hl,r,,,
mhbu23,moeh trin,hl,r,,,
mhbu23,oxal acet,hl,+,,,
mhbu23,pari quad,hl,r,,,
mhbu23,pice abie,tl1,4,,,
mhbu23,pice abie,tl2,2b,,,
mhbu23,poly vert,hl,r,,,
mhbu23,pulm offi,hl,r,,,
mhbu23,sene nemo slat,hl,r,,,
mhbu23,sene ovat ovat,hl,+,,,
mhbu23,vacc myrt,hl,r,,,
mhbu23,viol reic,hl,+,,,
mhbu24,acer pseu,hl,r,,,
mhbu24,acer pseu,tl1,2b,,,
mhbu24,acer pseu,tl2,2a,,,
mhbu24,agro stol,hl,+,,,
mhbu24,ajug rept,hl,2a,,,
mhbu24,alnu inca,hl,r,,,
mhbu24,alnu inca,tl1,1,,,
mhbu24,athy fili,hl,1,,,
mhbu24,card amar aust,hl,1,,,
mhbu24,card flex,hl,r,,,
mhbu24,cirs oler,hl,1,,,
mhbu24,cirs palu,hl,r,,,
mhbu24,cory avel,hl,+,,,
mhbu24,cory avel,sl,+,,,
mhbu24,desc cesp,hl,3,,,
mhbu24,dryo borr,hl,r,,,
mhbu24,dryo dila,hl,+,,,
mhbu24,dryo fili,hl,1,,,
mhbu24,epip hell slat,hl,r,,,
mhbu24,equi arve,hl,+,,,
mhbu24,eupa cann,hl,1,,,
mhbu24,frax exce,hl,+,,,
mhbu24,frax exce,tl1,2a,,,
mhbu24,frax exce,tl2,2a,,,
mhbu24,gale pube pube,hl,r,,,
mhbu24,junc effu,hl,r,,,
mhbu24,lact mura,hl,+,,,
mhbu24,lysi nemo,hl,2a,,,
mhbu24,ment long,hl,+,,,
mhbu24,merc pere,hl,r,,,
mhbu24,oxal acet,hl,+,,,
mhbu24,pari quad,hl,+,,,
mhbu24,peta albu,hl,1,,,
mhbu24,pice abie,sl,1,,,
mhbu24,pice abie,tl2,1,,,
mhbu24,poly acul,hl,+,,,
mhbu24,pote erec,hl,r,,,
mhbu24,pulm offi,hl,+,,,
mhbu24,ranu repe,hl,1,,,
mhbu24,rubu idae,hl,r,,,
mhbu24,rubu sect rubu,hl,r,,,
mhbu24,salv glut,hl,+,,,
mhbu24,samb nigr,sl,r,,,
mhbu24,sene nemo slat,hl,+,,,
mhbu24,sene ovat ovat,hl,+,,,
mhbu24,sola dulc,hl,r,,,
mhbu24,urti dioi dioi,hl,+,,,
mhbu24,vale dioi dioi,hl,1,,,
mhbu24,vero mont,hl,+,,,
mhbu24,viol rivi,hl,+,,,
mhbu25,acer pseu,hl,r,,,
mhbu25,acer pseu,sl,+,,,
mhbu25,acer pseu,tl1,1,,,
mhbu25,acer pseu,tl2,2a,,,
mhbu25,aego poda,hl,+,,,
mhbu25,arab hall,hl,r,,,
mhbu25,athy fili,hl,+,,,
mhbu25,camp rapu rapu,hl,+,,,
mhbu25,camp trac,hl,1,,,
mhbu25,card impa,hl,+,,,
mhbu25,care briz,hl,+,,,
mhbu25,cory avel,hl,r,,,
mhbu25,cory avel,sl,3,,,
mhbu25,dact glom glom,hl,+,,,
mhbu25,dryo fili,hl,+,,,
mhbu25,fagu sylv,hl,r,,,
mhbu25,fagu sylv,tl2,1,,,
mhbu25,frax exce,hl,+,,,
mhbu25,frax exce,sl,+,,,
mhbu25,frax exce,tl1,4,,,
mhbu25,frax exce,tl2,2b,,,
mhbu25,gale mont,hl,2b,,,
mhbu25,gale pube pube,hl,+,,,
mhbu25,gali odor,hl,+,,,
mhbu25,gera robe,hl,1,,,
mhbu25,impa noli,hl,+,,,
mhbu25,impa parv,hl,+,,,
mhbu25,lact mura,hl,1,,,
mhbu25,lami macu,hl,1,,,
mhbu25,luzu luzu ides,hl,+,,,
mhbu25,merc pere,hl,3,,,
mhbu25,oxal acet,hl,2a,,,
mhbu25,pari quad,hl,+,,,
mhbu25,poa nemo,hl,+,,,
mhbu25,poly mult,hl,+,,,
mhbu25,poly vert,hl,+,,,
mhbu25,prim elat,hl,1,,,
mhbu25,prun aviu slat,hl,r,,,
mhbu25,prun aviu slat,sl,r,,,
mhbu25,prun aviu slat,tl1,+,,,
mhbu25,prun aviu slat,tl2,+,,,
mhbu25,pulm offi,hl,1,,,
mhbu25,salv glut,hl,1,,,
mhbu25,samb nigr,hl,+,,,
mhbu25,samb nigr,sl,r,,,
mhbu25,sene nemo slat,hl,+,,,
mhbu25,sene ovat ovat,hl,+,,,
mhbu25,sile dioi,hl,+,,,
mhbu25,urti dioi dioi,hl,+,,,
mhbu25,vero mont,hl,+,,,
mhbu25,viol rivi,hl,+,,,
mhbu26,acer pseu,hl,+,,,
mhbu26,acer pseu,tl2,1,,,
mhbu26,acta spic,hl,r,,,
mhbu26,aego poda,hl,r,,,
mhbu26,cory avel,hl,r,,,
mhbu26,dryo fili,hl,+,,,
mhbu26,fagu sylv,hl,+,,,
mhbu26,fagu sylv,tl1,5,,,
mhbu26,fagu sylv,tl2,2a,,,
mhbu26,frax exce,hl,2a,,,
mhbu26,frax exce,tl1,1,,,
mhbu26,frax exce,tl2,2a,,,
mhbu26,gale mont,hl,1,,,
mhbu26,gali odor,hl,2a,,,
mhbu26,geum urba,hl,r,,,
mhbu26,luzu luzu ides,hl,1,,,
mhbu26,merc pere,hl,+,,,
mhbu26,oxal acet,hl,+,,,
mhbu26,pari quad,hl,r,,,
mhbu26,pice abie,hl,r,,,
mhbu26,poa nemo,hl,r,,,
mhbu26,pulm offi,hl,r,,,
mhbu26,rubu sect rubu,hl,r,,,
mhbu26,salv glut,hl,r,,,
mhbu26,sorb aucu aucu,hl,r,,,
mhbu26,viol reic,hl,r,,,
mhbu27,acer pseu,hl,1,,,
mhbu27,acer pseu,tl1,2a,,,
mhbu27,agro capi,hl,+,,,
mhbu27,alnu inca,hl,+,,,
mhbu27,alnu inca,sl,1,,,
mhbu27,alnu inca,tl1,1,,,
mhbu27,alnu inca,tl2,4,,,
mhbu27,anth sylv,hl,+,,,
mhbu27,athy fili,hl,1,,,
mhbu27,card amar aust,hl,+,,,
mhbu27,care hirt,hl,+,,,
mhbu27,care sylv,hl,+,,,
mhbu27,chae aure,hl,+,,,
mhbu27,cirs palu,hl,+,,,
mhbu27,cory avel,hl,+,,,
mhbu27,cory avel,sl,3,,,
mhbu27,crat mono,sl,+,,,
mhbu27,dact glom glom,hl,1,,,
mhbu27,desc cesp,hl,2b,,,
mhbu27,epil mont,hl,r,,,
mhbu27,fagu sylv,hl,r,,,
mhbu27,fagu sylv,sl,r,,,
mhbu27,frag vesc,hl,+,,,
mhbu27,frax exce,hl,r,,,
mhbu27,frax exce,tl1,1,,,
mhbu27,frax exce,tl2,1,,,
mhbu27,gale mont,hl,1,,,
mhbu27,gale pube pube,hl,+,,,
mhbu27,gali apar,hl,+,,,
mhbu27,gali odor,hl,+,,,
mhbu27,gera robe,hl,1,,,
mhbu27,geum urba,hl,+,,,
mhbu27,glec hede,hl,+,,,
mhbu27,holc moll,hl,+,,,
mhbu27,impa parv,hl,+,,,
mhbu27,jugl regi,sl,1,,,
mhbu27,junc effu,hl,1,,,
mhbu27,lami macu,hl,1,,,
mhbu27,laps comm comm,hl,1,,,
mhbu27,lysi nemo,hl,2b,,,
mhbu27,ment long,hl,+,,,
mhbu27,myos scor scor,hl,+,,,
mhbu27,pice abie,tl2,1,,,
mhbu27,poa triv,hl,1,,,
mhbu27,prun aviu slat,hl,r,,,
mhbu27,prun aviu slat,tl1,2a,,,
mhbu27,prun padu padu,hl,1,,,
mhbu27,prun padu padu,sl,1,,,
mhbu27,ranu repe,hl,+,,,
mhbu27,rham cath,sl,r,,,
mhbu27,rosa cani,sl,r,,,
mhbu27,rosa cory,sl,r,,,
mhbu27,rubu idae,hl,1,,,
mhbu27,rubu sect rubu,hl,1,,,
mhbu27,rume acet osa,hl,r,,,
mhbu27,rume obtu slat,hl,r,,,
mhbu27,samb nigr,hl,+,,,
mhbu27,samb nigr,sl,1,,,
mhbu27,sene ovat ovat,hl,2a,,,
mhbu27,sorb aucu aucu,hl,r,,,
mhbu27,tara sect rude,hl,+,,,
mhbu27,urti dioi dioi,hl,1,,,
mhbu27,viol rivi,hl,+,,,
mhbu28,acer pseu,hl,+,,,
mhbu28,athy fili,hl,+,,,
mhbu28,care pilu pilu,hl,r,,,
mhbu28,cory avel,hl,+,,,
mhbu28,fagu sylv,hl,2a,,,
mhbu28,fagu sylv,tl1,5,,,
mhbu28,fagu sylv,tl2,2b,,,
mhbu28,frax exce,hl,+,,,
mhbu28,gale mont,hl,+,,,
mhbu28,gali odor,hl,2a,,,
mhbu28,lact mura,hl,+,,,
mhbu28,luzu luzu ides,hl,+,,,
mhbu28,pice abie,hl,r,,,
mhbu28,pice abie,tl1,1,,,
mhbu28,pice abie,tl2,+,,,
mhbu29,acer pseu,hl,+,,,
mhbu29,acta spic,hl,1,,,
mhbu29,aego poda,hl,+,,,
mhbu29,athy fili,hl,1,,,
mhbu29,camp trac,hl,+,,,
mhbu29,card impa,hl,+,,,
mhbu29,care pilu pilu,hl,r,,,
mhbu29,cory avel,hl,r,,,
mhbu29,cory avel,sl,2b,,,
mhbu29,desc cesp,hl,+,,,
mhbu29,dryo dila,hl,r,,,
mhbu29,dryo fili,hl,+,,,
mhbu29,fagu sylv,hl,r,,,
mhbu29,fagu sylv,sl,+,,,
mhbu29,fagu sylv,tl1,2b,,,
mhbu29,fagu sylv,tl2,2a,,,
mhbu29,frax exce,hl,1,,,
mhbu29,frax exce,tl1,3,,,
mhbu29,frax exce,tl2,1,,,
mhbu29,gale mont,hl,2b,,,
mhbu29,gale pube pube,hl,r,,,
mhbu29,gali odor,hl,+,,,
mhbu29,gera robe,hl,2a,,,
mhbu29,lact mura,hl,+,,,
mhbu29,luzu luzu ides,hl,+,,,
mhbu29,lysi nemo,hl,1,,,
mhbu29,maia bifo,hl,r,,,
mhbu29,merc pere,hl,3,,,
mhbu29,moeh trin,hl,+,,,
mhbu29,oxal acet,hl,2a,,,
mhbu29,pari quad,hl,+,,,
mhbu29,pice abie,sl,+,,,
mhbu29,pice abie,tl1,2a,,,
mhbu29,pice abie,tl2,1,,,
mhbu29,poa nemo,hl,r,,,
mhbu29,poly lonc,hl,+,,,
mhbu29,poly vert,hl,+,,,
mhbu29,popu trem,hl,r,,,
mhbu29,popu trem,tl1,1,,,
mhbu29,pulm offi,hl,1,,,
mhbu29,ranu repe,hl,+,,,
mhbu29,rubu idae,hl,+,,,
mhbu29,rubu sect rubu,hl,1,,,
mhbu29,salv glut,hl,1,,,
mhbu29,samb nigr,hl,r,,,
mhbu29,samb nigr,sl,+,,,
mhbu29,sene ovat ovat,hl,+,,,
mhbu29,soli virg virg,hl,+,,,
mhbu29,sorb aucu aucu,hl,r,,,
mhbu29,ulmu glab,hl,r,,,
mhbu29,ulmu glab,sl,+,,,
mhbu29,viol rivi,hl,r,,,
mhbu30,acer pseu,hl,r,,,
mhbu30,betu pend,hl,r,,,
mhbu30,betu pend,tl2,1,,,
mhbu30,fagu sylv,sl,1,,,
mhbu30,fagu sylv,tl2,3,,,
mhbu30,frax exce,hl,r,,,
mhbu30,pice abie,tl2,4,,,
mhbu30,popu trem,hl,+,,,
mhbu30,popu trem,tl2,1,,,
mhbu30,pren purp,hl,r,,,
mhbu30,soli virg virg,hl,r,,,
mhbu31,acer pseu,hl,+,,,
mhbu31,acer pseu,tl2,2b,,,
mhbu31,acta spic,hl,+,,,
mhbu31,athy fili,hl,1,,,
mhbu31,care digi,hl,+,,,
mhbu31,cory avel,hl,r,,,
mhbu31,cory avel,sl,1,,,
mhbu31,dryo cart,hl,+,,,
mhbu31,dryo dila,hl,+,,,
mhbu31,dryo fili,hl,+,,,
mhbu31,fagu sylv,hl,+,,,
mhbu31,frax exce,hl,+,,,
mhbu31,gale mont,hl,1,,,
mhbu31,gale psis spec ies,hl,+,,,
mhbu31,gymn robe,hl,r,,,
mhbu31,lact mura,hl,1,,,
mhbu31,luzu luzu ides,hl,1,,,
mhbu31,maia bifo,hl,r,,,
mhbu31,oxal acet,hl,3,,,
mhbu31,pari quad,hl,+,,,
mhbu31,pice abie,tl1,5,,,
mhbu31,pice abie,tl2,2a,,,
mhbu31,poly mult,hl,+,,,
mhbu31,pren purp,hl,+,,,
mhbu31,rubu idae,hl,+,,,
mhbu31,rubu sect rubu,hl,+,,,
mhbu31,salv glut,hl,+,,,
mhbu31,samb nigr,hl,r,,,
mhbu31,samb nigr,sl,r,,,
mhbu31,sene nemo slat,hl,1,,,
mhbu31,sene ovat ovat,hl,+,,,
mhbu31,soli virg virg,hl,1,,,
mhbu31,sorb aucu aucu,hl,+,,,
mhbu31,viol reic,hl,+,,,
mhbu32,acer pseu,hl,r,,,
mhbu32,achi mill aggr,hl,+,,,
mhbu32,agro capi,hl,2b,,,
mhbu32,ange sylv sylv,hl,+,,,
mhbu32,anth odor,hl,1,,,
mhbu32,athy fili,hl,1,,,
mhbu32,betu pend,sl,1,,,
mhbu32,cala vari,hl,1,,,
mhbu32,camp rotu,hl,1,,,
mhbu32,camp trac,hl,+,,,
mhbu32,care pall,hl,+,,,
mhbu32,care pilu pilu,hl,+,,,
mhbu32,cirs palu,hl,+,,,
mhbu32,clin vulg vulg,hl,1,,,
mhbu32,cory avel,sl,2a,,,
mhbu32,dact glom glom,hl,2a,,,
mhbu32,desc cesp,hl,2b,,,
mhbu32,dryo cart,hl,+,,,
mhbu32,dryo fili,hl,+,,,
mhbu32,epil mont,hl,r,,,
mhbu32,fest nigr cens,hl,+,,,
mhbu32,fili ulma,hl,r,,,
mhbu32,frag vesc,hl,+,,,
mhbu32,fran alnu,hl,r,,,
mhbu32,frax exce,hl,r,,,
mhbu32,frax exce,sl,+,,,
mhbu32,gale pube pube,hl,+,,,
mhbu32,gali albu,hl,+,,,
mhbu32,gera robe,hl,+,,,
mhbu32,holc lana,hl,1,,,
mhbu32,hype macu,hl,r,,,
mhbu32,hype perf,hl,+,,,
mhbu32,hypo radi,hl,r,,,
mhbu32,junc effu,hl,+,,,
mhbu32,laps comm comm,hl,+,,,
mhbu32,lath prat prat,hl,+,,,
mhbu32,lotu corn,hl,+,,,
mhbu32,luzu luzu ides,hl,+,,,
mhbu32,luzu mult,hl,+,,,
mhbu32,lyco euro euro,hl,r,,,
mhbu32,ment long,hl,+,,,
mhbu32,peta albu,hl,+,,,
mhbu32,phle prat,hl,+,,,
mhbu32,pice abie,hl,+,,,
mhbu32,popu trem,hl,r,,,
mhbu32,popu trem,sl,+,,,
mhbu32,pote erec,hl,+,,,
mhbu32,rosa cani,hl,r,,,
mhbu32,rubu idae,hl,3,,,
mhbu32,rubu sect rubu,hl,2a,,,
mhbu32,sali capr,sl,+,,,
mhbu32,salv glut,hl,+,,,
mhbu32,samb race,hl,+,,,
mhbu32,samb race,sl,1,,,
mhbu32,sene nemo slat,hl,+,,,
mhbu32,sene ovat ovat,hl,+,,,
mhbu32,soli virg virg,hl,+,,,
mhbu32,sorb aucu aucu,hl,r,,,
mhbu32,sorb aucu aucu,sl,1,,,
mhbu32,stel gram,hl,1,,,
mhbu32,thym pule pule,hl,r,,,
mhbu32,trif medi medi,hl,+,,,
mhbu32,tuss farf,hl,+,,,
mhbu32,vero cham cham,hl,+,,,
mhbu32,vero offi,hl,+,,,
mhbu32,vici crac,hl,+,,,
mhbu33,agro capi,hl,2b,,,
mhbu33,alnu inca,sl,r,,,
mhbu33,ange sylv sylv,hl,+,,,
mhbu33,arte vulg,hl,+,,,
mhbu33,betu pend,sl,1,,,
mhbu33,cala vari,hl,+,,,
mhbu33,camp rotu,hl,+,,,
mhbu33,care pilu pilu,hl,+,,,
mhbu33,cirs arve,hl,1,,,
mhbu33,cirs palu,hl,1,,,
mhbu33,cirs vulg,hl,+,,,
mhbu33,clin vulg vulg,hl,+,,,
mhbu33,cory avel,hl,+,,,
mhbu33,cory avel,sl,2a,,,
mhbu33,crep bien,hl,r,,,
mhbu33,dact glom glom,hl,1,,,
mhbu33,desc cesp,hl,2a,,,
mhbu33,dryo fili,hl,+,,,
mhbu33,epil angu,hl,r,,,
mhbu33,epil mont,hl,+,,,
mhbu33,equi arve,hl,r,,,
mhbu33,eupa cann,hl,+,,,
mhbu33,frag vesc,hl,+,,,
mhbu33,gali albu,hl,1,,,
mhbu33,gera robe,hl,+,,,
mhbu33,holc lana,hl,1,,,
mhbu33,holc moll,hl,+,,,
mhbu33,hypo radi,hl,r,,,
mhbu33,junc effu,hl,+,,,
mhbu33,lami macu,hl,+,,,
mhbu33,leuc ircu,hl,+,,,
mhbu33,lotu corn,hl,+,,,
mhbu33,lysi nemo,hl,+,,,
mhbu33,lysi vulg,hl,r,,,
mhbu33,ment arve,hl,r,,,
mhbu33,ment long,hl,2a,,,
mhbu33,myos scor scor,hl,+,,,
mhbu33,pari quad,hl,r,,,
mhbu33,peta albu,hl,+,,,
mhbu33,pote erec,hl,+,,,
mhbu33,pulm offi,hl,+,,,
mhbu33,ranu repe,hl,+,,,
mhbu33,rubu idae,hl,3,,,
mhbu33,rubu sect rubu,hl,2b,,,
mhbu33,sali capr,hl,+,,,
mhbu33,sali capr,sl,+,,,
mhbu33,salv glut,hl,+,,,
mhbu33,samb race,sl,1,,,
mhbu33,sene ovat ovat,hl,2a,,,
mhbu33,sile vulg vulg,hl,+,,,
mhbu33,sola dulc,hl,+,,,
mhbu33,soli virg virg,hl,1,,,
mhbu33,sorb aucu aucu,hl,+,,,
mhbu33,sorb aucu aucu,sl,1,,,
mhbu33,stel gram,hl,1,,,
mhbu33,trif medi medi,hl,+,,,
mhbu33,trif prat prat,hl,+,,,
mhbu33,tuss farf,hl,+,,,
mhbu33,urti dioi dioi,hl,+,,,
mhbu33,vero cham cham,hl,+,,,
mhbu33,vero offi,hl,+,,,
mhbu34,acer pseu,hl,1,,,
mhbu34,acer pseu,tl1,2b,,,
mhbu34,acer pseu,tl2,1,,,
mhbu34,aego poda,hl,1,,,
mhbu34,ajug rept,hl,1,,,
mhbu34,alnu inca,hl,r,,,
mhbu34,alnu inca,tl2,2b,,,
mhbu34,athy fili,hl,+,,,
mhbu34,brac sylv,hl,1,,,
mhbu34,camp trac,hl,+,,,
mhbu34,card impa,hl,+,,,
mhbu34,care briz,hl,+,,,
mhbu34,cory avel,hl,+,,,
mhbu34,cory avel,sl,4,,,
mhbu34,crat mono,hl,r,,,
mhbu34,crat mono,sl,r,,,
mhbu34,desc cesp,hl,+,,,
mhbu34,dryo fili,hl,+,,,
mhbu34,fagu sylv,hl,r,,,
mhbu34,fagu sylv,sl,+,,,
mhbu34,frax exce,hl,+,,,
mhbu34,frax exce,sl,r,,,
mhbu34,gale mont,hl,2b,,,
mhbu34,gale pube pube,hl,+,,,
mhbu34,gera robe,hl,+,,,
mhbu34,impa noli,hl,+,,,
mhbu34,lact mura,hl,+,,,
mhbu34,lami macu,hl,1,,,
mhbu34,lysi nemo,hl,+,,,
mhbu34,myos scor scor,hl,r,,,
mhbu34,oxal acet,hl,2a,,,
mhbu34,pari quad,hl,r,,,
mhbu34,peta albu,hl,1,,,
mhbu34,poa nemo,hl,+,,,
mhbu34,poly vert,hl,+,,,
mhbu34,prun padu padu,hl,+,,,
mhbu34,prun padu padu,sl,2b,,,
mhbu34,prun padu padu,tl2,2a,,,
mhbu34,pter aqui,hl,1,,,
mhbu34,pulm offi,hl,2a,,,
mhbu34,rubu idae,hl,+,,,
mhbu34,rubu sect rubu,hl,1,,,
mhbu34,samb nigr,hl,+,,,
mhbu34,samb nigr,sl,1,,,
mhbu34,sene nemo slat,hl,+,,,
mhbu34,sene ovat ovat,hl,+,,,
mhbu34,sile dioi,hl,+,,,
mhbu34,sorb aucu aucu,hl,r,,,
mhbu34,ulmu glab,hl,+,,,
mhbu34,urti dioi dioi,hl,+,,,
mhbu34,vero cham cham,hl,+,,,
mhbu34,viol reic,hl,+,,,
mhbu34,viol rivi,hl,+,,,
mhbu35,acer pseu,hl,1,,,
mhbu35,alnu inca,hl,1,,,
mhbu35,athy fili,hl,+,,,
mhbu35,brac sylv,hl,+,,,
mhbu35,card amar aust,hl,2a,,,
mhbu35,cirs oler,hl,+,,,
mhbu35,desc cesp,hl,1,,,
mhbu35,epil rose,hl,r,,,
mhbu35,equi arve,hl,+,,,
mhbu35,eupa cann,hl,2a,,,
mhbu35,fili ulma,hl,2a,,,
mhbu35,frax exce,hl,+,,,
mhbu35,gera robe,hl,+,,,
mhbu35,junc effu,hl,2b,,,
mhbu35,lami macu,hl,1,,,
mhbu35,lyco euro euro,hl,+,,,
mhbu35,lysi nemo,hl,1,,,
mhbu35,ment arve,hl,1,,,
mhbu35,myos scor scor,hl,1,,,
mhbu35,poa triv,hl,1,,,
mhbu35,prun padu padu,hl,1,,,
mhbu35,pulm offi,hl,+,,,
mhbu35,ranu repe,hl,1,,,
mhbu35,rubu idae,hl,1,,,
mhbu35,rubu sect rubu,hl,2a,,,
mhbu35,rume obtu slat,hl,+,,,
mhbu35,sene ovat ovat,hl,r,,,
mhbu35,sola dulc,hl,+,,,
mhbu35,ulmu glab,hl,1,,,
mhbu35,urti dioi dioi,hl,1,,,
mhbu35,vero cham cham,hl,+,,,
mhbu36,acer pseu,hl,r,,,
mhbu36,acer pseu,sl,+,,,
mhbu36,alnu inca,hl,r,,,
mhbu36,alnu inca,sl,1,,,
mhbu36,alnu inca,tl2,3,,,
mhbu36,athy fili,hl,1,,,
mhbu36,calt palu,hl,1,,,
mhbu36,card amar aust,hl,+,,,
mhbu36,care briz,hl,2a,,,
mhbu36,cirs oler,hl,+,,,
mhbu36,cory avel,sl,+,,,
mhbu36,desc cesp,hl,2b,,,
mhbu36,epil cili cili,hl,r,,,
mhbu36,equi arve,hl,+,,,
mhbu36,eupa cann,hl,+,,,
mhbu36,fili ulma,hl,3,,,
mhbu36,frax exce,hl,r,,,
mhbu36,frax exce,sl,+,,,
mhbu36,frax exce,tl2,2a,,,
mhbu36,gale mont,hl,+,,,
mhbu36,gali palu palu,hl,+,,,
mhbu36,gera robe,hl,+,,,
mhbu36,geum riva,hl,+,,,
mhbu36,glec hede,hl,+,,,
mhbu36,junc effu,hl,2a,,,
mhbu36,lyco euro euro,hl,+,,,
mhbu36,lysi nemo,hl,2m,,,
mhbu36,lysi vulg,hl,1,,,
mhbu36,ment long,hl,1,,,
mhbu36,myos scor scor,hl,1,,,
mhbu36,pice abie,tl2,+,,,
mhbu36,poa triv,hl,1,,,
mhbu36,prun aviu slat,tl2,1,,,
mhbu36,prun padu padu,hl,+,,,
mhbu36,prun padu padu,sl,3,,,
mhbu36,rosa cani,sl,r,,,
mhbu36,rubu idae,hl,+,,,
mhbu36,rubu sect rubu,hl,1,,,
mhbu36,samb nigr,hl,1,,,
mhbu36,samb nigr,sl,2a,,,
mhbu36,sola dulc,hl,1,,,
mhbu36,sorb aucu aucu,hl,r,,,
mhbu36,sorb aucu aucu,sl,r,,,
mhbu36,tara sect rude,hl,r,,,
mhbu36,ulmu glab,hl,r,,,
mhbu36,ulmu glab,sl,+,,,
mhbu36,vale dioi dioi,hl,1,,,
mhbu37,acer pseu,hl,+,,,
mhbu37,acer pseu,sl,r,,,
mhbu37,acer pseu,tl2,3,,,
mhbu37,aego poda,hl,+,,,
mhbu37,ajug rept,hl,+,,,
mhbu37,alnu inca,hl,+,,,
mhbu37,alnu inca,sl,2b,,,
mhbu37,athy fili,hl,1,,,
mhbu37,brac sylv,hl,+,,,
mhbu37,cala vari,hl,r,,,
mhbu37,calt palu,hl,+,,,
mhbu37,camp trac,hl,+,,,
mhbu37,card amar aust,hl,1,,,
mhbu37,card flex,hl,r,,,
mhbu37,cirs oler,hl,+,,,
mhbu37,cory avel,hl,+,,,
mhbu37,cory avel,sl,3,,,
mhbu37,crat mono,tl2,+,,,
mhbu37,dact glom glom,hl,1,,,
mhbu37,desc cesp,hl,2a,,,
mhbu37,dryo dila,hl,r,,,
mhbu37,dryo fili,hl,r,,,
mhbu37,fest giga,hl,+,,,
mhbu37,fili ulma,hl,2a,,,
mhbu37,frax exce,hl,r,,,
mhbu37,frax exce,tl2,2a,,,
mhbu37,gale pube pube,hl,+,,,
mhbu37,gali apar,hl,2a,,,
mhbu37,gera robe,hl,+,,,
mhbu37,glec hede,hl,+,,,
mhbu37,holc moll,hl,r,,,
mhbu37,impa noli,hl,+,,,
mhbu37,lami macu,hl,1,,,
mhbu37,lysi nemo,hl,1,,,
mhbu37,ment long,hl,+,,,
mhbu37,myos scor scor,hl,+,,,
mhbu37,oxal acet,hl,+,,,
mhbu37,peta albu,hl,1,,,
mhbu37,poa triv,hl,1,,,
mhbu37,poly acul,hl,r,,,
mhbu37,prun padu padu,hl,+,,,
mhbu37,prun padu padu,sl,2b,,,
mhbu37,prun padu padu,tl2,+,,,
mhbu37,ranu repe,hl,+,,,
mhbu37,rubu idae,hl,1,,,
mhbu37,rubu sect rubu,hl,1,,,
mhbu37,samb nigr,hl,1,,,
mhbu37,samb nigr,sl,2b,,,
mhbu37,sene ovat ovat,hl,+,,,
mhbu37,sola dulc,hl,1,,,
mhbu37,sorb aucu aucu,sl,r,,,
mhbu37,ulmu glab,hl,r,,,
mhbu37,ulmu glab,sl,+,,,
mhbu37,urti dioi dioi,hl,+,,,
mhbu37,vale dioi dioi,hl,+,,,
mhbu38,brac sylv,hl,+,,,
mhbu38,care briz,hl,1,,,
mhbu38,care flac,hl,+,,,
mhbu38,care hirt,hl,+,,,
mhbu38,cirs oler,hl,+,,,
mhbu38,cirs palu,hl,+,,,
mhbu38,dact glom glom,hl,+,,,
mhbu38,desc cesp,hl,1,,,
mhbu38,equi arve,hl,+,,,
mhbu38,eupa cann,hl,+,,,
mhbu38,fili ulma,hl,4,,,
mhbu38,frax exce,hl,r,,,
mhbu38,gali apar,hl,+,,,
mhbu38,gali ulig,hl,+,,,
mhbu38,junc effu,hl,1,,,
mhbu38,lysi vulg,hl,2a,,,
mhbu38,ment long,hl,2b,,,
mhbu38,moli caer,hl,+,,,
mhbu38,myos scor scor,hl,+,,,
mhbu38,poa triv,hl,1,,,
mhbu38,scir sylv,hl,2b,,,
mhbu38,sola dulc,hl,+,,,
mhbu39,acer pseu,hl,r,,,
mhbu39,agro capi,hl,1,,,
mhbu39,ange sylv sylv,hl,r,,,
mhbu39,astr glyc,hl,r,,,
mhbu39,brac sylv,hl,1,,,
mhbu39,cala vari,hl,+,,,
mhbu39,camp rotu,hl,+,,,
mhbu39,camp trac,hl,r,,,
mhbu39,care cary,hl,+,,,
mhbu39,care flac,hl,+,,,
mhbu39,care pall,hl,+,,,
mhbu39,care pilu pilu,hl,+,,,
mhbu39,care sylv,hl,+,,,
mhbu39,cent jace jace,hl,+,,,
mhbu39,cirs arve,hl,+,,,
mhbu39,cirs oler,hl,+,,,
mhbu39,cirs palu,hl,+,,,
mhbu39,clin vulg vulg,hl,+,,,
mhbu39,cory avel,hl,r,,,
mhbu39,crep bien,hl,r,,,
mhbu39,dact glom glom,hl,+,,,
mhbu39,desc cesp,hl,+,,,
mhbu39,dryo borr,hl,r,,,
mhbu39,dryo fili,hl,+,,,
mhbu39,epil angu,hl,+,,,
mhbu39,eupa cann,hl,+,,,
mhbu39,fagu sylv,hl,r,,,
mhbu39,fest nigr cens,hl,+,,,
mhbu39,fran alnu,hl,r,,,
mhbu39,frax exce,hl,r,,,
mhbu39,gali albu,hl,1,,,
mhbu39,gera robe,hl,+,,,
mhbu39,gnap sylv,hl,+,,,
mhbu39,hier muro,hl,r,,,
mhbu39,hier pilo ella,hl,r,,,
mhbu39,holc lana,hl,+,,,
mhbu39,holc moll,hl,+,,,
mhbu39,hype perf,hl,+,,,
mhbu39,lact mura,hl,2a,,,
mhbu39,lath prat prat,hl,+,,,
mhbu39,leuc ircu,hl,+,,,
mhbu39,lotu corn,hl,+,,,
mhbu39,lysi nemo,hl,+,,,
mhbu39,meli nuta,hl,r,,,
mhbu39,oxal acet,hl,+,,,
mhbu39,pari quad,hl,r,,,
mhbu39,peta albu,hl,1,,,
mhbu39,phle prat,hl,+,,,
mhbu39,pice abie,hl,r,,,
mhbu39,pice abie,tl1,5,,,
mhbu39,poa nemo,hl,+,,,
mhbu39,poly vert,hl,+,,,
mhbu39,pote erec,hl,+,,,
mhbu39,pren purp,hl,+,,,
mhbu39,quer robu,hl,r,,,
mhbu39,ranu acri acri,hl,+,,,
mhbu39,salv glut,hl,+,,,
mhbu39,samb nigr,sl,1,,,
mhbu39,sene nemo slat,hl,+,,,
mhbu39,sene ovat ovat,hl,1,,,
mhbu39,sile vulg vulg,hl,+,,,
mhbu39,tara sect rude,hl,+,,,
mhbu39,trif medi medi,hl,r,,,
mhbu39,trif prat prat,hl,+,,,
mhbu39,vero cham cham,hl,+,,,
mhbu39,vero offi,hl,+,,,
mhbu39,viol hirt,hl,r,,,
mhbu40,acer pseu,hl,+,,,
mhbu40,acer pseu,tl2,2a,,,
mhbu40,ajug rept,hl,+,,,
mhbu40,alnu inca,hl,+,,,
mhbu40,alnu inca,sl,1,,,
mhbu40,alnu inca,tl2,2b,,,
mhbu40,athy fili,hl,1,,,
mhbu40,brac sylv,hl,+,,,
mhbu40,calt palu,hl,+,,,
mhbu40,card amar aust,hl,r,,,
mhbu40,cirs oler,hl,2a,,,
mhbu40,cory avel,sl,+,,,
mhbu40,desc cesp,hl,2b,,,
mhbu40,dryo dila,hl,+,,,
mhbu40,dryo fili,hl,+,,,
mhbu40,elym cani,hl,+,,,
mhbu40,epil mont,hl,r,,,
mhbu40,equi arve,hl,+,,,
mhbu40,eupa cann,hl,+,,,
mhbu40,fili ulma,hl,+,,,
mhbu40,fran alnu,hl,r,,,
mhbu40,fran alnu,sl,+,,,
mhbu40,frax exce,hl,r,,,
mhbu40,gali odor,hl,+,,,
mhbu40,gali palu palu,hl,+,,,
mhbu40,gera robe,hl,+,,,
mhbu40,impa noli,hl,+,,,
mhbu40,junc effu,hl,+,,,
mhbu40,lysi nemo,hl,2a,,,
mhbu40,lysi vulg,hl,2b,,,
mhbu40,myos scor scor,hl,1,,,
mhbu40,oxal acet,hl,+,,,
mhbu40,pari quad,hl,+,,,
mhbu40,pice abie,sl,1,,,
mhbu40,pice abie,tl1,2b,,,
mhbu40,pice abie,tl2,2b,,,
mhbu40,poa triv,hl,+,,,
mhbu40,prun padu padu,hl,+,,,
mhbu40,prun padu padu,sl,+,,,
mhbu40,pulm offi,hl,+,,,
mhbu40,ranu repe,hl,+,,,
mhbu40,rubu idae,hl,+,,,
mhbu40,rubu sect rubu,hl,1,,,
mhbu40,samb nigr,hl,+,,,
mhbu40,samb nigr,sl,2a,,,
mhbu40,sene nemo slat,hl,+,,,
mhbu40,sene ovat ovat,hl,+,,,
mhbu40,sola dulc,hl,+,,,
mhbu40,sorb aucu aucu,sl,r,,,
mhbu40,ulmu glab,hl,r,,,
mhbu40,ulmu glab,sl,r,,,
mhbu40,vale dioi dioi,hl,2a,,,
mhbu41,agro capi,hl,1,,,
mhbu41,anth odor,hl,+,,,
mhbu41,athy fili,hl,+,,,
mhbu41,brac sylv,hl,1,,,
mhbu41,camp rotu,hl,+,,,
mhbu41,camp trac,hl,+,,,
mhbu41,card pers pers,hl,r,,,
mhbu41,care flac,hl,+,,,
mhbu41,care pall,hl,+,,,
mhbu41,care pilu pilu,hl,r,,,
mhbu41,cirs arve,hl,+,,,
mhbu41,cirs oler,hl,+,,,
mhbu41,cory avel,hl,+,,,
mhbu41,dant decu decu,hl,+,,,
mhbu41,desc cesp,hl,1,,,
mhbu41,dryo dila,hl,+,,,
mhbu41,dryo fili,hl,+,,,
mhbu41,equi arve,hl,+,,,
mhbu41,eupa cann,hl,+,,,
mhbu41,fest nigr cens,hl,+,,,
mhbu41,fest rubr rubr,hl,+,,,
mhbu41,frag vesc,hl,+,,,
mhbu41,frax exce,hl,+,,,
mhbu41,gale pube pube,hl,+,,,
mhbu41,gali albu,hl,+,,,
mhbu41,gali rotu,hl,+,,,
mhbu41,gera robe,hl,+,,,
mhbu41,hier muro,hl,+,,,
mhbu41,hier pilo ella,hl,r,,,
mhbu41,holc lana,hl,+,,,
mhbu41,hype perf,hl,+,,,
mhbu41,lact mura,hl,1,,,
mhbu41,leuc ircu,hl,+,,,
mhbu41,lotu corn,hl,+,,,
mhbu41,lysi nemo,hl,2a,,,
mhbu41,meli nuta,hl,r,,,
mhbu41,oxal acet,hl,3,,,
mhbu41,peta albu,hl,1,,,
mhbu41,pice abie,hl,r,,,
mhbu41,pice abie,tl1,4,,,
mhbu41,pice abie,tl2,2b,,,
mhbu41,prun vulg,hl,+,,,
mhbu41,rubu idae,hl,+,,,
mhbu41,rubu sect rubu,hl,+,,,
mhbu41,salv glut,hl,+,,,
mhbu41,samb nigr,hl,r,,,
mhbu41,sene nemo slat,hl,+,,,
mhbu41,sene ovat ovat,hl,2b,,,
mhbu41,sola dulc,hl,+,,,
mhbu41,soli virg virg,hl,+,,,
mhbu41,sorb aucu aucu,hl,r,,,
mhbu41,tara sect rude,hl,+,,,
mhbu41,thel limb,hl,+,,,
mhbu41,trif prat prat,hl,+,,,
mhbu41,tuss farf,hl,+,,,
mhbu41,viol hirt,hl,1,,,
mhbu41,viol reic,hl,+,,,
mhbu41,viol rivi,hl,r,,,
mhbu42,acer pseu,sl,1,,,
mhbu42,acer pseu,tl1,3,,,
mhbu42,acer pseu,tl2,2a,,,
mhbu42,aego poda,hl,+,,,
mhbu42,care alba,hl,r,,,
mhbu42,cory avel,sl,1,,,
mhbu42,dryo borr,hl,r,,,
mhbu42,dryo cart,hl,+,,,
mhbu42,dryo dila,hl,+,,,
mhbu42,dryo fili,hl,+,,,
mhbu42,frax exce,tl1,2a,,,
mhbu42,gale mont,hl,2a,,,
mhbu42,gera robe,hl,+,,,
mhbu42,lami macu,hl,+,,,
mhbu42,luna redi,hl,1,,,
mhbu42,matt stru,hl,2b,,,
mhbu42,meli nuta,hl,r,,,
mhbu42,merc pere,hl,+,,,
mhbu42,pari quad,hl,r,,,
mhbu42,peta albu,hl,+,,,
mhbu42,phal arun,hl,r,,,
mhbu42,pice abie,tl1,2a,,,
mhbu42,pice abie,tl2,1,,,
mhbu42,prun padu padu,sl,3,,,
mhbu42,rubu idae,hl,2b,,,
mhbu42,rubu sect rubu,hl,3,,,
mhbu42,samb nigr,sl,2b,,,
mhbu42,stac sylv,hl,+,,,
mhbu42,urti dioi dioi,hl,1,,,
mhbu42,viol reic,hl,r,,,
