plot,abbr,layer,cover,voucher,comment,history
imm01,achi mill aggr,hl,1,,,
imm01,agro capi,hl,1,,,
imm01,anth odor,hl,+,,,
imm01,arrh elat,hl,1,,,
imm01,beto offi offi,hl,r,,,
imm01,briz medi,hl,r,,,
imm01,brom erec,hl,2a,,,
imm01,brom hord hord,hl,+,,,
imm01,brom iner,hl,+,,,
imm01,cent jace jace,hl,1,,,
imm01,cent scab scab,hl,r,,,
imm01,cent stoe stoe,hl,+,,,
imm01,cich inty,hl,r,,,
imm01,dact glom glom,hl,+,,,
imm01,dauc caro caro,hl,+,,,
imm01,dian cart cart,hl,+,,,
imm01,drab vern,hl,r,,,
imm01,echi vulg,hl,+,,,
imm01,erig annu slat,hl,r,,,
imm01,fest arun slat,hl,1,,,
imm01,fest prat prat,hl,+,,,
imm01,fest rubr rubr,hl,1,,,
imm01,fest stri trac,hl,1,,,
imm01,gali albu,hl,2a,,,
imm01,gali pome,hl,r,,,
imm01,gali veru,hl,r,,,
imm01,holc lana,hl,2a,,,
imm01,homa pube pube,hl,2a,,,
imm01,hype perf,hl,1,,,
imm01,knau arve arve,hl,+,,,
imm01,koel macr,hl,+,,,
imm01,lath prat prat,hl,+,,,
imm01,leon hisp hisp,hl,1,,,
imm01,leuc ircu,hl,r,,,
imm01,lotu corn,hl,1,,,
imm01,medi falc,hl,+,,,
imm01,medi lupu,hl,1,,,
imm01,medi sati,hl,+,,,
imm01,orig vulg,hl,1,,,
imm01,petr saxi,hl,r,,,
imm01,pimp saxi saxi,hl,+,,,
imm01,plan lanc,hl,2a,,,
imm01,poa angu,hl,1,,,
imm01,poa prat,hl,1,,,
imm01,pote anse anse,hl,r,,,
imm01,pote rect,hl,r,,,
imm01,pote rept,hl,2m,,,
imm01,ranu acri acri,hl,+,,,
imm01,ranu bulb,hl,+,,,
imm01,ranu nemo,hl,+,,cf. Ranunculus serpens ssp. polyanthemophyllus,
imm01,rhin alec alec,hl,2b,,,
imm01,rhin sero,hl,2a,,,
imm01,sang mino mino,hl,1,,,
imm01,scab colu,hl,r,,,
imm01,secu vari,hl,2a,,,
imm01,sile nuta nuta,hl,r,,,
imm01,sile vulg vulg,hl,+,,,
imm01,tana vulg,hl,+,,,
imm01,tara sect rude,hl,+,,,
imm01,thym pule pule,hl,2b,,,
imm01,trif camp,hl,+,,,
imm01,trif prat prat,hl,1,,,
imm01,tris flav flav,hl,+,,,
imm01,vale locu,hl,r,,,
imm01,verb lych,hl,r,,,
imm01,vero cham cham,hl,+,,,
imm01,vici angu angu,hl,+,,,
imm01,vici crac,hl,r,,,
imm01,vulp myur,hl,r,,,
imm02,achi mill aggr,hl,2a,,,
imm02,anth odor,hl,1,,,
imm02,arrh elat,hl,3,,,
imm02,brom hord hord,hl,+,,,
imm02,brom iner,hl,2a,,,
imm02,cent jace jace,hl,1,,,
imm02,cich inty,hl,r,,,
imm02,conv arve,hl,+,,,
imm02,crep bien,hl,r,,,
imm02,cyno cris,hl,+,,,
imm02,dact glom glom,hl,2a,,,
imm02,dauc caro caro,hl,+,,,
imm02,elyt repe,hl,+,,,
imm02,erig annu slat,hl,r,,,
imm02,fest prat prat,hl,1,,,
imm02,fest rubr rubr,hl,2b,,,
imm02,gali albu,hl,2a,,,
imm02,holc lana,hl,2a,,,
imm02,hype perf,hl,+,,,
imm02,hypo radi,hl,r,,,
imm02,knau arve arve,hl,1,,,
imm02,lath prat prat,hl,1,,,
imm02,leon hisp hisp,hl,r,,,
imm02,leuc ircu,hl,+,,,
imm02,loli pere,hl,+,,,
imm02,lotu corn,hl,+,,,
imm02,lysi numm,hl,+,,,
imm02,medi lupu,hl,+,,,
imm02,medi sati,hl,+,,,
imm02,plan lanc,hl,2a,,,
imm02,poa annu,hl,+,,,
imm02,poa prat,hl,1,,,
imm02,poa triv,hl,1,,,
imm02,pote anse anse,hl,+,,,
imm02,pote rept,hl,2a,,,
imm02,ranu acri acri,hl,+,,,
imm02,ranu bulb,hl,+,,,
imm02,rhin alec alec,hl,2b,,,
imm02,rhin sero,hl,2a,,,
imm02,rume cris,hl,r,,,
imm02,sang mino mino,hl,+,,,
imm02,secu vari,hl,2a,,,
imm02,sile vulg vulg,hl,1,,,
imm02,tana vulg,hl,1,,,
imm02,tara sect rude,hl,+,,,
imm02,trif camp,hl,+,,,
imm02,trif prat prat,hl,1,,,
imm02,tris flav flav,hl,1,,,
imm02,vero cham cham,hl,+,,,
imm02,vici angu angu,hl,r,,,
imm02,vici crac,hl,+,,,
imm02,vici hirs,hl,+,,,
imm02,vici sepi,hl,+,,,
imm03,achi mill aggr,hl,1,,,
imm03,agro capi,hl,+,,,
imm03,alli oler,hl,r,,,
imm03,anth odor,hl,1,,,
imm03,anth vuln slat,hl,+,,,
imm03,arab hirs,hl,r,,,
imm03,aren serp,hl,+,,,
imm03,arrh elat,hl,2a,,,
imm03,aspe cyna,hl,r,,,
imm03,brom erec,hl,1,,,
imm03,brom ster,hl,r,,,
imm03,camp patu patu,hl,r,,,
imm03,camp rotu,hl,1,,,
imm03,care cary,hl,+,,,
imm03,care muri aggr,hl,r,,cf. Carex polyphylla,
imm03,cent jace jace,hl,r,,,
imm03,cent scab scab,hl,r,,,
imm03,cera arve arve,hl,+,,,
imm03,cera brac brac,hl,r,,,
imm03,cera holo,hl,r,,,
imm03,cich inty,hl,1,,,
imm03,dact glom glom,hl,+,,,
imm03,dian cart cart,hl,1,,,
imm03,drab vern,hl,+,,,
imm03,fest arun slat,hl,+,,,
imm03,fest ovin,hl,+,,cf.,
imm03,fest rubr rubr,hl,1,,,
imm03,fest stri trac,hl,2b,,,
imm03,gali albu,hl,2a,,,
imm03,gali pumi,hl,r,,,
imm03,gali veru,hl,1,,,
imm03,hier pilo ides,hl,+,,,
imm03,hier saba,hl,r,,,
imm03,holc lana,hl,1,,,
imm03,homa pube pube,hl,+,,,
imm03,knau arve arve,hl,1,,,
imm03,koel macr,hl,r,,,
imm03,koel pyra pyra,hl,r,,,
imm03,lath sylv,hl,r,,,
imm03,leon hisp hisp,hl,1,,,
imm03,lotu corn,hl,2a,,,
imm03,medi falc,hl,2b,,,
imm03,micr perf,hl,+,,,
imm03,onon repe proc,hl,+,,,
imm03,orig vulg,hl,1,,,
imm03,orob grac,hl,1,,,
imm03,peuc oreo,hl,r,,,
imm03,phle phle,hl,2a,,,
imm03,plan lanc,hl,1,,,
imm03,poa angu,hl,1,,,
imm03,poa prat,hl,1,,,
imm03,pote rect,hl,r,,,
imm03,pote rept,hl,+,,,
imm03,ranu acri acri,hl,+,,,
imm03,ranu bulb,hl,r,,,
imm03,ranu nemo,hl,r,,cf. Ranunculus serpens ssp. polyanthemophyllus,
imm03,rhin alec alec,hl,1,,,
imm03,rhin mino,hl,r,,,
imm03,rhin sero,hl,r,,,
imm03,sang mino mino,hl,1,,,
imm03,saxi gran gran,hl,r,,https://www.inaturalist.org/observations/258730685,
imm03,scab colu,hl,+,,,
imm03,secu vari,hl,2a,,,
imm03,sile nuta nuta,hl,+,,,
imm03,sile vulg vulg,hl,+,,,
imm03,teuc cham,hl,r,,,
imm03,thym pule pule,hl,2b,,,
imm03,trif prat prat,hl,+,,,
imm03,trif repe repe,hl,+,,,
imm03,tris flav flav,hl,1,,,
imm03,vale locu,hl,+,,,
imm03,verb lych,hl,+,,,
imm03,vero arve,hl,+,,,
imm03,vero cham cham,hl,+,,,
imm03,vero teuc,hl,r,,,
imm04,achi mill aggr,hl,2a,,,
imm04,agro capi,hl,+,,,
imm04,anth odor,hl,1,,,
imm04,arrh elat,hl,3,,,
imm04,beto offi offi,hl,r,,,
imm04,brom erec,hl,+,,,
imm04,camp patu patu,hl,r,,,
imm04,cent jace jace,hl,1,,,
imm04,cent scab scab,hl,2a,,,
imm04,cera arve arve,hl,+,,,
imm04,cera holo,hl,+,,,
imm04,cich inty,hl,+,,,
imm04,crep bien,hl,r,,,
imm04,cyno cris,hl,r,,,
imm04,dact glom glom,hl,+,,,
imm04,erig annu slat,hl,+,,,
imm04,fest arun slat,hl,+,,,
imm04,fest prat prat,hl,1,,,
imm04,fest rubr rubr,hl,2b,,,
imm04,gali albu,hl,2a,,,
imm04,holc lana,hl,1,,,
imm04,knau arve arve,hl,1,,,
imm04,lath prat prat,hl,2m,,,
imm04,lath sylv,hl,+,,,
imm04,leon hisp hisp,hl,+,,,
imm04,leuc ircu,hl,+,,,
imm04,medi sati,hl,+,,,
imm04,medi vari,hl,r,,,
imm04,orig vulg,hl,1,,,
imm04,orob grac,hl,r,,,
imm04,past sati sati,hl,1,,,
imm04,phle prat,hl,+,,,
imm04,plan lanc,hl,2a,,,
imm04,poa angu,hl,+,,,
imm04,poa annu,hl,r,,,
imm04,poa prat,hl,1,,,
imm04,pote rept,hl,+,,,
imm04,prun vulg,hl,r,,,
imm04,ranu acri acri,hl,+,,,
imm04,ranu bulb,hl,+,,,
imm04,ranu nemo,hl,+,,,
imm04,rhin alec alec,hl,2b,,,
imm04,rubu caes,hl,r,,,
imm04,rume acet osa,hl,+,,,
imm04,salv prat prat,hl,r,,,
imm04,secu vari,hl,2b,,,
imm04,sene jaco,hl,r,,,
imm04,sile vulg vulg,hl,+,,,
imm04,tana vulg,hl,r,,,
imm04,trif camp,hl,+,,,
imm04,trif prat prat,hl,2a,,,
imm04,trif repe repe,hl,+,,,
imm04,tris flav flav,hl,1,,,
imm04,vero cham cham,hl,2m,,,
imm04,vici angu angu,hl,+,,,
imm04,vici crac,hl,+,,,
imm05,achi mill aggr,hl,2a,,,
imm05,anth odor,hl,1,,,
imm05,arrh elat,hl,2b,,,
imm05,brom iner,hl,+,,,
imm05,caly sepi,hl,r,,,
imm05,camp patu patu,hl,r,,,
imm05,cent jace jace,hl,r,,,
imm05,cera holo,hl,+,,,
imm05,cich inty,hl,1,,,
imm05,conv arve,hl,r,,,
imm05,dact glom glom,hl,1,,,
imm05,dauc caro caro,hl,+,,,
imm05,fest prat prat,hl,1,,,
imm05,fest rubr rubr,hl,2b,,,
imm05,fili ulma,hl,r,,,
imm05,gali albu,hl,2a,,,
imm05,holc lana,hl,2b,,,
imm05,knau arve arve,hl,2a,,,
imm05,lath prat prat,hl,2b,,,
imm05,leon hisp hisp,hl,r,,,
imm05,leuc ircu,hl,+,,,
imm05,loli mult,hl,+,,,
imm05,lotu corn,hl,1,,,
imm05,medi lupu,hl,+,,,
imm05,onon repe proc,hl,r,,,
imm05,orig vulg,hl,1,,,
imm05,plan lanc,hl,2a,,,
imm05,poa prat,hl,1,,,
imm05,poa triv,hl,1,,,
imm05,prun vulg,hl,+,,,
imm05,ranu acri acri,hl,+,,,
imm05,rhin alec alec,hl,1,,,
imm05,rume obtu obtu,hl,+,,,
imm05,saxi gran gran,hl,r,,https://www.inaturalist.org/observations/258756267,
imm05,secu vari,hl,2a,,,
imm05,sile vulg vulg,hl,1,,,
imm05,trif camp,hl,r,,,
imm05,trif prat prat,hl,2a,,,
imm05,trif repe repe,hl,2a,,,
imm05,tris flav flav,hl,2a,,,
imm05,vero cham cham,hl,1,,,
imm05,vici angu angu,hl,r,,,
imm05,vici crac,hl,+,,,
imm05,vici sepi,hl,+,,,
imm06,acer pseu,hl,+,,,
imm06,achi mill aggr,hl,2a,,,
imm06,anth odor,hl,+,,,
imm06,arrh elat,hl,2b,,,
imm06,beto offi offi,hl,r,,,
imm06,brom erec,hl,+,,,
imm06,brom iner,hl,+,,,
imm06,camp patu patu,hl,r,,,
imm06,cent jace jace,hl,+,,,
imm06,cent scab scab,hl,2a,,,
imm06,dact glom glom,hl,1,,,
imm06,erig annu slat,hl,1,,,
imm06,fest arun slat,hl,2a,,,
imm06,fest prat prat,hl,+,,,
imm06,fest rubr rubr,hl,2b,,,
imm06,gali albu,hl,2a,,,
imm06,holc lana,hl,2b,,,
imm06,knau arve arve,hl,2b,,,
imm06,lath prat prat,hl,1,,,
imm06,leuc ircu,hl,+,,,
imm06,lotu corn,hl,+,,,
imm06,medi lupu,hl,+,,,
imm06,orig vulg,hl,1,,,
imm06,phle prat,hl,+,,,
imm06,plan lanc,hl,1,,,
imm06,poa angu,hl,2a,,,
imm06,poa prat,hl,+,,,
imm06,poa triv,hl,+,,,
imm06,ranu acri acri,hl,+,,,
imm06,rhin alec alec,hl,r,,,
imm06,rhin mino,hl,r,,,
imm06,rubu caes,hl,+,,,
imm06,rume acet osa,hl,+,,,
imm06,salv prat prat,hl,r,,,
imm06,secu vari,hl,1,,,
imm06,sile vulg vulg,hl,1,,,
imm06,tana vulg,hl,r,,,
imm06,trif prat prat,hl,+,,,
imm06,trif repe repe,hl,+,,,
imm06,tris flav flav,hl,2a,,,
imm06,vero cham cham,hl,1,,,
imm06,vici angu angu,hl,+,,,
imm06,vici crac,hl,+,,,
imm06,vici sepi,hl,+,,,
imm07,acer pseu,hl,+,,,
imm07,achi mill aggr,hl,2a,,,
imm07,anth odor,hl,1,,,
imm07,arrh elat,hl,2a,,,
imm07,beto offi offi,hl,+,,,
imm07,briz medi,hl,+,,,
imm07,cent jace jace,hl,1,,,
imm07,cent scab scab,hl,+,,,
imm07,cera holo,hl,+,,,
imm07,cich inty,hl,r,,,
imm07,cyno cris,hl,r,,,
imm07,dact glom glom,hl,1,,,
imm07,dauc caro caro,hl,+,,,
imm07,equi arve,hl,+,,,
imm07,erig annu slat,hl,+,,,
imm07,fest arun slat,hl,1,,,
imm07,fest prat prat,hl,+,,,
imm07,fest rubr rubr,hl,2b,,,
imm07,gali albu,hl,2a,,,
imm07,gali veru,hl,+,,,
imm07,holc lana,hl,2b,,,
imm07,knau arve arve,hl,1,,,
imm07,lath prat prat,hl,1,,,
imm07,leon hisp hisp,hl,+,,,
imm07,leuc ircu,hl,+,,,
imm07,lotu corn,hl,1,,,
imm07,medi lupu,hl,+,,,
imm07,onon repe proc,hl,+,,,
imm07,orig vulg,hl,2a,,,
imm07,orob grac,hl,r,,,
imm07,phle prat,hl,r,,,
imm07,plan lanc,hl,2b,,,
imm07,poa angu,hl,1,,,
imm07,prun vulg,hl,+,,,
imm07,ranu acri acri,hl,+,,,
imm07,ranu bulb,hl,r,,,
imm07,ranu nemo,hl,1,,,
imm07,rhin alec alec,hl,+,,,
imm07,rubu caes,hl,+,,,
imm07,rume acet osa,hl,+,,,
imm07,rume obtu obtu,hl,r,,,
imm07,sang mino mino,hl,+,,,
imm07,secu vari,hl,2a,,,
imm07,sile vulg vulg,hl,1,,,
imm07,tana vulg,hl,r,,,
imm07,trag orie,hl,r,,,
imm07,trif prat prat,hl,+,,,
imm07,trif repe repe,hl,+,,,
imm07,tris flav flav,hl,1,,,
imm07,vero cham cham,hl,1,,,
imm07,vici angu angu,hl,+,,,
imm07,vici crac,hl,+,,,
imm07,vici hirs,hl,+,,,
imm07,vici sepi,hl,r,,,
imm08,acer pseu,hl,+,,,
imm08,achi mill aggr,hl,2a,,,
imm08,anth odor,hl,1,,,
imm08,arrh elat,hl,2b,,,
imm08,beto offi offi,hl,r,,,
imm08,brom erec,hl,+,,,
imm08,cent jace jace,hl,1,,,
imm08,cich inty,hl,1,,,
imm08,dact glom glom,hl,1,,,
imm08,dauc caro caro,hl,1,,,
imm08,equi arve,hl,+,,,
imm08,erig annu slat,hl,+,,,
imm08,fest arun slat,hl,1,,,
imm08,fest rubr rubr,hl,2b,,,
imm08,gali albu,hl,2a,,,
imm08,hera spho spho,hl,r,,,
imm08,holc lana,hl,2b,,,
imm08,knau arve arve,hl,1,,,
imm08,lath prat prat,hl,+,,,
imm08,leuc ircu,hl,r,,,
imm08,lysi vulg,hl,+,,,
imm08,medi lupu,hl,+,,,
imm08,medi sati,hl,+,,,
imm08,myos arve arve,hl,+,,,
imm08,orig vulg,hl,1,,,
imm08,orob grac,hl,r,,,
imm08,phle prat,hl,+,,,
imm08,plan lanc,hl,2b,,,
imm08,poa angu,hl,+,,,
imm08,poa prat,hl,1,,,
imm08,pote rept,hl,2a,,,
imm08,prun vulg,hl,+,,,
imm08,ranu acri acri,hl,+,,,
imm08,ranu nemo,hl,1,,,
imm08,rhin alec alec,hl,2a,,,
imm08,rubu caes,hl,+,,,
imm08,rume acet osa,hl,+,,,
imm08,rume cris,hl,1,,,
imm08,rume obtu obtu,hl,1,,,
imm08,sang mino mino,hl,+,,,
imm08,secu vari,hl,+,,,
imm08,sile vulg vulg,hl,+,,,
imm08,soli cana,hl,r,,,
imm08,tana vulg,hl,+,,,
imm08,trif medi medi,hl,1,,,
imm08,trif prat prat,hl,1,,,
imm08,trif repe repe,hl,+,,,
imm08,tris flav flav,hl,2a,,,
imm08,verb nigr,hl,r,,,
imm08,vero cham cham,hl,1,,,
imm08,vici angu angu,hl,r,,,
imm08,vici crac,hl,+,,,
imm08,vici hirs,hl,+,,,
imm08,viol hirt,hl,r,,,
imm09,acer pseu,hl,+,,,
imm09,achi mill aggr,hl,1,,,
imm09,alli scor,hl,r,,,
imm09,anth odor,hl,+,,,
imm09,aren serp,hl,+,,,
imm09,arrh elat,hl,2a,,,
imm09,brom erec,hl,1,,,
imm09,brom iner,hl,1,,,
imm09,cent jace jace,hl,2b,,,
imm09,cent scab scab,hl,+,,,
imm09,cich inty,hl,r,,,
imm09,crep bien,hl,r,,,
imm09,dact glom glom,hl,+,,,
imm09,dauc caro caro,hl,+,,,
imm09,dian cart cart,hl,+,,,
imm09,drab vern,hl,+,,,
imm09,echi vulg,hl,+,,,
imm09,elyt repe,hl,+,,,
imm09,erig annu slat,hl,+,,,
imm09,fest arun slat,hl,1,,,
imm09,fest rubr rubr,hl,1,,,
imm09,fest stri trac,hl,+,,,
imm09,gali veru,hl,r,,,
imm09,homa pube pube,hl,1,,,
imm09,hype perf,hl,+,,,
imm09,knau arve arve,hl,1,,,
imm09,leon hisp hisp,hl,+,,,
imm09,leuc ircu,hl,+,,,
imm09,lotu corn,hl,+,,,
imm09,medi falc,hl,2a,,,
imm09,medi lupu,hl,+,,,
imm09,micr perf,hl,r,,,
imm09,onon repe proc,hl,1,,,
imm09,orob grac,hl,r,,,
imm09,pimp saxi saxi,hl,+,,,
imm09,plan lanc,hl,1,,,
imm09,poa angu,hl,1,,,
imm09,poa prat,hl,+,,,
imm09,pote neum,hl,r,,,
imm09,rhin alec alec,hl,3,,,
imm09,salv prat prat,hl,1,,,
imm09,saxi trid,hl,+,,,
imm09,sile vulg vulg,hl,1,,,
imm09,stac rect rect,hl,r,,,
imm09,tana vulg,hl,+,,,
imm09,thym pule pule,hl,3,,,
imm09,trif camp,hl,r,,,
imm09,trif prat prat,hl,+,,,
imm09,trif repe repe,hl,+,,,
imm09,vero cham cham,hl,+,,,
imm09,vero teuc,hl,r,,,
imm09,vici angu angu,hl,+,,,
imm10,acer pseu,hl,r,,,
imm10,achi mill aggr,hl,1,,,
imm10,agro capi,hl,+,,,
imm10,arrh elat,hl,2a,,,
imm10,brom erec,hl,1,,,
imm10,brom iner,hl,2b,,,
imm10,camp patu patu,hl,r,,,
imm10,cent jace jace,hl,r,,,
imm10,cent scab scab,hl,r,,,
imm10,cent stoe stoe,hl,r,,,
imm10,dact glom glom,hl,1,,,
imm10,dauc caro caro,hl,+,,,
imm10,dian cart cart,hl,1,,,
imm10,drab vern,hl,+,,,
imm10,elyt repe,hl,r,,,
imm10,erig annu slat,hl,+,,,
imm10,fest rubr rubr,hl,1,,,
imm10,fest stri trac,hl,2m,,,
imm10,gali albu,hl,2a,,,
imm10,hera spho spho,hl,r,,,
imm10,holc lana,hl,+,,,
imm10,homa pube pube,hl,+,,,
imm10,knau arve arve,hl,+,,,
imm10,leon hisp hisp,hl,+,,,
imm10,lotu corn,hl,1,,,
imm10,medi falc,hl,2a,,,
imm10,myos arve arve,hl,+,,,
imm10,orob grac,hl,r,,,
imm10,phle phle,hl,r,,,
imm10,pimp saxi saxi,hl,1,,,
imm10,poa angu,hl,2a,,,
imm10,poa prat,hl,+,,,
imm10,pote neum,hl,+,,,
imm10,pote rept,hl,+,,,
imm10,ranu acri acri,hl,+,,,
imm10,ranu nemo,hl,+,,,
imm10,rhin alec alec,hl,1,,,
imm10,rhin mino,hl,r,,,
imm10,saxi trid,hl,+,,,
imm10,scab colu,hl,1,,,
imm10,secu vari,hl,+,,,
imm10,sile vulg vulg,hl,1,,,
imm10,tana vulg,hl,2a,,,
imm10,thym pule pule,hl,3,,,
imm10,trif camp,hl,r,,,
imm10,trif prat prat,hl,+,,,
imm10,vale locu,hl,+,,,
imm10,vero cham cham,hl,+,,,
imm10,vero teuc,hl,r,,,
imm10,vici crac,hl,+,,,
imm10,vici hirs,hl,+,,,
imm11,achi mill aggr,hl,+,,,
imm11,arrh elat,hl,5,,,
imm11,brom iner,hl,2a,,,
imm11,caly sepi,hl,+,,,
imm11,dact glom glom,hl,1,,,
imm11,elyt repe,hl,1,,,
imm11,erig annu slat,hl,+,,,
imm11,fest rubr rubr,hl,1,,,
imm11,gali albu,hl,2a,,,
imm11,gera pusi,hl,1,,,
imm11,holc lana,hl,1,,,
imm11,medi lupu,hl,+,,,
imm11,myos arve arve,hl,1,,,
imm11,phle prat,hl,+,,,
imm11,poa triv,hl,1,,,
imm11,pote rept,hl,+,,,
imm11,rhin alec alec,hl,1,,,
imm11,rume cris,hl,+,,,
imm11,sile vulg vulg,hl,+,,,
imm11,trif prat prat,hl,+,,,
imm11,vici crac,hl,+,,,
imm11,vici hirs,hl,+,,,
imm12,achi mill aggr,hl,2a,,cf. A. collina,
imm12,agro capi,hl,2a,,,
imm12,agro giga,hl,+,,,
imm12,ajug gene,hl,1,,,
imm12,anth odor,hl,1,,,
imm12,anth vuln slat,hl,r,,,
imm12,arrh elat,hl,1,,,
imm12,aven prat,hl,1,,,
imm12,brac pinn,hl,+,,,
imm12,briz medi,hl,2b,,,
imm12,brom erec,hl,1,,,
imm12,care cary,hl,r,,,
imm12,cent jace jace,hl,1,,,
imm12,cera arve arve,hl,+,,,
imm12,cera holo,hl,+,,,
imm12,cich inty,hl,r,,,
imm12,dauc caro caro,hl,+,,,
imm12,dian cart cart,hl,1,,,
imm12,drab vern,hl,r,,,
imm12,erig annu slat,hl,r,,,
imm12,fest nigr cens,hl,1,,,
imm12,fest rubr rubr,hl,1,,,
imm12,fest stri trac,hl,2b,,,
imm12,gali albu,hl,+,,,
imm12,gali veru,hl,1,,,
imm12,holc lana,hl,2a,,,
imm12,homa pube pube,hl,1,,,
imm12,hypo radi,hl,+,,,
imm12,knau arve arve,hl,+,,,
imm12,koel macr,hl,1,,,
imm12,leon hisp hisp,hl,2b,,,
imm12,leuc ircu,hl,2a,,,
imm12,lotu corn,hl,+,,,
imm12,luzu camp,hl,+,,,
imm12,medi lupu,hl,2m,,,
imm12,medi sati,hl,2a,,,
imm12,orig vulg,hl,+,,,
imm12,orob grac,hl,+,,,
imm12,phle phle,hl,1,,,
imm12,plan lanc,hl,1,,,
imm12,poa angu,hl,1,,,
imm12,poa prat,hl,+,,,
imm12,pote neum,hl,2m,,,
imm12,prun vulg,hl,1,,,
imm12,ranu bulb,hl,1,,,
imm12,ranu poly llus,hl,1,,,
imm12,rhin alec alec,hl,2a,,,
imm12,rhin mino,hl,1,,,
imm12,rhin sero,hl,+,,,
imm12,rume acet osa,hl,r,,,
imm12,salv prat prat,hl,+,,,
imm12,sang mino mino,hl,1,,,
imm12,saxi trid,hl,r,,,
imm12,secu vari,hl,+,,,
imm12,sene jaco,hl,r,,,
imm12,sile vulg vulg,hl,r,,,
imm12,tana vulg,hl,1,,,
imm12,thym pule pule,hl,2a,,,
imm12,trag orie,hl,r,,,
imm12,trif camp,hl,+,,,
imm12,trif prat prat,hl,2a,,,
imm12,tris flav flav,hl,+,,,
imm12,vale locu,hl,r,,,
imm12,vero cham cham,hl,+,,,
imm13,achi mill aggr,hl,2b,,,
imm13,agro capi,hl,1,,,
imm13,ajug gene,hl,1,,,
imm13,anth odor,hl,1,,,
imm13,arrh elat,hl,2b,,,
imm13,beto offi offi,hl,r,,,
imm13,briz medi,hl,1,,,
imm13,brom erec,hl,+,,,
imm13,cent jace jace,hl,2a,,,
imm13,cera holo,hl,+,,,
imm13,cich inty,hl,r,,,
imm13,crep bien,hl,+,,,
imm13,dact glom glom,hl,+,,,
imm13,dauc caro caro,hl,1,,,
imm13,dian cart cart,hl,r,,,
imm13,erig annu slat,hl,r,,,
imm13,fest nigr cens,hl,1,,,
imm13,fest prat prat,hl,1,,,
imm13,fest rubr rubr,hl,2b,,,
imm13,gali albu,hl,1,,,
imm13,gali veru,hl,+,,,
imm13,holc lana,hl,2b,,,
imm13,homa pube pube,hl,+,,,
imm13,hypo radi,hl,+,,,
imm13,knau arve arve,hl,2a,,,
imm13,leon hisp hisp,hl,2a,,,
imm13,leuc ircu,hl,1,,,
imm13,lotu corn,hl,+,,,
imm13,medi falc,hl,1,,,
imm13,medi lupu,hl,1,,,
imm13,medi sati,hl,1,,,
imm13,orig vulg,hl,r,,,
imm13,plan lanc,hl,1,,,
imm13,poa angu,hl,1,,,
imm13,poa prat,hl,2m,,,
imm13,prun vulg,hl,2m,,,
imm13,ranu acri acri,hl,1,,,
imm13,ranu bulb,hl,+,,,
imm13,ranu poly llus,hl,+,,,
imm13,rhin alec alec,hl,3,,,
imm13,rhin mino,hl,1,,,
imm13,rume acet osa,hl,+,,,
imm13,salv prat prat,hl,r,,,
imm13,sang mino mino,hl,+,,,
imm13,secu vari,hl,1,,,
imm13,sile vulg vulg,hl,+,,,
imm13,tana vulg,hl,1,,,
imm13,thym pule pule,hl,2a,,,
imm13,trag orie,hl,r,,,
imm13,trif arve,hl,+,,,
imm13,trif prat prat,hl,2b,,,
imm13,trif repe repe,hl,1,,,
imm13,tris flav flav,hl,1,,,
imm13,vero cham cham,hl,+,,,
imm14,achi mill aggr,hl,2a,,,
imm14,agro capi,hl,1,,,
imm14,anth odor,hl,+,,,
imm14,anth vuln slat,hl,+,,,
imm14,arrh elat,hl,+,,,
imm14,aven prat,hl,1,,,
imm14,brac pinn,hl,1,,,
imm14,briz medi,hl,2a,,,
imm14,brom erec,hl,2a,,,
imm14,brom iner,hl,1,,,
imm14,care cary,hl,r,,,
imm14,cich inty,hl,r,,,
imm14,dauc caro caro,hl,+,,,
imm14,dian cart cart,hl,+,,,
imm14,euph cypa,hl,r,,,
imm14,fest nigr cens,hl,+,,,
imm14,fest rubr rubr,hl,+,,,
imm14,fest stri trac,hl,2b,,,
imm14,gali albu,hl,+,,,
imm14,gali pumi,hl,r,,,
imm14,gali veru,hl,+,,,
imm14,holc lana,hl,+,,,
imm14,koel macr,hl,2a,,,
imm14,leon hisp hisp,hl,+,,,
imm14,leuc ircu,hl,2m,,,
imm14,lotu corn,hl,+,,,
imm14,medi falc,hl,+,,,
imm14,medi lupu,hl,2m,,,
imm14,orig vulg,hl,1,,,
imm14,peuc oreo,hl,r,,,
imm14,phle phle,hl,+,,,
imm14,plan lanc,hl,1,,,
imm14,poa angu,hl,2m,,,
imm14,poa prat,hl,+,,,
imm14,pote hept,hl,r,,,
imm14,pote neum,hl,+,,,
imm14,ranu bulb,hl,1,,,
imm14,ranu poly llus,hl,r,,,
imm14,rhin alec alec,hl,1,,,
imm14,rhin mino,hl,1,,,
imm14,salv prat prat,hl,r,,,
imm14,sang mino mino,hl,1,,,
imm14,scab colu,hl,r,,,
imm14,secu vari,hl,+,,,
imm14,sile nuta nuta,hl,r,,,
imm14,tana vulg,hl,+,,,
imm14,thym pule pule,hl,2b,,,
imm14,trif camp,hl,1,,,
imm14,trif prat prat,hl,1,,,
imm14,trif repe repe,hl,+,,,
imm14,vale locu,hl,r,,,
imm14,verb lych,hl,+,,,
imm14,vero spic,hl,r,,,
imm14,vero teuc,hl,r,,,
imm15,agro capi,hl,1,,,
imm15,alli peti,hl,+,,,
imm15,arrh elat,hl,2b,,,
imm15,brac pinn,hl,1,,,
imm15,brom iner,hl,1,,,
imm15,brom ster,hl,+,,,
imm15,dact glom glom,hl,2a,,,
imm15,fest rubr rubr,hl,3,,,
imm15,fili ulma,hl,2b,,,
imm15,frax exce,hl,+,,,
imm15,gali albu,hl,1,,,
imm15,gali apar,hl,+,,,
imm15,gera sylv,hl,2a,,,
imm15,geum riva,hl,+,,,
imm15,glec hede,hl,1,,,
imm15,holc lana,hl,2b,,,
imm15,knau arve arve,hl,+,,,
imm15,laps comm slat,hl,+,,,
imm15,lath prat prat,hl,+,,,
imm15,loli pere,hl,+,,,
imm15,lotu corn,hl,+,,,
imm15,meli albu,hl,+,,,
imm15,onon repe proc,hl,+,,,
imm15,phle prat,hl,1,,,
imm15,plan lanc,hl,+,,,
imm15,poa prat,hl,1,,,
imm15,poa triv,hl,1,,,
imm15,pote rept,hl,+,,,
imm15,prim elat,hl,r,,,
imm15,rhin alec alec,hl,2a,,,
imm15,rubu caes,hl,1,,,
imm15,sang mino mino,hl,+,,,
imm15,secu vari,hl,2a,,,
imm15,tris flav flav,hl,1,,,
imm15,vero cham cham,hl,+,,,
imm15,vici sepi,hl,+,,,
imm16,achi mill aggr,hl,2a,,,
imm16,anth odor,hl,1,,,
imm16,arab hirs,hl,+,,,
imm16,brac pinn,hl,+,,,
imm16,brom erec,hl,3,,,
imm16,brom iner,hl,1,,,
imm16,caly sepi,hl,+,,,
imm16,card prat,hl,r,,,
imm16,care cary,hl,r,,,
imm16,cent jace jace,hl,+,,,
imm16,cera arve arve,hl,+,,,
imm16,cich inty,hl,+,,,
imm16,dact glom glom,hl,2a,,,
imm16,dian cart cart,hl,2a,,,
imm16,echi vulg,hl,+,,,
imm16,erig annu slat,hl,r,,,
imm16,eupa cann,hl,r,,,
imm16,euph cypa,hl,r,,,
imm16,fest rubr rubr,hl,2a,,,
imm16,fest stri trac,hl,2a,,,
imm16,gali albu,hl,1,,,
imm16,holc lana,hl,2a,,,
imm16,knau arve arve,hl,+,,,
imm16,medi falc,hl,+,,,
imm16,medi lupu,hl,+,,,
imm16,medi sati,hl,1,,,
imm16,meli albu,hl,+,,,
imm16,oeno bien aggr,hl,+,,,
imm16,onon spin spin,hl,+,,,
imm16,orig vulg,hl,2b,,,
imm16,phle prat,hl,+,,,
imm16,poa angu,hl,2a,,,
imm16,poa prat,hl,1,,,
imm16,pote rect,hl,+,,,
imm16,pote rept,hl,1,,,
imm16,rese lute,hl,r,,,
imm16,rhin alec alec,hl,2b,,,
imm16,rhin mino,hl,+,,,
imm16,rhin sero,hl,1,,,
imm16,rubu caes,hl,2a,,,
imm16,sang mino mino,hl,+,,,
imm16,scab colu,hl,+,,,
imm16,secu vari,hl,2a,,,
imm16,sile nuta nuta,hl,+,,,
imm16,sile vulg vulg,hl,1,,,
imm16,tana vulg,hl,+,,,
imm16,trif camp,hl,+,,,
imm16,tris flav flav,hl,1,,,
imm16,turr glab,hl,r,,,
imm16,verb lych,hl,2a,,,
imm16,vero teuc,hl,r,,,
imm17,achi mill aggr,hl,1,,,
imm17,alch mont,hl,+,,,
imm17,anth odor,hl,2a,,,
imm17,arab hirs,hl,r,,,
imm17,arrh elat,hl,1,,,
imm17,brac pinn,hl,2a,,,
imm17,briz medi,hl,1,,,
imm17,brom erec,hl,2a,,,
imm17,caly sepi,hl,r,,,
imm17,camp patu patu,hl,+,,,
imm17,care flac,hl,1,,,
imm17,cera arve arve,hl,2m,,,
imm17,cich inty,hl,+,,,
imm17,dauc caro caro,hl,+,,,
imm17,dian cart cart,hl,+,,,
imm17,euph cypa,hl,1,,,
imm17,fest rubr rubr,hl,3,,,
imm17,gali albu,hl,1,,,
imm17,gali veru,hl,+,,,
imm17,gera sylv,hl,r,,,
imm17,holc lana,hl,2a,,,
imm17,homa pube pube,hl,2a,,,
imm17,hype perf,hl,+,,,
imm17,knau arve arve,hl,1,,,
imm17,lath prat prat,hl,+,,,
imm17,leon hisp hisp,hl,+,,,
imm17,lotu corn,hl,+,,,
imm17,luzu camp,hl,1,,,
imm17,medi falc,hl,1,,,
imm17,medi lupu,hl,+,,,
imm17,medi sati,hl,+,,,
imm17,oeno bien aggr,hl,+,,,
imm17,onon spin spin,hl,+,,,
imm17,orig vulg,hl,1,,,
imm17,plan lanc,hl,1,,,
imm17,poa angu,hl,1,,,
imm17,poa prat,hl,+,,,
imm17,prun spin,hl,r,,,
imm17,ranu acri acri,hl,+,,,
imm17,rhin alec alec,hl,3,,,
imm17,rubu caes,hl,r,,,
imm17,sang mino mino,hl,+,,,
imm17,secu vari,hl,1,,,
imm17,sene jaco,hl,+,,,
imm17,sile vulg vulg,hl,1,,,
imm17,thym pule pule,hl,+,,,
imm17,trif prat prat,hl,1,,,
imm17,tris flav flav,hl,1,,,
imm17,verb lych,hl,+,,,
imm17,vici angu angu,hl,+,,,
imm18,acer pseu,hl,+,,,
imm18,agro giga,hl,1,,,
imm18,anth odor,hl,1,,,
imm18,arab hirs,hl,+,,,
imm18,arrh elat,hl,1,,,
imm18,brac pinn,hl,1,,,
imm18,briz medi,hl,1,,,
imm18,brom erec,hl,3,,,
imm18,brom iner,hl,+,,,
imm18,care cary,hl,+,,,
imm18,cent jace jace,hl,r,,,
imm18,cent scab scab,hl,+,,,
imm18,cera arve arve,hl,1,,,
imm18,conv arve,hl,+,,,
imm18,crep bien,hl,+,,,
imm18,dact glom glom,hl,+,,,
imm18,dauc caro caro,hl,+,,,
imm18,dian cart cart,hl,1,,,
imm18,echi vulg,hl,+,,,
imm18,equi arve,hl,+,,,
imm18,euph cypa,hl,2m,,,
imm18,fest rubr rubr,hl,2a,,,
imm18,fest stri trac,hl,3,,,
imm18,gali albu,hl,1,,,
imm18,knau arve arve,hl,1,,,
imm18,leon hisp hisp,hl,+,,,
imm18,malv mosc,hl,1,,,
imm18,medi falc,hl,1,,,
imm18,orig vulg,hl,2b,,,
imm18,orob grac,hl,r,,,
imm18,petr prol,hl,r,,,
imm18,phra aust,hl,r,,,
imm18,pote rect,hl,r,,,
imm18,ranu scel,hl,r,,,
imm18,rhin alec alec,hl,2a,,,
imm18,rhin sero,hl,2b,,,
imm18,rosa cani,hl,r,,,
imm18,rubu caes,hl,1,,,
imm18,sang mino mino,hl,1,,,
imm18,scab colu,hl,+,,,
imm18,secu vari,hl,2a,,,
imm18,sile nuta nuta,hl,+,,,
imm18,sile vulg vulg,hl,+,,,
imm18,stel gram,hl,+,,,
imm18,tana vulg,hl,+,,,
imm18,thym pule pule,hl,1,,,
imm18,trif camp,hl,+,,,
imm18,trif prat prat,hl,+,,,
imm18,tris flav flav,hl,+,,,
imm18,verb lych,hl,2a,,,
imm18,vero teuc,hl,r,,,
imm19,achi mill aggr,hl,+,,,
imm19,ajug rept,hl,+,,,
imm19,ange sylv sylv,hl,r,,,
imm19,anth odor,hl,+,,,
imm19,aren serp,hl,+,,,
imm19,arrh elat,hl,+,,,
imm19,astr glyc,hl,1,,,
imm19,beto offi offi,hl,r,,,
imm19,brac pinn,hl,3,,,
imm19,brac sylv,hl,+,,,
imm19,brom erec,hl,1,,,
imm19,cala epig,hl,+,,,
imm19,carp betu,hl,+,,,
imm19,cent jace jace,hl,+,,,
imm19,cich inty,hl,r,,,
imm19,cirs arve,hl,r,,,
imm19,clem vita,hl,r,,,
imm19,clin vulg vulg,hl,1,,,
imm19,erig annu slat,hl,+,,,
imm19,euph cypa,hl,1,,,
imm19,fest hete ylla,hl,2a,,,
imm19,fest rubr rubr,hl,+,,,
imm19,gali albu,hl,1,,,
imm19,holc lana,hl,1,,,
imm19,hype perf,hl,1,,,
imm19,inul cony,hl,1,,,
imm19,knau arve arve,hl,r,,,
imm19,leuc ircu,hl,+,,,
imm19,malv mosc,hl,r,,,
imm19,orig vulg,hl,2a,,,
imm19,poa angu,hl,2b,,,
imm19,poa prat,hl,1,,,
imm19,popu trem,hl,r,,,
imm19,quer robu,hl,r,,,
imm19,rhin alec alec,hl,+,,,
imm19,rhin sero,hl,r,,,
imm19,rubu caes,hl,+,,,
imm19,rubu sect rubu,hl,+,,,
imm19,secu vari,hl,3,,,
imm19,sene jaco,hl,r,,,
imm19,soli cana,hl,1,,,
imm19,soli giga,hl,1,,,
imm19,stel gram,hl,r,,,
imm19,tana vulg,hl,2a,,,
imm19,thym pule pule,hl,+,,,
imm19,trif medi medi,hl,+,,,
imm19,verb lych,hl,+,,,
imm19,vero cham cham,hl,2m,,,
imm19,vibu lant,hl,r,,,
imm19,vici hirs,hl,+,,,
imm19,viol rivi,hl,2m,,,
imm20,achi mill aggr,hl,+,,,
imm20,agro capi,hl,2a,,,
imm20,ajug rept,hl,1,,,
imm20,anth tinc,hl,1,,,
imm20,arrh elat,hl,2a,,,
imm20,astr glyc,hl,+,,,
imm20,beto offi offi,hl,r,,,
imm20,brac pinn,hl,1,,,
imm20,brac sylv,hl,r,,,
imm20,briz medi,hl,1,,,
imm20,brom erec,hl,1,,,
imm20,brom iner,hl,1,,,
imm20,cala epig,hl,+,,,
imm20,camp patu patu,hl,+,,,
imm20,care cary,hl,1,,,
imm20,care poly,hl,1,,,
imm20,cent jace jace,hl,+,,,
imm20,cirs vulg,hl,+,,,
imm20,clem vita,hl,2a,,,
imm20,clin vulg vulg,hl,1,,,
imm20,dact glom glom,hl,1,,,
imm20,dauc caro caro,hl,+,,,
imm20,dian cart cart,hl,+,,,
imm20,dian delt,hl,r,,,
imm20,erig annu slat,hl,2b,,,
imm20,euph cypa,hl,1,,,
imm20,fest hete ylla,hl,1,,,
imm20,fest rubr rubr,hl,2a,,,
imm20,frag vesc,hl,2m,,,
imm20,gali albu,hl,1,,,
imm20,gali veru,hl,2m,,,
imm20,hier muro,hl,r,,,
imm20,hier pilo ides,hl,r,,,
imm20,hier saba,hl,r,,,
imm20,hier umbe,hl,r,,,
imm20,holc lana,hl,1,,,
imm20,leon hisp hisp,hl,+,,,
imm20,leuc ircu,hl,1,,,
imm20,linu cath,hl,r,,,
imm20,luzu camp,hl,+,,,
imm20,malv mosc,hl,r,,,
imm20,medi falc,hl,r,,,
imm20,orig vulg,hl,2b,,,
imm20,pinu sylv,hl,r,,,
imm20,plan lanc,hl,+,,,
imm20,poa angu,hl,2a,,,
imm20,poa nemo,hl,+,,,
imm20,popu trem,hl,+,,,
imm20,pote ster,hl,+,,,
imm20,prun aviu slat,hl,r,,,
imm20,ranu nemo,hl,+,,,
imm20,rhin alec alec,hl,2a,,,
imm20,rhin sero,hl,1,,,
imm20,rubu caes,hl,1,,,
imm20,sang mino mino,hl,+,,,
imm20,secu vari,hl,2a,,,
imm20,sene jaco,hl,+,,,
imm20,sile nuta nuta,hl,+,,,
imm20,sile vulg vulg,hl,r,,,
imm20,soli cana,hl,1,,,
imm20,tana vulg,hl,1,,,
imm20,teuc cham,hl,r,,,
imm20,thym pule pule,hl,2b,,,
imm20,verb lych,hl,+,,,
imm20,vero cham cham,hl,1,,,
imm20,vero teuc,hl,r,,,
imm20,viol rivi,hl,2a,,,
imm21,achi mill aggr,hl,2a,,,
imm21,agro capi,hl,1,,,
imm21,anth vuln slat,hl,+,,,
imm21,arab hirs,hl,r,,,
imm21,arrh elat,hl,1,,,
imm21,astr glyc,hl,+,,,
imm21,beto offi offi,hl,1,,,
imm21,brac pinn,hl,1,,,
imm21,brom erec,hl,+,,,
imm21,cala epig,hl,1,,,
imm21,camp trac,hl,r,,,
imm21,care cary,hl,+,,,
imm21,cent jace jace,hl,2b,,,
imm21,cich inty,hl,r,,,
imm21,clem vita,hl,+,,,
imm21,clin vulg vulg,hl,2m,,,
imm21,dian cart cart,hl,+,,,
imm21,erig annu slat,hl,2m,,,
imm21,euph cypa,hl,2m,,,
imm21,fest hete ylla,hl,r,,,
imm21,fest prat prat,hl,+,,,
imm21,fest rubr rubr,hl,1,,,
imm21,fest stri trac,hl,+,,,
imm21,gali albu,hl,+,,,
imm21,gali pumi,hl,1,,,
imm21,gali veru,hl,+,,,
imm21,hier laev,hl,r,,,
imm21,hier pilo ides,hl,+,,,
imm21,holc lana,hl,1,,,
imm21,hype perf,hl,2m,,,
imm21,leon hisp hisp,hl,2b,,,
imm21,leuc ircu,hl,1,,,
imm21,linu cath,hl,1,,,
imm21,lotu corn,hl,+,,,
imm21,luzu camp,hl,1,,,
imm21,medi lupu,hl,+,,,
imm21,orig vulg,hl,2a,,,
imm21,past sati sati,hl,1,,,
imm21,plan lanc,hl,1,,,
imm21,poa angu,hl,1,,,
imm21,poa prat,hl,+,,,
imm21,popu trem,hl,r,,,
imm21,prun vulg,hl,1,,,
imm21,ranu nemo,hl,+,,,
imm21,ranu poly llus,hl,+,,,
imm21,rhin alec alec,hl,2a,,,
imm21,rhin mino,hl,+,,,
imm21,rhin sero,hl,+,,,
imm21,rubu sect rubu,hl,r,,,
imm21,scab colu,hl,r,,,
imm21,secu vari,hl,2a,,,
imm21,sene jaco,hl,r,,,
imm21,sile nuta nuta,hl,1,,,
imm21,tana vulg,hl,+,,,
imm21,thym pule pule,hl,3,,,
imm21,trif medi medi,hl,+,,,
imm21,vero cham cham,hl,1,,,
imm21,vici angu angu,hl,r,,,
imm21,vici crac,hl,+,,,
imm21,viol rivi,hl,2a,,,
imm22,acer pseu,hl,r,,,
imm22,achi mill aggr,hl,2m,,,
imm22,ange sylv sylv,hl,r,,,
imm22,anth odor,hl,+,,,
imm22,anth tinc,hl,+,,,
imm22,anth vuln slat,hl,1,,,
imm22,aqui atra,hl,r,,,
imm22,arrh elat,hl,2a,,,
imm22,beto offi offi,hl,+,,,
imm22,brac pinn,hl,+,,,
imm22,briz medi,hl,r,,,
imm22,brom erec,hl,1,,,
imm22,care pall,hl,r,,,
imm22,cent jace jace,hl,2b,,,
imm22,cent scab scab,hl,r,,,
imm22,clem vita,hl,1,,,
imm22,clin vulg vulg,hl,1,,,
imm22,dauc caro caro,hl,r,,,
imm22,dian cart cart,hl,+,,,
imm22,dian delt,hl,r,,,
imm22,erig annu slat,hl,2a,,,
imm22,euph cypa,hl,3,,,
imm22,fest hete ylla,hl,+,,,
imm22,fest rubr rubr,hl,2b,,,
imm22,fran alnu,hl,+,,,
imm22,gali albu,hl,1,,,
imm22,gali pumi,hl,r,,,
imm22,gali veru,hl,+,,,
imm22,hera spho spho,hl,r,,,
imm22,hier pilo ides,hl,+,,,
imm22,holc lana,hl,+,,,
imm22,hype perf,hl,1,,,
imm22,knau arve arve,hl,+,,,
imm22,leon hisp hisp,hl,+,,,
imm22,leuc ircu,hl,2a,,,
imm22,lina vulg,hl,+,,,
imm22,lotu corn,hl,+,,,
imm22,luzu camp,hl,+,,,
imm22,malv mosc,hl,r,,,
imm22,medi falc,hl,2m,,,
imm22,medi lupu,hl,1,,,
imm22,medi sati,hl,r,,,
imm22,meli nuta,hl,r,,,
imm22,oeno bien aggr,hl,r,,,
imm22,orig vulg,hl,2b,,,
imm22,plan lanc,hl,+,,,
imm22,poa angu,hl,1,,,
imm22,popu trem,hl,+,,,
imm22,pote rect,hl,r,,,
imm22,quer robu,hl,r,,,
imm22,ranu poly llus,hl,+,,,
imm22,rhin alec alec,hl,2b,,,
imm22,rhin sero,hl,r,,,
imm22,rubu sect rubu,hl,r,,,
imm22,salv vert,hl,r,,,
imm22,sang mino mino,hl,+,,,
imm22,secu vari,hl,2b,,,
imm22,sile nuta nuta,hl,2m,,,
imm22,sile vulg vulg,hl,+,,,
imm22,tana vulg,hl,+,,,
imm22,thym pule pule,hl,2b,,,
imm22,vale offi slat,hl,r,,,
imm22,verb lych,hl,r,,,
imm22,vero cham cham,hl,1,,,
imm22,vibu lant,hl,r,,,
imm22,viol rivi,hl,2m,,,
imm23,achi mill aggr,hl,2m,,,
imm23,agro capi,hl,1,,,
imm23,ajug rept,hl,+,,,
imm23,ange sylv sylv,hl,+,,,
imm23,aqui atra,hl,1,,,
imm23,arrh elat,hl,2a,,,
imm23,beto offi offi,hl,+,,,
imm23,brac pinn,hl,+,,,
imm23,brac sylv,hl,+,,,
imm23,briz medi,hl,+,,,
imm23,brom iner,hl,r,,,
imm23,cala epig,hl,+,,,
imm23,camp patu patu,hl,+,,,
imm23,cent jace jace,hl,1,,,
imm23,cent scab scab,hl,r,,,
imm23,clem vita,hl,1,,,
imm23,clin vulg vulg,hl,1,,,
imm23,dauc caro caro,hl,+,,,
imm23,dian cart cart,hl,+,,,
imm23,erig annu slat,hl,+,,,
imm23,eupa cann,hl,+,,,
imm23,euph cypa,hl,2a,,,
imm23,fest hete ylla,hl,+,,,
imm23,fest rubr rubr,hl,2b,,,
imm23,gali albu,hl,+,,,
imm23,gali pumi,hl,1,,,
imm23,gali veru,hl,r,,,
imm23,holc lana,hl,1,,,
imm23,knau arve arve,hl,+,,,
imm23,lotu corn,hl,+,,,
imm23,luzu camp,hl,1,,,
imm23,medi falc,hl,1,,,
imm23,medi lupu,hl,+,,,
imm23,orig vulg,hl,2b,,,
imm23,plan lanc,hl,+,,,
imm23,poa angu,hl,1,,,
imm23,poa nemo,hl,+,,,
imm23,poa prat,hl,1,,,
imm23,popu trem,hl,+,,,
imm23,pter aqui,hl,2a,,,
imm23,rhin alec alec,hl,2b,,,
imm23,rhin sero,hl,1,,,
imm23,rubu caes,hl,1,,,
imm23,secu vari,hl,3,,,
imm23,sene jaco,hl,+,,,
imm23,sile vulg vulg,hl,1,,,
imm23,tana vulg,hl,+,,,
imm23,thym pule pule,hl,2b,,,
imm23,trif medi medi,hl,+,,,
imm23,trif prat prat,hl,r,,,
imm23,turr glab,hl,r,,,
imm23,verb lych,hl,+,,,
imm23,vero cham cham,hl,+,,,
imm23,vici angu angu,hl,+,,,
imm23,vici hirs,hl,+,,,
imm23,viol rivi,hl,1,,,
imm24,agro capi,hl,1,,,
imm24,agro giga,hl,1,,,
imm24,ajug rept,hl,+,,,
imm24,anth odor,hl,1,,,
imm24,anth vuln slat,hl,2a,,,
imm24,arrh elat,hl,2a,,,
imm24,beto offi offi,hl,r,,,
imm24,brac pinn,hl,1,,,
imm24,briz medi,hl,+,,,
imm24,brom erec,hl,2a,,,
imm24,camp pers,hl,r,,,
imm24,camp rapu rapu,hl,r,,,
imm24,care cary,hl,2a,,,
imm24,care flac,hl,2b,,,
imm24,care orni orni,hl,1,,,
imm24,cent jace jace,hl,1,,,
imm24,cich inty,hl,+,,,
imm24,dauc caro caro,hl,+,,,
imm24,elyt aena,hl,1,,,
imm24,equi arve,hl,r,,,
imm24,erig annu slat,hl,1,,,
imm24,fest rubr rubr,hl,+,,,
imm24,fest stri trac,hl,1,,,
imm24,fili ulma,hl,1,,,
imm24,gali albu,hl,1,,,
imm24,hera spho spho,hl,r,,,
imm24,holc lana,hl,1,,,
imm24,homa pube pube,hl,+,,,
imm24,leon hisp hisp,hl,+,,,
imm24,lotu corn,hl,+,,,
imm24,medi falc,hl,+,,,
imm24,medi sati,hl,+,,,
imm24,medi vari,hl,r,,,
imm24,oeno bien aggr,hl,+,,,
imm24,onon repe proc,hl,r,,,
imm24,orig vulg,hl,1,,,
imm24,plan lanc,hl,1,,,
imm24,poa angu,hl,+,,,
imm24,prim elat,hl,r,,,
imm24,prun vulg,hl,+,,,
imm24,rhin alec alec,hl,1,,,
imm24,rhin sero,hl,1,,,
imm24,rubu caes,hl,+,,,
imm24,sang mino mino,hl,1,,,
imm24,secu vari,hl,+,,,
imm24,sela helv,hl,r,,,
imm24,sene jaco,hl,r,,,
imm24,sile nuta nuta,hl,+,,,
imm24,sile vulg vulg,hl,2a,,,
imm24,tana vulg,hl,+,,,
imm24,thym pule pule,hl,4,,,
imm24,tris flav flav,hl,+,,,
imm24,verb lych,hl,+,,,
imm24,vero cham cham,hl,+,,,
imm24,vici crac,hl,+,,,
imm25,achi mill aggr,hl,1,,,
imm25,agro capi,hl,1,,,
imm25,anth odor,hl,+,,,
imm25,anth vuln slat,hl,1,,,
imm25,arrh elat,hl,2m,,,
imm25,brac pinn,hl,1,,,
imm25,briz medi,hl,2a,,,
imm25,brom erec,hl,2a,,,
imm25,camp rapu rapu,hl,+,,,
imm25,care cary,hl,1,,,
imm25,care flac,hl,+,,,
imm25,care orni orni,hl,+,,,
imm25,cent jace jace,hl,1,,,
imm25,cent stoe stoe,hl,r,,,
imm25,cich inty,hl,+,,,
imm25,crep bien,hl,+,,,
imm25,dian cart cart,hl,1,,,
imm25,echi vulg,hl,+,,,
imm25,elyt aena,hl,r,,,
imm25,erig annu slat,hl,1,,,
imm25,euph cypa,hl,+,,,
imm25,fest rubr rubr,hl,2b,,,
imm25,fest stri trac,hl,2a,,,
imm25,gali albu,hl,1,,,
imm25,gali veru,hl,1,,,
imm25,holc lana,hl,1,,,
imm25,homa pube pube,hl,+,,,
imm25,knau arve arve,hl,+,,,
imm25,leon hisp hisp,hl,1,,,
imm25,linu cath,hl,1,,,
imm25,lotu corn,hl,+,,,
imm25,luzu camp,hl,+,,,
imm25,medi falc,hl,1,,,
imm25,orig vulg,hl,1,,,
imm25,plan lanc,hl,1,,,
imm25,poa angu,hl,+,,,
imm25,poa prat,hl,+,,,
imm25,pote neum,hl,r,,,
imm25,rhin alec alec,hl,2a,,,
imm25,rhin sero,hl,2a,,,
imm25,rubu caes,hl,+,,,
imm25,sang mino mino,hl,+,,,
imm25,scab colu,hl,1,,,
imm25,sela helv,hl,1,,,
imm25,sene jaco,hl,r,,,
imm25,sile nuta nuta,hl,+,,,
imm25,sile vulg vulg,hl,2a,,,
imm25,thym pule pule,hl,4,,,
imm25,trif prat prat,hl,+,,,
imm25,verb lych,hl,+,,,
imm26,achi mill aggr,hl,1,,,
imm26,agro capi,hl,+,,,
imm26,anth odor,hl,+,,,
imm26,anth tinc,hl,r,,,
imm26,anth vuln slat,hl,3,,,
imm26,brac pinn,hl,1,,,
imm26,briz medi,hl,1,,,
imm26,brom erec,hl,2a,,,
imm26,care cary,hl,+,,,
imm26,care flac,hl,+,,,
imm26,care orni orni,hl,+,,,
imm26,cent jace jace,hl,1,,,
imm26,cent stoe stoe,hl,r,,,
imm26,dian cart cart,hl,2a,,,
imm26,echi vulg,hl,+,,,
imm26,elyt aena,hl,r,,,
imm26,erig annu slat,hl,1,,,
imm26,euph cypa,hl,1,,,
imm26,fest rubr rubr,hl,2b,,,
imm26,fest stri trac,hl,2a,,,
imm26,gali albu,hl,+,,,
imm26,gali veru,hl,+,,,
imm26,homa pube pube,hl,r,,,
imm26,leon hisp hisp,hl,1,,,
imm26,linu cath,hl,+,,,
imm26,lotu corn,hl,+,,,
imm26,medi falc,hl,2a,,,
imm26,medi sati,hl,r,,,
imm26,meli albu,hl,+,,,
imm26,orig vulg,hl,+,,,
imm26,plan lanc,hl,1,,,
imm26,poa angu,hl,1,,,
imm26,pote neum,hl,r,,,
imm26,pote rept,hl,+,,,
imm26,prun vulg,hl,+,,,
imm26,rhin alec alec,hl,1,,,
imm26,rhin sero,hl,1,,,
imm26,salv prat prat,hl,+,,,
imm26,sang mino mino,hl,+,,,
imm26,scab colu,hl,2a,,,
imm26,secu vari,hl,+,,,
imm26,sela helv,hl,+,,,
imm26,sene jaco,hl,r,,,
imm26,sile nuta nuta,hl,+,,,
imm26,sile vulg vulg,hl,1,,,
imm26,tana vulg,hl,+,,,
imm26,thym pule pule,hl,4,,,
imm26,trif camp,hl,r,,,
imm26,trif prat prat,hl,+,,,
imm26,verb lych,hl,1,,,
imm27,achi mill aggr,hl,1,,,
imm27,agro capi,hl,+,,,
imm27,agro giga,hl,+,,,
imm27,ajug rept,hl,+,,,
imm27,arrh elat,hl,3,,,
imm27,brac pinn,hl,1,,,
imm27,brom erec,hl,2a,,,
imm27,brom iner,hl,1,,,
imm27,camp rapu rapu,hl,r,,,
imm27,care cary,hl,+,,,
imm27,care flac,hl,1,,,
imm27,care orni orni,hl,+,,,
imm27,cent jace jace,hl,+,,,
imm27,crep capi,hl,+,,,
imm27,dact glom glom,hl,1,,,
imm27,dauc caro caro,hl,+,,,
imm27,dian cart cart,hl,+,,,
imm27,echi vulg,hl,2a,,,
imm27,elyt aena,hl,1,,,
imm27,erig annu slat,hl,+,,,
imm27,euph cypa,hl,1,,,
imm27,fest arun slat,hl,1,,,
imm27,fest rubr rubr,hl,2a,,,
imm27,fest stri trac,hl,+,,,
imm27,gali albu,hl,2a,,,
imm27,geum urba,hl,+,,,
imm27,hier pilo ides,hl,+,,,
imm27,holc lana,hl,1,,,
imm27,homa pube pube,hl,+,,,
imm27,lath prat prat,hl,+,,,
imm27,lotu corn,hl,+,,,
imm27,medi falc,hl,+,,,
imm27,medi sati,hl,+,,,
imm27,oeno bien aggr,hl,+,,,
imm27,onon repe proc,hl,+,,,
imm27,orig vulg,hl,1,,,
imm27,phle prat,hl,+,,,
imm27,phra aust,hl,r,,,
imm27,plan lanc,hl,1,,,
imm27,pote rept,hl,+,,,
imm27,ranu acri acri,hl,+,,,
imm27,rhin alec alec,hl,1,,,
imm27,rhin sero,hl,1,,,
imm27,rubu caes,hl,1,,,
imm27,sang mino mino,hl,1,,,
imm27,sang offi,hl,r,,,
imm27,secu vari,hl,2b,,,
imm27,sene jaco,hl,+,,,
imm27,sile vulg vulg,hl,1,,,
imm27,soli cana,hl,r,,,
imm27,tara sect rude,hl,+,,,
imm27,thym pule pule,hl,1,,,
imm27,tris flav flav,hl,+,,,
imm27,vale offi slat,hl,+,,,
imm27,vero cham cham,hl,+,,,
