plot,abbr,layer,cover,voucher,comment,history
sb01,acer pseu,hl,+,,,
sb01,achn cala,hl,1,,,
sb01,alli lusi,hl,1,,,
sb01,amel oval,hl,+,,,
sb01,anth ramo,hl,1,,,
sb01,berb vulg,hl,+,,,
sb01,buph sali,hl,2a,,,
sb01,cala vari,hl,2b,,,
sb01,camp trac,hl,+,,,
sb01,card defl viri,hl,2a,,,
sb01,care alba,hl,+,,,
sb01,care digi,hl,+,,,
sb01,care humi,hl,2b,,,
sb01,care mucr,hl,+,,,
sb01,clem vita,hl,2a,,,
sb01,clin alpi alpi,hl,1,,,
sb01,corn sang slat,hl,+,,,
sb01,coto diva,hl,r,,,
sb01,epip atro,hl,r,,,
sb01,epip hell slat,hl,r,,,
sb01,eric carn,hl,+,,,
sb01,euon lati,hl,+,,,
sb01,euph cypa,hl,+,,,
sb01,fagu sylv,hl,+,,,
sb01,frag vesc,hl,+,,,
sb01,fran alnu,hl,+,,,
sb01,frax exce,hl,+,,,
sb01,gale mont,hl,r,,,
sb01,gera robe,hl,r,,,
sb01,glob cord,hl,+,,,
sb01,hede heli,hl,1,,,
sb01,hepa nobi,hl,+,,,
sb01,hier bifi,hl,+,,,
sb01,hier muro,hl,+,,,
sb01,inul cony,hl,r,,,
sb01,lase lati lati,hl,1,,,
sb01,leon inca,hl,+,,,
sb01,ligu vulg,hl,1,,,
sb01,orig vulg,hl,+,,,
sb01,pice abie,hl,+,,,
sb01,poly cham,hl,+,,,
sb01,poly odor,hl,+,,,
sb01,pote caul,hl,r,,,
sb01,prun aviu slat,hl,+,,,
sb01,quer robu,hl,+,,,
sb01,rham cath,hl,1,,,
sb01,salv glut,hl,+,,,
sb01,sedu albu,hl,+,,,
sb01,sesl caer,hl,2b,,,
sb01,sile nuta nuta,hl,+,,,
sb01,soli virg virg,hl,+,,,
sb01,sorb aria,hl,+,,,
sb01,teuc cham,hl,2a,,,
sb01,teuc mont,hl,+,,,
sb01,vero urti,hl,r,,,
sb01,vibu lant,hl,+,,,
sb01,vinc hiru,hl,2b,,,
sb01,viol ×umbr,hl,+,2014-0408,,
sb01,amel oval,sl,2a,,,
sb01,berb vulg,sl,1,,,
sb01,clem vita,sl,+,,,
sb01,corn sang slat,sl,+,,,
sb01,cory avel,sl,1,,,
sb01,fagu sylv,sl,1,,,
sb01,fran alnu,sl,+,,,
sb01,frax exce,sl,+,,,
sb01,jugl regi,sl,+,,,
sb01,popu trem,sl,+,,,
sb01,quer robu,sl,+,,,
sb01,rham cath,sl,2a,,,
sb01,rosa cani,sl,+,,,
sb01,sorb aria,sl,1,,,
sb01,vibu lant,sl,1,,,
sb01,pice abie,tl1,2b,,,
sb01,fagu sylv,tl2,2a,,,
sb01,prun aviu slat,tl2,1,,,
sb01,sorb aria,tl2,2a,,,
sb01,taxu bacc,tl2,2a,,,
sb01,tili ×vul,tl2,2a,,,
sb01,tili plat,tl2,2a,,,
sb02,achn cala,hl,2a,,,
sb02,alli lusi,hl,1,,,
sb02,anth ramo,hl,1,,,
sb02,aspl ruta,hl,r,,,
sb02,buph sali,hl,+,,,
sb02,card defl viri,hl,+,,,
sb02,care humi,hl,1,,,
sb02,care mucr,hl,1,,,
sb02,clin alpi alpi,hl,+,,,
sb02,euph cypa,hl,+,,,
sb02,fran alnu,hl,+,,,
sb02,glob cord,hl,2a,,,
sb02,hier bifi,hl,+,,,
sb02,juni comm comm,hl,+,,,
sb02,lase lati lati,hl,r,,,
sb02,leon inca,hl,1,,,
sb02,poly odor,hl,+,,,
sb02,pote caul,hl,1,,,
sb02,sedu albu,hl,+,,,
sb02,sesl caer,hl,1,,,
sb02,sorb aria,hl,+,,,
sb02,taxu bacc,hl,+,,,
sb02,teuc cham,hl,+,,,
sb02,teuc mont,hl,1,,,
sb02,vinc hiru,hl,+,,,
sb02,amel oval,sl,+,,,
sb02,berb vulg,sl,+,,,
sb02,rham cath,sl,1,,,
sb03,acer plat,hl,+,,,
sb03,acer pseu,hl,+,,,
sb03,anth ramo,hl,+,,,
sb03,aspl ruta,hl,+,,,
sb03,aspl tric quad,hl,+,,,
sb03,berb vulg,hl,+,,,
sb03,buph sali,hl,+,,,
sb03,cala vari,hl,+,,,
sb03,camp trac,hl,+,,,
sb03,card defl viri,hl,+,,,
sb03,care alba,hl,1,,,
sb03,care digi,hl,+,,,
sb03,care flac,hl,+,,,
sb03,care orni orni,hl,r,,,
sb03,clem vita,hl,+,,,
sb03,cory avel,hl,+,,,
sb03,digi gran,hl,+,,,
sb03,epip atro,hl,+,,,
sb03,euph amyg amyg,hl,+,,,
sb03,fagu sylv,hl,+,,,
sb03,frax exce,hl,+,,,
sb03,gale flav,hl,+,,,
sb03,gera robe,hl,+,,,
sb03,hede heli,hl,+,,,
sb03,hell nige,hl,+,,,
sb03,hepa nobi,hl,+,,,
sb03,hier bifi,hl,+,,,
sb03,inul cony,hl,+,,,
sb03,kern saxa,hl,+,,,
sb03,lase lati lati,hl,+,,,
sb03,leon inca,hl,r,,,
sb03,ligu vulg,hl,+,,,
sb03,lili mart,hl,r,,,
sb03,merc pere,hl,+,,,
sb03,moeh musc,hl,+,,,
sb03,orig vulg,hl,+,,,
sb03,pimp majo majo,hl,+,,,
sb03,poly cham,hl,+,,,
sb03,poly odor,hl,1,,,
sb03,pote caul,hl,r,,,
sb03,prim auri auri,hl,r,,,
sb03,rham cath,hl,+,,,
sb03,salv glut,hl,1,,,
sb03,sesl caer,hl,1,,,
sb03,sile nuta nuta,hl,+,,,
sb03,soli virg virg,hl,+,,,
sb03,sorb aucu aucu,hl,+,,,
sb03,tili plat,hl,+,,,
sb03,ulmu glab,hl,+,,,
sb03,vale trip,hl,+,,,
sb03,vero urti,hl,+,,,
sb03,vibu lant,hl,+,,,
sb03,vinc hiru,hl,+,,,
sb03,viol coll,hl,1,,,
sb03,acer plat,sl,+,,,
sb03,acer pseu,sl,1,,,
sb03,amel oval,sl,+,,,
sb03,berb vulg,sl,+,,,
sb03,corn sang slat,sl,+,,,
sb03,cory avel,sl,2a,,,
sb03,euon lati,sl,r,,,
sb03,fagu sylv,sl,+,,,
sb03,fran alnu,sl,+,,,
sb03,frax exce,sl,+,,,
sb03,hipp emer emer,sl,r,,,
sb03,ligu vulg,sl,1,,,
sb03,rosa cani,sl,r,,,
sb03,samb nigr,sl,+,,,
sb03,sorb aria,sl,+,,,
sb03,sorb aucu aucu,sl,+,,,
sb03,taxu bacc,sl,1,,,
sb03,tili plat,sl,+,,,
sb03,ulmu glab,sl,+,,,
sb03,vibu lant,sl,+,,,
sb03,acer pseu,tl1,1,,,
sb03,fagu sylv,tl1,1,,,
sb03,taxu bacc,tl1,2a,,,
sb03,tili plat,tl1,2b,,,
sb03,acer pseu,tl2,+,,,
sb03,sorb aria,tl2,1,,,
sb03,taxu bacc,tl2,+,,,
sb03,tili plat,tl2,1,,,
sb03,visc albu,tl2,+,,,
sb04,acer plat,hl,+,,,
sb04,ajug rept,hl,+,,,
sb04,alli lusi,hl,+,,,
sb04,amel oval,hl,+,,,
sb04,anth ramo,hl,1,,,
sb04,aqui atra,hl,+,,,
sb04,aspl ruta,hl,+,,,
sb04,aspl tric quad,hl,+,,,
sb04,berb vulg,hl,+,,,
sb04,buph sali,hl,+,,,
sb04,cala vari,hl,+,,,
sb04,camp trac,hl,+,,,
sb04,card defl viri,hl,+,,,
sb04,care alba,hl,1,,,
sb04,care digi,hl,+,,,
sb04,clem vita,hl,+,,,
sb04,epip atro,hl,+,,,
sb04,euon lati,hl,+,,,
sb04,euph amyg amyg,hl,+,,,
sb04,fagu sylv,hl,+,,,
sb04,frax exce,hl,+,,,
sb04,gera robe,hl,+,,,
sb04,hede heli,hl,+,,,
sb04,hell nige,hl,1,,,
sb04,hepa nobi,hl,1,,,
sb04,hier bifi,hl,+,,,
sb04,kern saxa,hl,+,,,
sb04,lact mura,hl,+,,,
sb04,lase lati lati,hl,+,,,
sb04,ligu vulg,hl,+,,,
sb04,lili mart,hl,r,,,
sb04,merc pere,hl,+,,,
sb04,moeh musc,hl,+,,,
sb04,pice abie,hl,+,,,
sb04,poly cham,hl,+,,,
sb04,poly odor,hl,1,,,
sb04,salv glut,hl,1,,,
sb04,samb nigr,hl,+,,,
sb04,sesl caer,hl,1,,,
sb04,soli virg virg,hl,+,,,
sb04,sorb aria,hl,+,,,
sb04,taxu bacc,hl,+,,,
sb04,ulmu glab,hl,+,,,
sb04,vale trip,hl,+,,,
sb04,vinc hiru,hl,+,,,
sb04,viol coll,hl,+,,,
sb04,berb vulg,sl,+,,,
sb04,corn sang slat,sl,+,,,
sb04,cory avel,sl,1,,,
sb04,ligu vulg,sl,+,,,
sb04,pice abie,sl,+,,,
sb04,rham cath,sl,+,,,
sb04,samb nigr,sl,+,,,
sb04,sorb aria,sl,+,,,
sb04,taxu bacc,sl,1,,,
sb04,tili plat,sl,+,,,
sb04,ulmu glab,sl,1,,,
sb04,taxu bacc,tl1,3,,,
sb04,tili plat,tl1,2a,,,
sb04,frax exce,tl2,1,,,
sb04,sorb aria,tl2,1,,,
sb04,taxu bacc,tl2,2a,,,
