plot,abbr,layer,cover,voucher,comment,history
szwf01,acer pseu,hl,r,,,
szwf01,achi mill aggr,hl,+,,,
szwf01,agro capi,hl,+,,,
szwf01,anth vuln carp,hl,+,,,
szwf01,arrh elat,hl,r,,,
szwf01,briz medi,hl,2a,,,
szwf01,brom erec,hl,3,,,
szwf01,care cary,hl,+,,,
szwf01,care flac,hl,1,,,
szwf01,dact glom glom,hl,+,,,
szwf01,dauc caro caro,hl,+,,,
szwf01,gali albu,hl,r,,,
szwf01,holc lana,hl,+,,,
szwf01,hype perf,hl,r,,,
szwf01,lath sylv,hl,r,,,
szwf01,leon hisp hisp,hl,+,,,
szwf01,linu cath,hl,+,,,
szwf01,lotu corn,hl,1,,,
szwf01,medi falc,hl,1,,,
szwf01,pimp majo majo,hl,r,,,
szwf01,plan lanc,hl,1,,,
szwf01,poa angu,hl,1,,,
szwf01,prun vulg,hl,+,,,
szwf01,ranu acri acri,hl,+,,,
szwf01,rhin alec alec,hl,3,,,
szwf01,rhin mino,hl,+,,,
szwf01,rubu caes,hl,r,,,
szwf01,sang mino mino,hl,1,,,
szwf01,secu vari,hl,+,,,
szwf01,sile vulg vulg,hl,r,,,
szwf01,soli cana,hl,r,,,
szwf01,tara sect rude,hl,r,,,
szwf01,trag orie,hl,r,,,
szwf01,trif prat prat,hl,1,,,
szwf01,verb nigr,hl,r,,,
szwf02,acer pseu,hl,+,,,
szwf02,ajug rept,hl,+,,,
szwf02,anth odor,hl,+,,,
szwf02,briz medi,hl,+,,,
szwf02,brom erec,hl,4,,,
szwf02,care cary,hl,1,,,
szwf02,care flac,hl,1,,,
szwf02,care pall,hl,r,,,
szwf02,cent jace jace,hl,r,,,
szwf02,colc autu,hl,2a,,,
szwf02,dact glom glom,hl,+,,,
szwf02,fest prat prat,hl,r,,,
szwf02,fest rubr rubr,hl,+,,,
szwf02,frax exce,hl,1,,,
szwf02,gali albu,hl,1,,,
szwf02,holc lana,hl,+,,,
szwf02,homa pube pube,hl,+,,,
szwf02,hype perf,hl,r,,,
szwf02,lath prat prat,hl,+,,,
szwf02,luzu camp,hl,r,,,
szwf02,plan lanc,hl,+,,,
szwf02,poa angu,hl,1,,,
szwf02,prim elat,hl,+,,,
szwf02,prim veri veri,hl,+,,,
szwf02,ranu nemo,hl,r,,,
szwf02,rubu caes,hl,+,,,
szwf02,tris flav flav,hl,+,,,
szwf02,vale offi slat,hl,r,,,
szwf03,arrh elat,hl,r,,,
szwf03,brac rupe rupe,hl,+,,,
szwf03,briz medi,hl,+,,,
szwf03,buph sali,hl,2a,,,
szwf03,cala vari,hl,1,,,
szwf03,card defl viri,hl,r,,,
szwf03,care alba,hl,r,,,
szwf03,care cary,hl,+,,,
szwf03,care flac,hl,1,,,
szwf03,care orni orni,hl,r,,,
szwf03,carl vulg vulg,hl,+,,,
szwf03,dact macu slat,hl,r,,,
szwf03,eric carn,hl,2b,,,
szwf03,gymn odor,hl,r,,,
szwf03,hier bifi,hl,1,,,
szwf03,leon hisp hisp,hl,+,,,
szwf03,linu cath,hl,+,,,
szwf03,lotu corn,hl,1,,,
szwf03,moli arun,hl,3,,,
szwf03,ophr inse,hl,r,,,
szwf03,orig vulg,hl,+,,,
szwf03,parn palu,hl,r,,,
szwf03,poly amar ella,hl,r,,,
szwf03,pote erec,hl,r,,,
szwf03,ranu nemo,hl,+,,,
szwf03,sesl caer,hl,1,,,
szwf03,soli virg virg,hl,+,,,
szwf03,tofi caly,hl,r,,,
szwf03,vici crac,hl,r,,,
szwf04,alnu inca,hl,r,,,
szwf04,ange sylv sylv,hl,r,,,
szwf04,apos foet,hl,+,,,
szwf04,arrh elat,hl,r,,,
szwf04,brac rupe rupe,hl,3,,,
szwf04,briz medi,hl,1,,,
szwf04,buph sali,hl,r,,,
szwf04,cala vari,hl,+,,,
szwf04,card defl viri,hl,r,,,
szwf04,care cary,hl,1,,,
szwf04,care flac,hl,1,,,
szwf04,care orni orni,hl,+,,,
szwf04,carl vulg vulg,hl,+,,,
szwf04,epip palu,hl,r,,,
szwf04,eric carn,hl,+,,,
szwf04,euph offi pict,hl,r,,,
szwf04,gali albu,hl,+,,,
szwf04,gymn cono cono,hl,r,,,
szwf04,hera spho spho,hl,r,,,
szwf04,hier bifi,hl,+,,,
szwf04,leon hisp hisp,hl,1,,,
szwf04,linu cath,hl,+,,,
szwf04,list ovat,hl,r,,,
szwf04,lotu corn,hl,+,,,
szwf04,meli nuta,hl,+,,,
szwf04,ophr inse,hl,+,,,
szwf04,orig vulg,hl,+,,,
szwf04,peta para,hl,1,,,
szwf04,pimp majo majo,hl,r,,,
szwf04,poly amar ella,hl,r,,,
szwf04,pote erec,hl,+,,,
szwf04,rubu saxa,hl,r,,,
szwf04,sali capr,hl,r,,,
szwf04,soli virg virg,hl,+,,,
szwf04,vici crac,hl,r,,,
szwf05,achi mill aggr,hl,+,,,
szwf05,anth vuln carp,hl,1,,cf.,
szwf05,arab hirs,hl,r,,,
szwf05,aren serp,hl,r,,,
szwf05,briz medi,hl,2b,,,
szwf05,brom erec,hl,3,,,
szwf05,care cary,hl,1,,,
szwf05,care orni orni,hl,+,,,
szwf05,cera arve arve,hl,r,,,
szwf05,echi vulg,hl,r,,,
szwf05,erig annu slat,hl,r,,,
szwf05,euph cypa,hl,+,,,
szwf05,fest stri sulc,hl,1,,,
szwf05,fili vulg,hl,1,,,
szwf05,gali albu,hl,1,,,
szwf05,hier pilo ides,hl,r,,,
szwf05,knau arve arve,hl,+,,,
szwf05,lath prat prat,hl,+,,,
szwf05,lotu corn,hl,+,,,
szwf05,meli albu,hl,+,,,
szwf05,orig vulg,hl,1,,,
szwf05,poa angu,hl,r,,,
szwf05,rhin mino,hl,r,,,
szwf05,rubu caes,hl,r,,,
szwf05,salv vert,hl,r,,,
szwf05,soli cana,hl,r,,,
szwf05,thym pule pule,hl,1,,,
szwf05,verb nigr,hl,+,,,
szwf05,vero cham cham,hl,+,,,
szwf05,vero orch,hl,1,,,
szwf05,vici crac,hl,+,,,
szwf06,agri eupa eupa,hl,+,,,
szwf06,anch offi,hl,r,,,
szwf06,anth vuln carp,hl,+,,,
szwf06,arab hirs,hl,r,,,
szwf06,aren serp,hl,r,,,
szwf06,arrh elat,hl,2a,,,
szwf06,briz medi,hl,+,,,
szwf06,brom erec,hl,+,,,
szwf06,cala epig,hl,r,,,
szwf06,care cary,hl,+,,,
szwf06,clem vita,hl,r,,,
szwf06,dauc caro caro,hl,+,,,
szwf06,erig annu slat,hl,+,,,
szwf06,erig cana,hl,+,,,
szwf06,fest stri sulc,hl,2b,,,
szwf06,gali albu,hl,2a,,,
szwf06,hier pilo ella,hl,+,,,
szwf06,hier pilo ides,hl,r,,,
szwf06,hype perf,hl,+,,,
szwf06,knau arve arve,hl,r,,,
szwf06,lath prat prat,hl,+,,,
szwf06,lath sylv,hl,r,,,
szwf06,lotu corn,hl,1,,,
szwf06,medi lupu,hl,+,,,
szwf06,oeno bien aggr,hl,+,,,
szwf06,orig vulg,hl,2b,,,
szwf06,rese lute lute,hl,+,,,
szwf06,rhin mino,hl,r,,,
szwf06,rubu caes,hl,+,,,
szwf06,sali capr,hl,r,,,
szwf06,sali purp,hl,+,,,
szwf06,sang mino mino,hl,+,,,
szwf06,soli cana,hl,+,,,
szwf06,sonc aspe aspe,hl,+,,,
szwf06,thym pule pule,hl,1,,,
szwf06,trif prat prat,hl,r,,,
szwf06,verb nigr,hl,1,,,
szwf06,vero cham cham,hl,+,,,
szwf06,vero orch,hl,+,,,
szwf06,vici crac,hl,+,,,
szwf07,achi mill aggr,hl,+,,,
szwf07,alli oler,hl,1,,,
szwf07,anth vuln carp,hl,+,,,
szwf07,aren serp,hl,+,,,
szwf07,arrh elat,hl,2a,,,
szwf07,brom erec,hl,1,,,
szwf07,care cary,hl,1,,,
szwf07,care orni orni,hl,+,,,
szwf07,dauc caro caro,hl,+,,,
szwf07,echi vulg,hl,1,,,
szwf07,erig annu slat,hl,r,,,
szwf07,euph cypa,hl,2a,,,
szwf07,fest stri sulc,hl,2b,,,
szwf07,fili vulg,hl,r,,,
szwf07,frag vesc,hl,+,,,
szwf07,gali albu,hl,2a,,,
szwf07,hier muro,hl,r,,cf.,
szwf07,leon hisp hisp,hl,1,,,
szwf07,leuc vulg,hl,r,,,
szwf07,lotu corn,hl,+,,,
szwf07,orig vulg,hl,2a,,,
szwf07,poa angu,hl,1,,,
szwf07,rosa cani,hl,r,,,
szwf07,soli cana,hl,r,,,
szwf07,sonc aspe aspe,hl,+,,,
szwf07,thym pule pule,hl,1,,,
szwf07,verb nigr,hl,2a,,,
szwf08,ajug rept,hl,+,,,
szwf08,anth odor,hl,+,,,
szwf08,arab hirs,hl,r,,,
szwf08,aren serp,hl,r,,,
szwf08,arrh elat,hl,1,,,
szwf08,briz medi,hl,+,,,
szwf08,brom erec,hl,3,,,
szwf08,care cary,hl,3,,,
szwf08,care orni orni,hl,+,,,
szwf08,cera holo,hl,r,,,
szwf08,dact glom glom,hl,+,,,
szwf08,dauc caro caro,hl,+,,,
szwf08,erig annu slat,hl,2a,,,
szwf08,euph offi rost,hl,r,,,
szwf08,fest prat prat,hl,+,,,
szwf08,fest stri sulc,hl,r,,,
szwf08,gali albu,hl,1,,,
szwf08,hier muro,hl,r,,cf.,
szwf08,hier pilo ella,hl,+,,,
szwf08,hier pilo ides,hl,+,,,
szwf08,hypo radi,hl,+,,,
szwf08,knau arve arve,hl,+,,,
szwf08,lath prat prat,hl,+,,,
szwf08,leon hisp hisp,hl,2a,,,
szwf08,leuc ircu,hl,+,,,
szwf08,lotu corn,hl,+,,,
szwf08,medi lupu,hl,+,,,
szwf08,orig vulg,hl,+,,,
szwf08,pimp majo majo,hl,r,,,
szwf08,poa prat,hl,+,,,
szwf08,prun vulg,hl,+,,,
szwf08,ranu acri acri,hl,r,,,
szwf08,rhin mino,hl,+,,,
szwf08,rume acet osa,hl,r,,,
szwf08,soli cana,hl,+,,,
szwf08,sonc aspe aspe,hl,r,,,
szwf08,tara sect rude,hl,r,,,
szwf08,thym pule pule,hl,2a,,,
szwf08,trif dubi,hl,+,,,
szwf08,trif prat prat,hl,1,,,
szwf08,tris flav flav,hl,+,,,
szwf08,verb nigr,hl,r,,,
szwf08,vero arve,hl,r,,,
szwf08,vici crac,hl,+,,,
szwf09,acer pseu,hl,+,,,
szwf09,acer pseu,sl,+,,,
szwf09,alnu inca,hl,+,,,
szwf09,alnu inca,sl,1,,,
szwf09,ange sylv sylv,hl,r,,,
szwf09,aqui atra,hl,r,,,
szwf09,betu pend,sl,2a,,,
szwf09,briz medi,hl,r,,,
szwf09,budd davi,sl,2a,,,
szwf09,cala vari,hl,3,,,
szwf09,card defl viri,hl,+,,,
szwf09,care alba,hl,+,,,
szwf09,care flac,hl,2a,,,
szwf09,care orni orni,hl,2a,,,
szwf09,carl vulg vulg,hl,+,,,
szwf09,chlo stat,hl,2m,,,
szwf09,clem vita,hl,+,,,
szwf09,conv maja maja,hl,+,,,
szwf09,dauc caro caro,hl,r,,,
szwf09,desc cesp,hl,+,,,
szwf09,epip atro,hl,r,,,
szwf09,eric carn,hl,1,,,
szwf09,eupa cann,hl,+,,,
szwf09,fest rubr rubr,hl,+,,,
szwf09,frag vesc,hl,+,,,
szwf09,fran alnu,hl,+,,,
szwf09,frax exce,hl,+,,,
szwf09,gali albu,hl,+,,,
szwf09,glob cord,hl,r,,,
szwf09,hier bifi,hl,+,,,
szwf09,hier pilo ides,hl,1,,,
szwf09,hype perf,hl,+,,,
szwf09,leon hisp hyos,hl,r,,,
szwf09,leon inca,hl,r,,,
szwf09,lotu corn,hl,+,,,
szwf09,meli nuta,hl,+,,,
szwf09,moli arun,hl,r,,,
szwf09,orig vulg,hl,+,,,
szwf09,peta para,hl,2b,,,
szwf09,pinu sylv,hl,1,,,
szwf09,pinu sylv,sl,2a,,,
szwf09,poly odor,hl,r,,,
szwf09,pote anse anse,hl,+,,,
szwf09,pote erec,hl,+,,,
szwf09,rosa pend,hl,r,,,
szwf09,rosa pend,sl,r,,,
szwf09,sali appe,sl,1,,,
szwf09,sali elea elea,sl,1,,,
szwf09,sali purp,sl,+,,,
szwf09,sang mino mino,hl,+,,,
szwf09,sola dulc,hl,r,,,
szwf09,soli cana,hl,1,,,
szwf09,tofi caly,hl,r,,,
szwf10,acer pseu,hl,+,,,
szwf10,acer pseu,sl,+,,,
szwf10,acer pseu,tl2,+,,,
szwf10,amel oval,hl,+,,,
szwf10,amel oval,sl,+,,,
szwf10,anth ramo,hl,r,,,
szwf10,bell mich,hl,r,,,
szwf10,berb vulg,hl,+,,,
szwf10,berb vulg,sl,+,,,
szwf10,beto alop,hl,r,,,
szwf10,betu pend,sl,r,,,
szwf10,bisc laev laev,hl,+,,,
szwf10,buph sali,hl,+,,,
szwf10,cala vari,hl,2b,,,
szwf10,camp coch,hl,r,,,
szwf10,card defl viri,hl,+,,,
szwf10,care alba,hl,2b,,,
szwf10,care flac,hl,1,,,
szwf10,care orni orni,hl,+,,,
szwf10,carl vulg vulg,hl,r,,,
szwf10,cent scab scab,hl,+,,,
szwf10,chlo stat,hl,r,,,
szwf10,conv maja maja,hl,1,,,
szwf10,corn sang slat,hl,r,,,
szwf10,cory avel,hl,1,,,
szwf10,cory avel,sl,+,,,
szwf10,daph meze,hl,r,,,
szwf10,drya octo,hl,r,,,
szwf10,epip atro,hl,r,,,
szwf10,eric carn,hl,2b,,,
szwf10,eupa cann,hl,r,,,
szwf10,euph cypa,hl,r,,,
szwf10,euph sali,hl,r,,,
szwf10,fran alnu,hl,1,,,
szwf10,fran alnu,sl,2a,,,
szwf10,frax exce,hl,+,,,
szwf10,frax exce,sl,+,,,
szwf10,frax exce,tl2,1,,,
szwf10,glob nudi,hl,r,,,
szwf10,gymn robe,hl,1,,,
szwf10,heli numm glab,hl,r,,,
szwf10,hell nige,hl,2a,,,
szwf10,hepa nobi,hl,+,,,
szwf10,hier bifi,hl,r,,,
szwf10,hier glau cum,hl,r,,,
szwf10,hipp como,hl,r,,,
szwf10,juni comm comm,hl,1,,,
szwf10,juni comm comm,sl,1,,,
szwf10,knau maxi,hl,+,,,
szwf10,lase lati lati,hl,1,,,
szwf10,ligu vulg,hl,1,,,
szwf10,ligu vulg,sl,1,,,
szwf10,loni xylo,hl,+,,,
szwf10,lotu corn,hl,r,,,
szwf10,medi lupu,hl,r,,,
szwf10,mela sylv,hl,+,,,
szwf10,meli nuta,hl,+,,,
szwf10,moli arun,hl,r,,,
szwf10,neot nidu,hl,r,,,
szwf10,peta para,hl,+,,,
szwf10,pice abie,hl,+,,,
szwf10,pice abie,sl,1,,,
szwf10,pice abie,tl1,2b,,,
szwf10,pice abie,tl2,1,,,
szwf10,pinu sylv,hl,+,,,
szwf10,pinu sylv,sl,2b,,,
szwf10,pinu sylv,tl1,1,,,
szwf10,pinu sylv,tl2,2b,,,
szwf10,poly cham,hl,1,,,
szwf10,poly odor,hl,+,,,
szwf10,pote erec,hl,1,,,
szwf10,rham cath,hl,+,,,
szwf10,rhin glac,hl,r,,,
szwf10,rhod hirs,hl,r,,,
szwf10,rosa pend,hl,r,,,
szwf10,rubu saxa,hl,2a,,,
szwf10,sali appe,hl,r,,,
szwf10,sali elea elea,hl,+,,,
szwf10,sali elea elea,sl,1,,,
szwf10,salv glut,hl,r,,,
szwf10,sesl caer,hl,2a,,,
szwf10,sorb aria,hl,+,,,
szwf10,sorb aria,sl,+,,,
szwf10,sorb aucu aucu,hl,+,,,
szwf10,teuc cham,hl,1,,,
szwf10,thes alpi,hl,r,,,
szwf10,thym prae poly,hl,r,,,
szwf10,tofi caly,hl,r,,,
szwf10,vale mont,hl,r,,,
szwf10,vale saxa,hl,r,,,
szwf10,verb nigr,hl,r,,,
szwf10,vibu lant,hl,+,,,
szwf10,vibu lant,sl,1,,,
szwf10,vibu opul,hl,+,,,
szwf10,viol coll,hl,r,,,
szwf11,achn cala,hl,r,,,
szwf11,anth ramo,hl,+,,,
szwf11,bell mich,hl,+,,,
szwf11,berb vulg,hl,r,,,
szwf11,bisc laev laev,hl,+,,,
szwf11,buph sali,hl,2a,,,
szwf11,cala vari,hl,1,,,
szwf11,camp coch,hl,r,,,
szwf11,card defl viri,hl,+,,,
szwf11,care alba,hl,+,,,
szwf11,care humi,hl,2a,,,
szwf11,care mucr,hl,1,,,
szwf11,ceph rubr,hl,r,,,
szwf11,cory avel,hl,r,,,
szwf11,drya octo,hl,1,,,
szwf11,epip atro,hl,+,,,
szwf11,eric carn,hl,2a,,,
szwf11,euph cypa,hl,r,,,
szwf11,euph sali,hl,+,,,
szwf11,fran alnu,hl,+,,,
szwf11,frax exce,hl,r,,,
szwf11,glob cord,hl,+,,,
szwf11,gymn cono cono,hl,r,,,
szwf11,gymn robe,hl,r,,,
szwf11,hell nige,hl,r,,,
szwf11,hier bifi,hl,+,,,
szwf11,hier glau cum,hl,+,,,
szwf11,juni comm comm,hl,r,,,
szwf11,leon hisp hyos,hl,+,,,
szwf11,leon inca,hl,1,,,
szwf11,linu cath,hl,+,,,
szwf11,moli arun,hl,+,,,
szwf11,orob teuc,hl,r,,,
szwf11,phyt orbi,hl,+,,,
szwf11,pinu sylv,hl,+,,,
szwf11,pinu sylv,sl,2a,,,
szwf11,pinu sylv,tl2,2a,,,
szwf11,poly cham,hl,1,,,
szwf11,poly odor,hl,r,,,
szwf11,pote erec,hl,+,,,
szwf11,quer robu,hl,+,,,
szwf11,rhin glac,hl,2a,,,
szwf11,rubu saxa,hl,+,,,
szwf11,sali elea elea,hl,+,,,
szwf11,sali elea elea,sl,+,,,
szwf11,sesl caer,hl,2b,,,
szwf11,sorb aria,hl,r,,,
szwf11,sorb aucu aucu,hl,r,,,
szwf11,teuc cham,hl,+,,,
szwf11,teuc mont,hl,2m,,,
szwf11,thes alpi,hl,+,,,
szwf11,thym prae poly,hl,+,,,
szwf11,tofi caly,hl,1,,,
szwf11,vale saxa,hl,+,,,
szwf11,viol coll,hl,+,,,
szwf12,abie alba,hl,r,,,
szwf12,acer pseu,hl,1,,,
szwf12,acer pseu,sl,+,,,
szwf12,aden alpi,hl,r,,,
szwf12,amel oval,hl,r,,,
szwf12,berb vulg,hl,+,,,
szwf12,berb vulg,sl,r,,,
szwf12,beto alop,hl,r,,,
szwf12,betu pend,tl2,+,,,
szwf12,brac sylv,hl,+,,,
szwf12,cala vari,hl,1,,,
szwf12,camp rotu,hl,r,,,
szwf12,card defl viri,hl,r,,,
szwf12,care alba,hl,3,,,
szwf12,care digi,hl,r,,,
szwf12,care flac,hl,+,,,
szwf12,care orni orni,hl,+,,,
szwf12,ceph rubr,hl,r,,,
szwf12,clem vita,hl,r,,,
szwf12,daph meze,hl,r,,,
szwf12,dryo fili,hl,r,,,
szwf12,epip atro,hl,r,,,
szwf12,epip hell slat,hl,r,,,
szwf12,eric carn,hl,2a,,,
szwf12,fran alnu,hl,1,,,
szwf12,fran alnu,sl,2a,,,
szwf12,frax exce,hl,+,,,
szwf12,gale flav,hl,+,,,
szwf12,good repe,hl,+,,,
szwf12,gymn robe,hl,+,,,
szwf12,hell nige,hl,+,,,
szwf12,hepa nobi,hl,r,,,
szwf12,jugl regi,hl,r,,,
szwf12,lact mura,hl,+,,,
szwf12,ligu vulg,hl,+,,,
szwf12,ligu vulg,sl,+,,,
szwf12,lili mart,hl,r,,,
szwf12,loni xylo,hl,+,,,
szwf12,meli nuta,hl,+,,,
szwf12,neot nidu,hl,1,,,
szwf12,oxal acet,hl,+,,,
szwf12,pari quad,hl,r,,,
szwf12,peta para,hl,r,,,
szwf12,pice abie,hl,+,,,
szwf12,pice abie,sl,2b,,,
szwf12,pice abie,tl2,1,,,
szwf12,pinu sylv,hl,r,,,
szwf12,pinu sylv,sl,r,,,
szwf12,pinu sylv,tl1,4,,,
szwf12,pinu sylv,tl2,2a,,,
szwf12,poly cham,hl,1,,,
szwf12,quer robu,hl,+,,,
szwf12,ranu nemo,hl,+,,,
szwf12,rubu saxa,hl,1,,,
szwf12,rubu sect rubu,hl,+,,,
szwf12,salv glut,hl,+,,,
szwf12,sesl caer,hl,2b,,,
szwf12,soli virg virg,hl,r,,,
szwf12,sorb aria,hl,+,,,
szwf12,sorb aria,sl,1,,,
szwf12,sorb aucu aucu,hl,+,,,
szwf12,vale trip,hl,+,,,
szwf12,vibu lant,hl,+,,,
szwf12,vibu lant,sl,+,,,
szwf12,vibu opul,hl,+,,,
szwf12,vinc mino,hl,+,,,
szwf12,viol coll,hl,r,,,
szwf12,viol reic,hl,+,,,
szwf13,acer pseu,hl,+,,,
szwf13,acer pseu,sl,+,,,
szwf13,ajug rept,hl,+,,,
szwf13,anth ramo,hl,r,,,
szwf13,apos foet,hl,+,,,
szwf13,berb vulg,hl,+,,,
szwf13,berb vulg,sl,+,,,
szwf13,beto alop,hl,1,,,
szwf13,brac sylv,hl,+,,,
szwf13,cala vari,hl,1,,,
szwf13,care alba,hl,4,,,
szwf13,care flac,hl,+,,,
szwf13,care orni orni,hl,1,,,
szwf13,ceph long,hl,r,,,
szwf13,ceph rubr,hl,r,,,
szwf13,conv maja maja,hl,+,,,
szwf13,cory avel,hl,+,,,
szwf13,cory avel,sl,r,,,
szwf13,daph meze,hl,+,,,
szwf13,epip atro,hl,r,,,
szwf13,eric carn,hl,2a,,,
szwf13,frag vesc,hl,+,,,
szwf13,fran alnu,hl,1,,,
szwf13,fran alnu,sl,2b,,,
szwf13,frax exce,hl,+,,,
szwf13,gale flav,hl,+,,,
szwf13,gymn robe,hl,+,,,
szwf13,hell nige,hl,1,,,
szwf13,hepa nobi,hl,2a,,,
szwf13,hier bifi,hl,+,,,
szwf13,juni comm comm,hl,r,,,
szwf13,knau maxi,hl,+,,,
szwf13,lact mura,hl,+,,,
szwf13,lari deci deci,tl1,2a,,,
szwf13,ligu vulg,hl,+,,,
szwf13,maia bifo,hl,1,,,
szwf13,mela sylv,hl,+,,,
szwf13,meli nuta,hl,+,,,
szwf13,merc pere,hl,+,,,
szwf13,moli arun,hl,+,,,
szwf13,oxal acet,hl,+,,,
szwf13,pari quad,hl,r,,,
szwf13,pice abie,hl,+,,,
szwf13,pice abie,sl,+,,,
szwf13,pice abie,tl1,2a,,,
szwf13,pice abie,tl2,1,,,
szwf13,pinu sylv,sl,+,,,
szwf13,pinu sylv,tl1,2b,,,
szwf13,pinu sylv,tl2,2b,,,
szwf13,plat bifo,hl,r,,,
szwf13,poly cham,hl,2a,,,
szwf13,poly odor,hl,r,,,
szwf13,poly vert,hl,+,,,
szwf13,pote erec,hl,1,,,
szwf13,pren purp,hl,+,,,
szwf13,quer robu,hl,+,,,
szwf13,ranu nemo,hl,r,,,
szwf13,rhod hirs,hl,r,,,
szwf13,rubu saxa,hl,2a,,,
szwf13,rubu sect rubu,hl,r,,,
szwf13,salv glut,hl,1,,,
szwf13,sesl caer,hl,1,,,
szwf13,sorb aria,hl,1,,,
szwf13,sorb aria,sl,1,,,
szwf13,sorb aria,tl2,1,,,
szwf13,sorb aucu aucu,hl,+,,,
szwf13,teuc cham,hl,+,,,
szwf13,tofi caly,hl,r,,,
szwf13,vacc viti,hl,+,,,
szwf13,vale trip,hl,1,,,
szwf13,vibu lant,hl,+,,,
szwf13,vibu lant,sl,r,,,
szwf13,vibu opul,hl,+,,,
szwf13,vinc hiru,hl,r,,,
szwf13,viol coll,hl,r,,,
szwf13,viol reic,hl,+,,,
szwf14,ajug rept,hl,+,,,
szwf14,berb vulg,hl,+,,,
szwf14,berb vulg,sl,+,,,
szwf14,beto alop,hl,r,,,
szwf14,betu pend,sl,+,,,
szwf14,brac sylv,hl,+,,,
szwf14,cala vari,hl,2a,,,
szwf14,camp rotu,hl,+,,,
szwf14,camp trac,hl,r,,,
szwf14,care alba,hl,4,,,
szwf14,care flac,hl,+,,,
szwf14,care orni orni,hl,+,,,
szwf14,ceph long,hl,1,,,
szwf14,ceph rubr,hl,1,,,
szwf14,cory avel,hl,+,,,
szwf14,crat mono,hl,r,,,
szwf14,daph meze,hl,r,,,
szwf14,dryo fili,hl,r,,,
szwf14,epip atro,hl,+,,,
szwf14,epip hell slat,hl,+,,,
szwf14,euph cypa,hl,+,,,
szwf14,frag vesc,hl,+,,,
szwf14,fran alnu,hl,+,,,
szwf14,fran alnu,sl,2a,,,
szwf14,frax exce,hl,+,,,
szwf14,gymn robe,hl,+,,,
szwf14,hell nige,hl,+,,,
szwf14,hepa nobi,hl,2a,,,
szwf14,knau maxi,hl,+,,,
szwf14,ligu vulg,hl,+,,,
szwf14,loni xylo,hl,r,,,
szwf14,maia bifo,hl,1,,,
szwf14,mela sylv,hl,+,,,
szwf14,meli nuta,hl,1,,,
szwf14,merc pere,hl,+,,,
szwf14,orig vulg,hl,r,,,
szwf14,oxal acet,hl,+,,,
szwf14,pari quad,hl,r,,,
szwf14,pice abie,hl,+,,,
szwf14,pice abie,sl,1,,,
szwf14,pice abie,tl1,4,,,
szwf14,pice abie,tl2,2a,,,
szwf14,pimp majo majo,hl,+,,,
szwf14,pinu sylv,tl1,2a,,,
szwf14,pinu sylv,tl2,1,,,
szwf14,plat bifo,hl,+,,,
szwf14,poly cham,hl,2b,,,
szwf14,poly vert,hl,r,,,
szwf14,pote erec,hl,+,,,
szwf14,quer robu,hl,r,,,
szwf14,ranu nemo,hl,+,,,
szwf14,rubu saxa,hl,1,,,
szwf14,salv glut,hl,r,,,
szwf14,sesl caer,hl,1,,,
szwf14,soli virg virg,hl,r,,,
szwf14,sorb aria,hl,+,,,
szwf14,sorb aria,tl2,1,,,
szwf14,teuc cham,hl,1,,,
szwf14,vale mont,hl,1,,,
szwf14,vale trip,hl,+,,,
szwf14,vibu lant,hl,+,,,
szwf14,vinc hiru,hl,2a,,,
szwf14,viol coll,hl,r,,,
szwf14,viol reic,hl,+,,,
szwf15,acer pseu,hl,+,,,
szwf15,aden alpi,hl,r,,,
szwf15,ange sylv sylv,hl,r,,,
szwf15,cala vari,hl,2b,,,
szwf15,care alba,hl,3,,,
szwf15,care flac,hl,+,,,
szwf15,care orni orni,hl,+,,,
szwf15,ceph long,hl,+,,,
szwf15,ceph rubr,hl,+,,,
szwf15,clin vulg vulg,hl,+,,,
szwf15,cory avel,hl,+,,,
szwf15,cory avel,sl,+,,,
szwf15,epip atro,hl,r,,,
szwf15,epip hell slat,hl,+,,,
szwf15,eric carn,hl,1,,,
szwf15,euph cypa,hl,+,,,
szwf15,fagu sylv,hl,r,,,
szwf15,frag vesc,hl,+,,,
szwf15,fran alnu,hl,1,,,
szwf15,fran alnu,sl,3,,,
szwf15,frax exce,hl,+,,,
szwf15,frax exce,sl,r,,,
szwf15,gali albu,hl,r,,,
szwf15,gali pumi,hl,r,,cf.,
szwf15,gymn robe,hl,1,,,
szwf15,hell nige,hl,2b,,,
szwf15,hepa nobi,hl,1,,,
szwf15,ligu vulg,hl,1,,,
szwf15,ligu vulg,sl,+,,,
szwf15,maia bifo,hl,+,,,
szwf15,mela sylv,hl,+,,,
szwf15,meli nuta,hl,1,,,
szwf15,merc pere,hl,+,,,
szwf15,oxal acet,hl,+,,,
szwf15,pari quad,hl,r,,,
szwf15,pice abie,hl,+,,,
szwf15,pice abie,sl,2a,,,
szwf15,pice abie,tl1,2a,,,
szwf15,pice abie,tl2,2a,,,
szwf15,pimp majo majo,hl,+,,,
szwf15,pinu sylv,hl,+,,,
szwf15,pinu sylv,sl,1,,,
szwf15,pinu sylv,tl1,2b,,,
szwf15,poly cham,hl,1,,,
szwf15,poly odor,hl,1,,,
szwf15,poly vert,hl,r,,,
szwf15,pote erec,hl,1,,,
szwf15,ranu nemo,hl,+,,,
szwf15,rubu saxa,hl,1,,,
szwf15,salv glut,hl,2a,,,
szwf15,sesl caer,hl,2b,,,
szwf15,soli virg virg,hl,r,,,
szwf15,sorb aria,hl,+,,,
szwf15,sorb aria,sl,1,,,
szwf15,sorb aucu aucu,hl,+,,,
szwf15,teuc cham,hl,1,,,
szwf15,vacc myrt,hl,+,,,
szwf15,vacc viti,hl,+,,,
szwf15,vale trip,hl,1,,,
szwf15,viol coll,hl,+,,,
szwf16,acer pseu,hl,+,,,
szwf16,aden alpi,hl,+,,,
szwf16,ange sylv sylv,hl,+,,,
szwf16,brac sylv,hl,+,,,
szwf16,cala vari,hl,2a,,,
szwf16,care alba,hl,4,,,
szwf16,ceph long,hl,+,,,
szwf16,ceph rubr,hl,1,,,
szwf16,cirs oler,hl,r,,,
szwf16,cory avel,hl,+,,,
szwf16,daph meze,hl,r,,,
szwf16,epip atro,hl,r,,,
szwf16,epip hell slat,hl,+,,,
szwf16,eric carn,hl,1,,,
szwf16,eupa cann,hl,r,,,
szwf16,euph cypa,hl,+,,,
szwf16,fagu sylv,sl,+,,,
szwf16,fagu sylv,tl2,+,,,
szwf16,frag vesc,hl,+,,,
szwf16,fran alnu,hl,1,,,
szwf16,fran alnu,sl,2b,,,
szwf16,fran alnu,tl2,+,,,
szwf16,frax exce,hl,+,,,
szwf16,gali albu,hl,+,,,
szwf16,gymn robe,hl,+,,,
szwf16,hell nige,hl,1,,,
szwf16,hepa nobi,hl,1,,,
szwf16,knau maxi,hl,+,,,
szwf16,maia bifo,hl,2a,,,
szwf16,mela sylv,hl,1,,,
szwf16,meli nuta,hl,1,,,
szwf16,merc pere,hl,1,,,
szwf16,orig vulg,hl,+,,,
szwf16,pari quad,hl,1,,,
szwf16,pice abie,hl,+,,,
szwf16,pice abie,sl,1,,,
szwf16,pice abie,tl2,2a,,,
szwf16,pimp majo majo,hl,+,,,
szwf16,pinu sylv,sl,r,,,
szwf16,pinu sylv,tl1,3,,,
szwf16,pinu sylv,tl2,1,,,
szwf16,plat bifo,hl,r,,,
szwf16,poly cham,hl,1,,,
szwf16,pote erec,hl,1,,,
szwf16,pren purp,hl,+,,,
szwf16,pter aqui,hl,1,,,
szwf16,rubu saxa,hl,+,,,
szwf16,rubu sect rubu,hl,+,,,
szwf16,salv glut,hl,2a,,,
szwf16,sene ovat ovat,hl,r,,,
szwf16,sesl caer,hl,2a,,,
szwf16,soli virg virg,hl,+,,,
szwf16,sorb aria,hl,+,,,
szwf16,sorb aria,sl,+,,,
szwf16,sorb aucu aucu,hl,+,,,
szwf16,vacc myrt,hl,+,,,
szwf16,vacc viti,hl,+,,,
szwf16,vale trip,hl,2a,,,
szwf16,vibu opul,hl,+,,,
szwf16,viol coll,hl,+,,,
szwf16,viol reic,hl,+,,,
szwf17,abie alba,hl,r,,,
szwf17,acon lyco vulp,hl,1,,,
szwf17,aden alpi,hl,1,,,
szwf17,berb vulg,hl,+,,,
szwf17,berb vulg,sl,r,,,
szwf17,brac sylv,hl,+,,,
szwf17,cala vari,hl,2b,,,
szwf17,care alba,hl,4,,,
szwf17,care flac,hl,+,,,
szwf17,care orni orni,hl,r,,,
szwf17,ceph long,hl,r,,,
szwf17,ceph rubr,hl,r,,,
szwf17,corn sang slat,hl,r,,,
szwf17,cory avel,hl,r,,,
szwf17,daph meze,hl,r,,,
szwf17,dryo fili,hl,r,,,
szwf17,epip atro,hl,r,,,
szwf17,epip hell slat,hl,r,,,
szwf17,eric carn,hl,1,,,
szwf17,euph cypa,hl,+,,,
szwf17,fagu sylv,tl2,+,,,
szwf17,frag vesc,hl,+,,,
szwf17,fran alnu,hl,1,,,
szwf17,fran alnu,sl,2b,,,
szwf17,frax exce,hl,1,,,
szwf17,frax exce,sl,r,,,
szwf17,hell nige,hl,2a,,,
szwf17,hepa nobi,hl,+,,,
szwf17,knau maxi,hl,+,,,
szwf17,maia bifo,hl,1,,,
szwf17,malu sylv,hl,r,,,
szwf17,mela sylv,hl,1,,,
szwf17,meli nuta,hl,1,,,
szwf17,merc pere,hl,+,,,
szwf17,neot nidu,hl,r,,,
szwf17,oxal acet,hl,+,,,
szwf17,pari quad,hl,+,,,
szwf17,pice abie,hl,+,,,
szwf17,pice abie,sl,1,,,
szwf17,pice abie,tl2,2a,,,
szwf17,pimp majo majo,hl,+,,,
szwf17,pinu sylv,tl1,3,,,
szwf17,plat bifo,hl,r,,,
szwf17,poly cham,hl,1,,,
szwf17,poly vert,hl,r,,,
szwf17,pote erec,hl,1,,,
szwf17,pren purp,hl,+,,,
szwf17,pter aqui,hl,r,,,
szwf17,ranu nemo,hl,+,,,
szwf17,rubu saxa,hl,1,,,
szwf17,salv glut,hl,2a,,,
szwf17,sesl caer,hl,2a,,,
szwf17,soli virg virg,hl,r,,,
szwf17,sorb aria,hl,+,,,
szwf17,sorb aria,sl,+,,,
szwf17,sorb aucu aucu,hl,+,,,
szwf17,vacc myrt,hl,+,,,
szwf17,vacc viti,hl,r,,,
szwf17,vale trip,hl,+,,,
szwf17,vinc hiru,hl,r,,,
szwf17,viol reic,hl,+,,,
szwf18,acer pseu,hl,1,,,
szwf18,brac rupe rupe,hl,+,,,
szwf18,brac sylv,hl,+,,,
szwf18,cala vari,hl,2b,,,
szwf18,camp rotu,hl,r,,,
szwf18,care alba,hl,2b,,,
szwf18,care flac,hl,+,,,
szwf18,care orni orni,hl,r,,,
szwf18,ceph long,hl,r,,,
szwf18,ceph rubr,hl,r,,,
szwf18,cory avel,hl,r,,,
szwf18,dact glom glom,hl,r,,,
szwf18,dact macu slat,hl,+,,,
szwf18,daph meze,hl,+,,,
szwf18,desc cesp,hl,+,,,
szwf18,epip atro,hl,r,,,
szwf18,epip hell slat,hl,+,,,
szwf18,eric carn,hl,2a,,,
szwf18,eupa cann,hl,r,,,
szwf18,euph cypa,hl,+,,,
szwf18,frag vesc,hl,+,,,
szwf18,fran alnu,hl,1,,,
szwf18,fran alnu,sl,2a,,,
szwf18,frax exce,hl,1,,,
szwf18,frax exce,sl,r,,,
szwf18,gali albu,hl,r,,,
szwf18,gali pumi,hl,r,,cf.,
szwf18,hell nige,hl,+,,,
szwf18,hepa nobi,hl,+,,,
szwf18,lase lati lati,hl,r,,,
szwf18,loni xylo,hl,r,,,
szwf18,maia bifo,hl,1,,,
szwf18,mela sylv,hl,+,,,
szwf18,meli nuta,hl,1,,,
szwf18,orig vulg,hl,+,,,
szwf18,oxal acet,hl,+,,,
szwf18,pari quad,hl,r,,,
szwf18,pice abie,hl,+,,,
szwf18,pice abie,sl,1,,,
szwf18,pice abie,tl2,1,,,
szwf18,pinu sylv,tl1,4,,,
szwf18,plat bifo,hl,r,,,
szwf18,poly cham,hl,2a,,,
szwf18,poly mult,hl,r,,,
szwf18,poly odor,hl,+,,,
szwf18,poly vert,hl,r,,,
szwf18,pote erec,hl,1,,,
szwf18,prun spin,hl,r,,,
szwf18,pter aqui,hl,+,,,
szwf18,ranu nemo,hl,+,,,
szwf18,rham saxa saxa,hl,r,,,
szwf18,rosa cani,hl,r,,,
szwf18,rubu caes,hl,r,,,
szwf18,rubu saxa,hl,+,,,
szwf18,rubu sect rubu,hl,+,,,
szwf18,salv glut,hl,+,,,
szwf18,sesl caer,hl,3,,,
szwf18,sorb aria,hl,+,,,
szwf18,teuc cham,hl,2b,,,
szwf18,vacc myrt,hl,+,,,
szwf18,vale trip,hl,+,,,
szwf18,vinc hiru,hl,+,,,
