plot,abbr,layer,cover,voucher,comment,history
lg01,anth vuln alpi,hl,+,,,
lg01,arab cili,hl,r,,,
lg01,briz medi,hl,+,,,
lg01,cala vari,hl,2a,,,
lg01,care cary,hl,1,,,
lg01,care eric,hl,+,,,
lg01,care flac,hl,2a,,,
lg01,care mucr,hl,1,,,
lg01,care pani,hl,+,,,
lg01,carl acau acau,hl,+,,,
lg01,cent jace jace,hl,r,,,
lg01,clin alpi alpi,hl,1,,,
lg01,crep alpe,hl,+,,,
lg01,dant decu decu,hl,1,,,
lg01,eric carn,hl,2b,,,
lg01,euph offi rost,hl,r,,,
lg01,gali anis,hl,+,,,
lg01,gent clus clus,hl,+,,,
lg01,gent vern vern,hl,+,,,
lg01,glob cord,hl,2a,,,
lg01,gymn odor,hl,r,,,
lg01,heli numm obsc,hl,1,2020-0040,,
lg01,hier pilo ella,hl,r,,,
lg01,hipp como,hl,1,,,
lg01,leon hisp hisp,hl,1,,,
lg01,linu cath,hl,+,,,
lg01,lotu corn corn,hl,+,,,
lg01,orob teuc,hl,r,2020-0038,,
lg01,phyt orbi,hl,+,,,
lg01,pice abie,hl,r,,,
lg01,plan lanc,hl,+,,,
lg01,plan medi,hl,+,,,
lg01,poly cham,hl,+,,,
lg01,pote erec,hl,1,,,
lg01,pote pusi,hl,+,2020-0039,,
lg01,ranu nemo,hl,+,,,
lg01,sang mino mino,hl,r,,,
lg01,scab luci luci,hl,1,,,
lg01,sesl caer,hl,2a,,,
lg01,teuc mont,hl,1,,,
lg01,thes alpi,hl,r,,,
lg01,thym prae poly,hl,1,,,
lg01,viol reic,hl,r,2020-0041,,
lg02,anth vuln alpi,hl,1,,,
lg02,arab cili,hl,r,,,
lg02,aren serp,hl,r,,,
lg02,briz medi,hl,1,,,
lg02,buph sali,hl,1,,,
lg02,cala vari,hl,2a,,,
lg02,care alba,hl,2m,,,
lg02,care cary,hl,+,,,
lg02,care eric,hl,+,,,
lg02,care flac,hl,1,,,
lg02,care mucr,hl,2b,,,
lg02,care orni orni,hl,+,,,
lg02,care pani,hl,+,,,
lg02,carl acau acau,hl,1,,,
lg02,cent jace jace,hl,+,,,
lg02,clin alpi alpi,hl,2m,,,
lg02,crep alpe,hl,2m,,,
lg02,dant decu decu,hl,1,,,
lg02,drya octo,hl,+,,,
lg02,eric carn,hl,2a,,,
lg02,euph offi rost,hl,+,,,
lg02,euph sali,hl,+,,,
lg02,frag vesc,hl,r,,,
lg02,frax exce,hl,r,,,
lg02,gali anis,hl,+,,,
lg02,gent vern vern,hl,+,,,
lg02,glob cord,hl,1,,,
lg02,heli numm slat,hl,+,,,
lg02,hier glab,hl,r,x,,
lg02,hier pilo ella,hl,r,,,
lg02,leon hisp slat,hl,1,,,
lg02,linu cath,hl,+,,,
lg02,lotu corn corn,hl,+,,,
lg02,orob teuc,hl,r,,,
lg02,phyt orbi,hl,r,,,
lg02,pice abie,hl,r,,,
lg02,plan lanc,hl,1,,,
lg02,pote erec,hl,2m,,,
lg02,pote pusi,hl,+,,,
lg02,ranu bulb,hl,+,,,
lg02,ranu nemo,hl,+,,,
lg02,sang mino mino,hl,+,,,
lg02,scab luci luci,hl,2m,,,
lg02,sesl caer,hl,2a,,,
lg02,sile nuta nuta,hl,r,,,
lg02,sorb aucu aucu,hl,r,,,
lg02,teuc cham,hl,r,,,
lg02,teuc mont,hl,+,,,
lg02,thes alpi,hl,r,,,
lg02,thym prae poly,hl,2m,,,
lg02,trif mont mont,hl,r,,,
lg03,agro capi,hl,+,,,
lg03,alch glau,hl,r,2020-0037,,
lg03,alch pall,hl,r,,,
lg03,anth alpi,hl,+,,,
lg03,anth vuln alpi,hl,+,,,
lg03,apos foet,hl,r,,,
lg03,arab cili,hl,+,,,
lg03,aren serp,hl,r,,,
lg03,bell mich,hl,+,,,
lg03,briz medi,hl,1,,,
lg03,cala vari,hl,1,,,
lg03,camp sche,hl,+,,,
lg03,care cary,hl,1,,,
lg03,care eric,hl,+,2020-0036,,
lg03,care flac,hl,2a,,,
lg03,care orni orni,hl,1,,,
lg03,care pani,hl,1,,,
lg03,carl acau acau,hl,+,,,
lg03,caru carv,hl,r,,,
lg03,cent jace jace,hl,+,,,
lg03,cera holo,hl,+,,,
lg03,clin alpi alpi,hl,1,,,
lg03,crep alpe,hl,1,,,
lg03,cyno cris,hl,1,,,
lg03,dant decu decu,hl,+,,,
lg03,eric carn,hl,2a,,,
lg03,euph offi rost,hl,r,,,
lg03,fest prat prat,hl,+,,,
lg03,fest rubr rubr,hl,+,,,
lg03,gali anis,hl,+,,,
lg03,gent vern vern,hl,r,,,
lg03,heli numm glab,hl,1,,,
lg03,hier bifi,hl,r,,,
lg03,hier pilo ella,hl,+,,,
lg03,hipp como,hl,+,,,
lg03,leuc ircu,hl,+,,,
lg03,linu cath,hl,+,,,
lg03,loni alpi,hl,r,,,
lg03,lotu corn corn,hl,1,,,
lg03,medi lupu,hl,+,,,
lg03,phyt orbi,hl,+,,,
lg03,pinu sylv,hl,r,,,
lg03,plan lanc,hl,+,,,
lg03,plan medi,hl,+,,,
lg03,poa prat,hl,r,,,
lg03,poly alpe alpe,hl,+,,,
lg03,poly cham,hl,+,,,
lg03,pote erec,hl,1,,,
lg03,pote pusi,hl,+,,,
lg03,prim veri veri,hl,r,,,
lg03,prun vulg,hl,1,,,
lg03,ranu acri acri,hl,+,,,
lg03,ranu bulb,hl,r,,,
lg03,ranu mont,hl,+,,,
lg03,ranu nemo,hl,+,,,
lg03,rhin mino,hl,+,,,
lg03,sang mino mino,hl,+,,,
lg03,scab luci luci,hl,1,,,
lg03,sesl caer,hl,2a,,,
lg03,teuc mont,hl,1,,,
lg03,thes alpi,hl,+,,,
lg03,thym prae poly,hl,2b,,,
lg03,trif mont mont,hl,1,,,
lg03,trif prat prat,hl,1,,,
lg03,trif repe repe,hl,+,,,
lg03,vacc viti,hl,r,,,
lg03,vero offi,hl,+,,,
lg03,viol hirt,hl,+,,,
lg04,agro capi,hl,+,,,
lg04,alch glau,hl,r,,,
lg04,anth vuln alpi,hl,+,,,
lg04,arab cili,hl,r,,,
lg04,aren serp,hl,r,,,
lg04,bisc laev laev,hl,+,,,
lg04,briz medi,hl,1,,,
lg04,cala vari,hl,2b,,,
lg04,camp rotu,hl,+,,,
lg04,camp sche,hl,+,,,
lg04,care alba,hl,+,,,
lg04,care cary,hl,+,,,
lg04,care eric,hl,+,2020-0035,,
lg04,care flac,hl,2a,,,
lg04,care orni orni,hl,1,,,
lg04,care pani,hl,2b,,,
lg04,carl acau acau,hl,+,,,
lg04,clin alpi alpi,hl,2m,,,
lg04,crep alpe,hl,2m,,,
lg04,dant decu decu,hl,2m,,,
lg04,eric carn,hl,2b,,,
lg04,euph offi rost,hl,+,,,
lg04,gali anis,hl,1,,,
lg04,gymn odor,hl,r,,,
lg04,heli numm glab,hl,1,x,,
lg04,heli numm gran,hl,1,x,,
lg04,hier glab,hl,1,,,
lg04,hier muro,hl,r,,,
lg04,hipp como,hl,1,,,
lg04,leon hisp slat,hl,1,,,
lg04,linu cath,hl,+,,,
lg04,lotu corn corn,hl,1,,,
lg04,merc pere,hl,r,,,
lg04,pice abie,hl,r,,,
lg04,pinu sylv,hl,r,,,
lg04,plan lanc,hl,+,,,
lg04,poly alpe alpe,hl,+,,,
lg04,poly cham,hl,1,,,
lg04,pote erec,hl,2a,,,
lg04,pote pusi,hl,+,,,
lg04,sang mino mino,hl,+,,,
lg04,sesl caer,hl,2a,,,
lg04,teuc mont,hl,1,,,
lg04,thes alpi,hl,+,,,
lg04,thym prae poly,hl,2b,,,
lg04,trif mont mont,hl,1,,,
lg04,trif prat prat,hl,+,,,
lg04,viol hirt,hl,+,,,
lg05,acer pseu,hl,r,,,
lg05,achi mill aggr,hl,+,,,
lg05,agro capi,hl,1,,,
lg05,alch glau,hl,+,,,
lg05,alch mont,hl,1,2020-0032,,
lg05,anth alpi,hl,1,,,
lg05,anth vuln alpi,hl,+,,,
lg05,briz medi,hl,1,,,
lg05,buph sali,hl,+,,,
lg05,cala vari,hl,+,,,
lg05,camp sche,hl,+,,,
lg05,care alba,hl,1,,,
lg05,care cary,hl,1,,,
lg05,care eric,hl,+,,,
lg05,care flac,hl,+,,,
lg05,care pall,hl,+,,,
lg05,care pani,hl,2a,,,
lg05,carl acau acau,hl,+,,,
lg05,caru carv,hl,+,,,
lg05,cent jace jace,hl,+,,,
lg05,cera holo,hl,+,,,
lg05,crep alpe,hl,1,,,
lg05,cyno cris,hl,1,,,
lg05,dact glom glom,hl,+,,,
lg05,dant decu decu,hl,1,,,
lg05,eric carn,hl,2a,,,
lg05,fest nigr cens,hl,1,,,
lg05,fest prat prat,hl,1,,,
lg05,fest rubr rubr,hl,1,,,
lg05,gali anis,hl,+,,,
lg05,gent clus clus,hl,r,,,
lg05,heli numm glab,hl,1,,,
lg05,hier bifi,hl,+,,,
lg05,hier pilo ella,hl,1,,,
lg05,horm pyre,hl,+,2020-0034,,
lg05,leon hisp hisp,hl,+,,,
lg05,linu cath,hl,+,,,
lg05,nard stri,hl,1,,,
lg05,pers vivi,hl,+,,,
lg05,phyt orbi,hl,+,,,
lg05,pice abie,hl,r,,,
lg05,pimp majo majo,hl,+,,,
lg05,plan lanc,hl,+,,,
lg05,poly alpe alpe,hl,+,,,
lg05,poly cham,hl,1,,,
lg05,pote erec,hl,1,,,
lg05,pote pusi,hl,r,2020-0033,,
lg05,prun vulg,hl,+,,,
lg05,ranu acri acri,hl,+,,,
lg05,ranu bulb,hl,2m,,,
lg05,ranu mont,hl,+,,,
lg05,ranu repe,hl,r,,,
lg05,sang mino mino,hl,+,,,
lg05,sesl caer,hl,2a,,,
lg05,teuc mont,hl,+,,,
lg05,thym prae poly,hl,1,,,
lg05,trif mont mont,hl,1,,,
lg05,trif prat prat,hl,1,,,
lg05,vero cham cham,hl,r,,,
lg05,vero offi,hl,+,,,
lg05,viol hirt,hl,+,,,
lg06,acer pseu,hl,r,,,
lg06,agro capi,hl,+,,,
lg06,ante dioi,hl,r,,,
lg06,anth vuln alpi,hl,+,,,
lg06,briz medi,hl,1,,,
lg06,buph sali,hl,+,,,
lg06,cala vari,hl,2a,,,
lg06,camp sche,hl,+,,,
lg06,care flac,hl,+,,,
lg06,care orni orni,hl,+,,,
lg06,care pani,hl,1,,,
lg06,carl acau acau,hl,+,,,
lg06,cent jace jace,hl,+,,,
lg06,clin alpi alpi,hl,1,,,
lg06,crep alpe,hl,+,,,
lg06,dant decu decu,hl,2b,,,
lg06,eric carn,hl,3,,,
lg06,euph sali,hl,r,,,
lg06,frag vesc,hl,r,,,
lg06,gali anis,hl,+,,,
lg06,gent clus clus,hl,r,,,
lg06,gent vern vern,hl,+,,,
lg06,glob cord,hl,+,,,
lg06,gymn cono cono,hl,r,,,
lg06,gymn odor,hl,r,,,
lg06,heli numm glab,hl,+,,,
lg06,hier bifi,hl,+,,,
lg06,hier muro,hl,+,,,
lg06,hier pilo ella,hl,+,,,
lg06,hipp como,hl,+,,,
lg06,leon hisp slat,hl,+,,,
lg06,leuc ircu,hl,+,,,
lg06,linu cath,hl,+,,,
lg06,lotu corn corn,hl,+,,,
lg06,nigr rhel,hl,+,2020-0031,,
lg06,phyt orbi,hl,+,,,
lg06,pice abie,hl,1,,,
lg06,plan lanc,hl,+,,,
lg06,plan medi,hl,+,,,
lg06,poly cham,hl,+,,,
lg06,pote erec,hl,2m,,,
lg06,prun vulg,hl,+,,,
lg06,ranu mont,hl,1,,,
lg06,sang mino mino,hl,r,,,
lg06,scab luci luci,hl,+,,,
lg06,sesl caer,hl,2a,,,
lg06,thes alpi,hl,+,,,
lg06,thym prae poly,hl,+,,,
lg06,trif mont mont,hl,1,,,
lg06,trif prat prat,hl,+,,,
lg06,trif repe repe,hl,+,,,
lg06,viol hirt,hl,+,,,
lg06,viol rivi,hl,+,,,
lg07,agro capi,hl,+,,,
lg07,alch glau,hl,+,,,
lg07,alch mont,hl,+,,,
lg07,alch spec ies,hl,r,2020-0029,,
lg07,anth alpi,hl,+,,,
lg07,anth vuln alpi,hl,+,,,
lg07,aren serp,hl,r,,,
lg07,bisc laev laev,hl,r,,,
lg07,briz medi,hl,1,,,
lg07,buph sali,hl,1,,,
lg07,cala vari,hl,2b,,,
lg07,camp sche,hl,+,,,
lg07,care eric,hl,+,2020-0030,,
lg07,care flac,hl,+,,,
lg07,care orni orni,hl,+,,,
lg07,care pall,hl,+,,,
lg07,care pani,hl,1,,,
lg07,carl acau acau,hl,+,,,
lg07,clin alpi alpi,hl,+,,,
lg07,crep alpe,hl,1,,,
lg07,cyno cris,hl,+,,,
lg07,dant decu decu,hl,2a,,,
lg07,eric carn,hl,2a,,,
lg07,fest nigr cens,hl,1,,,
lg07,fest rubr rubr,hl,+,,,
lg07,frag vesc,hl,+,,,
lg07,gali albu,hl,+,,,
lg07,gali anis,hl,+,,,
lg07,glob cord,hl,+,,,
lg07,gymn odor,hl,r,,,
lg07,heli numm glab,hl,1,,,
lg07,hier bifi,hl,+,,,
lg07,hier pilo ella,hl,1,,,
lg07,hipp como,hl,+,,,
lg07,linu cath,hl,+,,,
lg07,lotu corn corn,hl,+,,,
lg07,nard stri,hl,r,,,
lg07,pers vivi,hl,+,,,
lg07,phyt orbi,hl,1,,,
lg07,pice abie,hl,r,,,
lg07,pimp majo majo,hl,r,,,
lg07,plan lanc,hl,+,,,
lg07,poly alpe alpe,hl,+,,,
lg07,poly cham,hl,1,,,
lg07,pote erec,hl,2a,,,
lg07,prun vulg,hl,+,,,
lg07,ranu mont,hl,+,,,
lg07,scab luci luci,hl,+,,,
lg07,sesl caer,hl,2a,,,
lg07,teuc mont,hl,+,,,
lg07,thym prae poly,hl,1,,,
lg07,trif mont mont,hl,+,,,
lg07,trif prat prat,hl,+,,,
lg07,trif repe repe,hl,+,,,
lg07,vero offi,hl,+,,,
lg07,viol coll,hl,+,,,
lg07,viol rivi,hl,r,,,
lg08,agro capi,hl,1,,,
lg08,alch pall,hl,+,,,
lg08,ante dioi,hl,+,,,
lg08,anth alpi,hl,+,,,
lg08,anth vuln alpi,hl,+,,,
lg08,arab cili,hl,r,,,
lg08,aren serp,hl,r,,,
lg08,briz medi,hl,1,,,
lg08,buph sali,hl,+,,,
lg08,cala vari,hl,1,,,
lg08,call vulg,hl,r,,,
lg08,camp sche,hl,+,,,
lg08,care cary,hl,+,,,
lg08,care flac,hl,1,,,
lg08,care orni orni,hl,+,,,
lg08,care pani,hl,2b,,,
lg08,cera holo,hl,r,,,
lg08,clin alpi alpi,hl,1,,,
lg08,crep alpe,hl,+,,,
lg08,cyno cris,hl,+,,,
lg08,dant decu decu,hl,1,,,
lg08,eric carn,hl,2a,,,
lg08,fest nigr cens,hl,+,,,
lg08,fest rubr rubr,hl,1,,,
lg08,frag vesc,hl,1,,,
lg08,gali anis,hl,1,,,
lg08,hier bifi,hl,1,,,
lg08,hier pilo ella,hl,1,,,
lg08,hipp como,hl,1,,,
lg08,homo alpi,hl,r,,,
lg08,leon hisp slat,hl,+,,,
lg08,list ovat,hl,r,,,
lg08,nard stri,hl,r,,,
lg08,orob teuc,hl,r,,,
lg08,phyt orbi,hl,1,,,
lg08,plan lanc,hl,+,,,
lg08,poly cham,hl,1,,,
lg08,pote erec,hl,2a,,,
lg08,rosa cory,hl,r,,,
lg08,rubu idae,hl,+,,,
lg08,sesl caer,hl,2b,,,
lg08,thes alpi,hl,+,,,
lg08,thym prae poly,hl,2m,,,
lg08,thym pule pule,hl,+,,,
lg08,trif prat prat,hl,+,,,
lg08,trif repe repe,hl,1,,,
lg08,vero offi,hl,+,,,
lg09,acer pseu,hl,r,,,
lg09,agro capi,hl,1,,,
lg09,alch mont,hl,+,,,
lg09,alch pall,hl,1,,,
lg09,anth alpi,hl,+,,,
lg09,anth vuln alpi,hl,+,,,
lg09,aren serp,hl,r,,,
lg09,bisc laev laev,hl,r,,,
lg09,briz medi,hl,2a,,,
lg09,cala vari,hl,+,,,
lg09,camp sche,hl,+,,,
lg09,care eric,hl,+,,,
lg09,care flac,hl,+,,,
lg09,care pall,hl,+,,,
lg09,care pani,hl,2b,,,
lg09,care semp semp,hl,+,,,
lg09,carl acau acau,hl,+,,,
lg09,cent jace jace,hl,+,,,
lg09,cera holo,hl,+,,,
lg09,clin alpi alpi,hl,1,,,
lg09,crep alpe,hl,1,,,
lg09,cyno cris,hl,1,,,
lg09,dant decu decu,hl,1,,,
lg09,eric carn,hl,2a,,,
lg09,euph offi rost,hl,+,,,
lg09,fest nigr cens,hl,1,,,
lg09,fest prat prat,hl,1,,,
lg09,fest rubr rubr,hl,1,,,
lg09,frag vesc,hl,+,,,
lg09,gali anis,hl,+,,,
lg09,gent vern vern,hl,r,,,
lg09,gymn odor,hl,r,,,
lg09,heli numm glab,hl,+,,,
lg09,hipp como,hl,+,,,
lg09,leon hisp hisp,hl,2a,,,
lg09,linu cath,hl,+,,,
lg09,lotu corn corn,hl,1,,,
lg09,moli caer aggr,hl,1,,,
lg09,nard stri,hl,+,,,
lg09,pers vivi,hl,+,,,
lg09,phyt orbi,hl,+,,,
lg09,plan medi,hl,+,,,
lg09,poly alpe alpe,hl,+,,,
lg09,poly cham,hl,+,,,
lg09,pote erec,hl,1,,,
lg09,prun vulg,hl,+,,,
lg09,ranu acri acri,hl,+,,,
lg09,ranu mont,hl,1,,,
lg09,ranu nemo,hl,+,,,
lg09,scab luci luci,hl,+,,,
lg09,sesl caer,hl,1,,,
lg09,stel gram,hl,+,,,
lg09,teuc mont,hl,+,,,
lg09,thes alpi,hl,+,,,
lg09,thym prae poly,hl,1,,,
lg09,thym pule pule,hl,+,,,
lg09,tofi caly,hl,r,,,
lg09,trif mont mont,hl,1,,,
lg09,trif prat prat,hl,+,,,
lg09,trif repe repe,hl,+,,,
lg09,viol hirt,hl,r,,,
lg10,achi mill aggr,hl,+,,,
lg10,agro capi,hl,1,,,
lg10,alch mont,hl,r,,,
lg10,alch pall,hl,r,,,
lg10,anth alpi,hl,+,,,
lg10,anth vuln alpi,hl,1,,,
lg10,aren serp,hl,r,,,
lg10,briz medi,hl,1,,,
lg10,buph sali,hl,+,,,
lg10,cala vari,hl,1,,,
lg10,call vulg,hl,1,,,
lg10,camp sche,hl,+,,,
lg10,care cary,hl,+,,,
lg10,care eric,hl,+,,,
lg10,care flac,hl,1,,,
lg10,care orni orni,hl,+,,,
lg10,care pall,hl,+,,,
lg10,care pani,hl,2b,,,
lg10,care semp semp,hl,+,,,
lg10,carl acau acau,hl,+,,,
lg10,cent jace jace,hl,1,,,
lg10,clin alpi alpi,hl,+,,,
lg10,crep alpe,hl,1,,,
lg10,cyno cris,hl,+,,,
lg10,dant decu decu,hl,2a,,,
lg10,eric carn,hl,2a,,,
lg10,fest nigr cens,hl,1,,,
lg10,gali albu,hl,r,,,
lg10,gali anis,hl,+,,,
lg10,gent vern vern,hl,+,,,
lg10,glob cord,hl,+,,,
lg10,heli numm glab,hl,1,,,
lg10,hier pilo ella,hl,+,,,
lg10,hype macu,hl,+,,,
lg10,leon hisp slat,hl,1,,,
lg10,leuc ircu,hl,+,,,
lg10,linu cath,hl,+,,,
lg10,lotu corn corn,hl,+,,,
lg10,pers vivi,hl,+,,,
lg10,phyt orbi,hl,1,,,
lg10,pimp saxi saxi,hl,r,,,
lg10,plan lanc,hl,+,,,
lg10,poly alpe alpe,hl,+,,,
lg10,poly cham,hl,+,,,
lg10,prun vulg,hl,+,,,
lg10,ranu bulb,hl,r,,,
lg10,ranu mont,hl,1,,,
lg10,ranu nemo,hl,+,,,
lg10,sang mino mino,hl,r,,,
lg10,scab luci luci,hl,1,,,
lg10,sese liba liba,hl,r,,,
lg10,sesl caer,hl,2a,,,
lg10,teuc mont,hl,+,,,
lg10,thes alpi,hl,+,,,
lg10,thym prae poly,hl,2a,,,
lg10,trif mont mont,hl,+,,,
lg11,agro capi,hl,1,,,
lg11,anth vuln alpi,hl,1,,,
lg11,betu pend,sl,r,,,
lg11,briz medi,hl,1,,,
lg11,buph sali,hl,1,,,
lg11,cala vari,hl,2b,,,
lg11,camp rotu,hl,+,,,
lg11,care flac,hl,+,,,
lg11,care mucr,hl,1,,,
lg11,care pani,hl,2a,,,
lg11,carl acau acau,hl,+,,,
lg11,cent jace jace,hl,+,,,
lg11,cent scab scab,hl,r,,,
lg11,crep alpe,hl,+,,,
lg11,dact glom glom,hl,+,,,
lg11,dant decu decu,hl,2a,,,
lg11,eric carn,hl,2a,,,
lg11,gali anis,hl,+,,,
lg11,gent clus clus,hl,r,,,
lg11,glob cord,hl,+,,,
lg11,heli numm glab,hl,1,,,
lg11,hier muro,hl,+,,cf,
lg11,hipp como,hl,1,,,
lg11,juni comm comm,sl,r,,,
lg11,knau arve arve,hl,r,,,
lg11,leuc ircu,hl,r,,,
lg11,lotu corn corn,hl,1,,,
lg11,moli caer aggr,hl,2a,,,
lg11,nard stri,hl,+,,,
lg11,phyt orbi,hl,+,,,
lg11,pice abie,hl,1,,,
lg11,pice abie,sl,r,,,
lg11,pimp majo majo,hl,+,,,
lg11,plan lanc,hl,+,,,
lg11,poly cham,hl,+,,,
lg11,pote erec,hl,+,,,
lg11,prun vulg,hl,+,,,
lg11,ranu nemo,hl,+,,,
lg11,scab luci luci,hl,+,,,
lg11,sesl caer,hl,2a,,,
lg11,teuc mont,hl,+,,,
lg11,thes alpi,hl,+,,,
lg11,thym prae poly,hl,2a,,,
lg11,trif mont mont,hl,+,,,
lg11,viol hirt,hl,+,,,
lg12,achi mill aggr,hl,+,,,
lg12,agro capi,hl,1,,,
lg12,alch mont,hl,+,,,
lg12,anth alpi,hl,1,,,
lg12,anth vuln alpi,hl,1,,,
lg12,briz medi,hl,1,,,
lg12,call vulg,hl,r,,,
lg12,camp sche,hl,+,,,
lg12,care cary,hl,+,,,
lg12,care eric,hl,r,,,
lg12,care flac,hl,1,,,
lg12,care pall,hl,+,,,
lg12,care pani,hl,2a,,,
lg12,care sylv,hl,r,,,
lg12,cent jace jace,hl,1,,,
lg12,cera holo,hl,r,,,
lg12,cyno cris,hl,2a,,,
lg12,dant decu decu,hl,2a,,,
lg12,euph offi rost,hl,+,,,
lg12,fest nigr cens,hl,+,,,
lg12,fest prat prat,hl,1,,,
lg12,fest rubr rubr,hl,+,,,
lg12,gali anis,hl,+,,,
lg12,gent aspe,hl,+,,,
lg12,glob cord,hl,r,,,
lg12,gymn odor,hl,+,,,
lg12,heli numm obsc,hl,+,,,
lg12,hipp como,hl,r,,,
lg12,hypo radi,hl,r,,,
lg12,knau arve arve,hl,r,,,
lg12,leon hisp slat,hl,2a,,,
lg12,leuc ircu,hl,+,,,
lg12,linu cath,hl,+,,,
lg12,lotu corn corn,hl,1,,,
lg12,nard stri,hl,1,,,
lg12,ophi vulg,hl,r,,,
lg12,plan lanc,hl,1,,,
lg12,poa alpi,hl,+,,,
lg12,pote erec,hl,1,,,
lg12,prun vulg,hl,1,,,
lg12,ranu acri acri,hl,+,,,
lg12,ranu bulb,hl,2m,,,
lg12,rhin mino,hl,1,,,
lg12,scab luci luci,hl,+,,,
lg12,sesl caer,hl,1,,,
lg12,stel gram,hl,+,,,
lg12,teuc mont,hl,r,,,
lg12,thym prae poly,hl,2m,,,
lg12,trif repe repe,hl,+,,,
lg12,vero offi,hl,r,,,
lg13,acer pseu,hl,r,,,
lg13,acer pseu,sl,r,,,
lg13,amel oval,hl,r,,,
lg13,amel oval,sl,r,,,
lg13,apos foet,hl,+,,,
lg13,buph sali,hl,+,,,
lg13,cala vari,hl,2a,,,
lg13,card defl viri,hl,+,,,
lg13,drya octo,hl,+,,,
lg13,eric carn,hl,3,,,
lg13,fagu sylv,hl,r,,,
lg13,gali anis,hl,+,,,
lg13,glob cord,hl,+,,,
lg13,gymn odor,hl,r,,,
lg13,hepa nobi,hl,r,,,
lg13,hier muro,hl,+,,,
lg13,juni comm comm,sl,r,,,
lg13,knau maxi,hl,+,,,
lg13,leon hisp hyos,hl,+,,,
lg13,loni alpi,hl,r,,,
lg13,lotu corn corn,hl,+,,,
lg13,mela prat,hl,+,,,
lg13,mela sylv,hl,+,,,
lg13,merc pere,hl,+,,,
lg13,pari quad,hl,+,,,
lg13,phyt orbi,hl,+,,,
lg13,pinu mugo,sl,5,,,
lg13,pinu sylv,hl,r,,,
lg13,poly cham,hl,+,,,
lg13,poly vert,hl,+,,,
lg13,pote erec,hl,1,,,
lg13,pyro medi,hl,+,x,,
lg13,rhod hirs,hl,+,,,
lg13,rosa pend,hl,+,,,
lg13,rubu saxa,hl,1,,,
lg13,sesl caer,hl,1,,,
lg13,soli virg virg,hl,+,,,
lg13,sorb aria,hl,r,,,
lg13,sorb aria,sl,r,,,
lg13,sorb aucu aucu,hl,r,,,
lg13,sorb aucu aucu,sl,r,,,
lg13,sorb aucu aucu,tl2,+,,,
lg13,teuc mont,hl,+,,,
lg13,thes alpi,hl,+,,,
lg13,thym prae poly,hl,+,,,
lg13,tofi caly,hl,r,,,
lg13,vacc myrt,hl,2b,,,
lg13,vacc viti,hl,2a,,,
lg13,vale mont,hl,1,,,
lg13,vale saxa,hl,+,,,
lg13,vale trip,hl,+,,,
lg14,bisc laev laev,hl,r,,,
lg14,cala vari,hl,+,,,
lg14,card defl viri,hl,r,,,
lg14,care mucr,hl,1,,,
lg14,care orni orni,hl,r,,,
lg14,drya octo,hl,1,,,
lg14,epip atro,hl,1,,,
lg14,eric carn,hl,+,,,
lg14,euph sali,hl,+,,,
lg14,gali anis,hl,+,,,
lg14,glob cord,hl,2a,,,
lg14,hier bupl,hl,r,,,
lg14,hier glab,hl,r,,,
lg14,leon hisp hyos,hl,1,,L. hidpidus ssp. pseudocrispus,
lg14,linu cath,hl,r,,,
lg14,poly cham,hl,+,,,
lg14,pote caul,hl,r,,,
lg14,rhod cham,hl,r,,,
lg14,saxi caes,hl,r,,,
lg14,sesl caer,hl,+,,,
lg14,teuc mont,hl,+,,,
lg14,thym prae poly,hl,+,,,
lg14,vale saxa,hl,r,,,
lg15,abie alba,tl1,2a,,,
lg15,acer pseu,hl,+,,,
lg15,acer pseu,sl,+,,,
lg15,aden alpi,hl,+,,,
lg15,blec spic,hl,r,,,
lg15,buph sali,hl,+,,,
lg15,cala vari,hl,2b,,,
lg15,card enne,hl,+,,,
lg15,care alba,hl,2a,,,
lg15,care flac,hl,+,,,
lg15,care orni orni,hl,+,,,
lg15,coto tome,hl,r,,,
lg15,cyan mont,hl,+,,,
lg15,daph meze,hl,+,,,
lg15,dryo fili,hl,+,,,
lg15,epip atro,hl,r,,,
lg15,eric carn,hl,1,,,
lg15,fagu sylv,hl,r,,,
lg15,fagu sylv,sl,1,,,
lg15,fagu sylv,tl1,2b,,,
lg15,fagu sylv,tl2,2a,,,
lg15,frag vesc,hl,+,,,
lg15,gali anis,hl,+,,,
lg15,gent ascl,hl,1,,,
lg15,gymn dryo,hl,+,,,
lg15,gymn robe,hl,1,,,
lg15,hepa nobi,hl,+,,,
lg15,hier muro,hl,+,,,
lg15,homo alpi,hl,+,,,
lg15,knau maxi,hl,r,,,
lg15,lari deci deci,tl1,2b,,,
lg15,lili mart,hl,r,,,
lg15,lyco anno,hl,r,,,
lg15,maia bifo,hl,+,,,
lg15,mela sylv,hl,1,,,
lg15,meli nuta,hl,+,,,
lg15,merc pere,hl,2a,,,
lg15,neot nidu,hl,r,,,
lg15,oxal acet,hl,+,,,
lg15,pari quad,hl,+,,,
lg15,phyt orbi,hl,+,,,
lg15,pice abie,tl1,1,,,
lg15,pinu mugo,sl,r,,,
lg15,poly cham,hl,+,,,
lg15,poly vert,hl,+,,,
lg15,pote erec,hl,+,,,
lg15,pren purp,hl,+,,,
lg15,ranu nemo,hl,+,,,
lg15,rosa pend,hl,r,,,
lg15,rubu saxa,hl,1,,,
lg15,sesl caer,hl,+,,,
lg15,soli virg virg,hl,+,,,
lg15,sorb aria,hl,+,,,
lg15,sorb aria,sl,+,,,
lg15,sorb aucu aucu,hl,r,,,
lg15,taxu bacc,tl2,2a,,,
lg15,vacc myrt,hl,1,,,
lg15,vacc viti,hl,+,,,
lg15,vale mont,hl,1,,,
lg15,vale trip,hl,1,,,
lg15,viol coll,hl,+,,,
lg15,viol reic,hl,+,,,
lg16,abie alba,hl,+,,,
lg16,abie alba,tl1,2a,,,
lg16,acer pseu,hl,1,,,
lg16,acer pseu,sl,1,,,
lg16,aden alpi,hl,+,,,
lg16,ajug rept,hl,r,,,
lg16,apos foet,hl,+,,,
lg16,athy fili,hl,r,,,
lg16,bell mich,hl,+,,,
lg16,cala vari,hl,2b,,,
lg16,camp sche,hl,r,,,
lg16,card enne,hl,+,,,
lg16,care ferr,hl,+,,,
lg16,crep palu,hl,+,,,
lg16,daph meze,hl,r,,,
lg16,eric carn,hl,1,,,
lg16,fagu sylv,hl,1,,,
lg16,fagu sylv,sl,2a,,,
lg16,fagu sylv,tl1,3,,,
lg16,fagu sylv,tl2,2a,,,
lg16,gale flav,hl,+,,,
lg16,gent ascl,hl,+,,,
lg16,gymn dryo,hl,2a,,,
lg16,gymn robe,hl,1,,,
lg16,hepa nobi,hl,+,,,
lg16,hier muro,hl,+,,,
lg16,homo alpi,hl,+,,,
lg16,hupe sela,hl,r,,,
lg16,knau maxi,hl,+,,,
lg16,lari deci deci,tl1,+,,,
lg16,lili mart,hl,+,,,
lg16,luzu luzu ides,hl,+,,,
lg16,maia bifo,hl,+,,,
lg16,mela sylv,hl,1,,,
lg16,meli nuta,hl,+,,,
lg16,merc pere,hl,2a,,,
lg16,moeh musc,hl,r,,,
lg16,oxal acet,hl,+,,,
lg16,pari quad,hl,r,,,
lg16,phyt orbi,hl,r,,,
lg16,phyt spic spic,hl,r,,,
lg16,pice abie,hl,+,,,
lg16,pice abie,tl1,2a,,,
lg16,pice abie,tl2,1,,,
lg16,pinu mugo,sl,+,,,
lg16,poly lonc,hl,r,,,
lg16,pote erec,hl,+,,,
lg16,pren purp,hl,+,,,
lg16,ranu nemo,hl,+,,,
lg16,rubu saxa,hl,+,,,
lg16,sesl caer,hl,+,,,
lg16,sorb aria,hl,+,,,
lg16,sorb aucu aucu,hl,+,,,
lg16,vacc myrt,hl,1,,,
lg16,vacc viti,hl,r,,,
lg16,vale mont,hl,1,,,
lg16,vale trip,hl,1,,,
lg16,vero urti,hl,1,,,
lg16,viol reic,hl,+,,,
lg17,abie alba,hl,r,,,
lg17,acer pseu,hl,1,,,
lg17,acer pseu,sl,+,,,
lg17,acer pseu,tl2,2a,,,
lg17,acon lyco vulp,hl,+,,,
lg17,athy fili,hl,+,,,
lg17,cala vari,hl,1,,,
lg17,camp rotu,hl,r,,,
lg17,card enne,hl,+,,,
lg17,care ferr,hl,r,,,
lg17,conv maja maja,hl,r,,,
lg17,cyan mont,hl,r,,,
lg17,daph meze,hl,+,,,
lg17,dryo fili,hl,+,,,
lg17,eric carn,hl,3,,,
lg17,fagu sylv,hl,+,,,
lg17,fagu sylv,sl,1,,,
lg17,fagu sylv,tl2,3,,,
lg17,frag vesc,hl,+,,,
lg17,gale flav,hl,+,,,
lg17,gent ascl,hl,1,,,
lg17,gymn dryo,hl,1,,,
lg17,hepa nobi,hl,+,,,
lg17,hier muro,hl,+,,,
lg17,homo alpi,hl,+,,,
lg17,hype macu,hl,r,,,
lg17,knau maxi,hl,+,,,
lg17,lyco anno,hl,1,,,
lg17,maia bifo,hl,+,,,
lg17,mela sylv,hl,1,,,
lg17,meli nuta,hl,+,,,
lg17,merc pere,hl,1,,,
lg17,oxal acet,hl,+,,,
lg17,pari quad,hl,r,,,
lg17,phyt spic spic,hl,+,,,
lg17,pice abie,tl1,2a,,,
lg17,pinu mugo,sl,2a,,,
lg17,poly cham,hl,+,,,
lg17,poly vert,hl,+,,,
lg17,pote erec,hl,+,,,
lg17,pren purp,hl,+,,,
lg17,rhod hirs,hl,1,,,
lg17,rosa pend,hl,+,,,
lg17,rubu saxa,hl,+,,,
lg17,soli virg virg,hl,+,,,
lg17,sorb aria,hl,r,,,
lg17,sorb aria,sl,+,,,
lg17,sorb aucu aucu,hl,+,,,
lg17,sorb aucu aucu,sl,r,,,
lg17,sorb cham,hl,r,,,
lg17,vacc myrt,hl,2b,,,
lg17,vacc viti,hl,1,,,
lg17,vale mont,hl,1,,,
lg17,vale trip,hl,+,,,
lg17,vero urti,hl,+,,,
lg18,acer pseu,hl,1,,,
lg18,acer pseu,sl,1,,,
lg18,acer pseu,tl2,2b,,,
lg18,acon lyco vulp,hl,+,,,
lg18,aden alpi,hl,1,,,
lg18,athy fili,hl,+,,,
lg18,cala vari,hl,2b,,,
lg18,camp coch,hl,r,,,
lg18,card defl viri,hl,+,,,
lg18,clin alpi alpi,hl,r,,,
lg18,cyan mont,hl,+,,,
lg18,daph meze,hl,r,,,
lg18,dryo fili,hl,+,,,
lg18,eric carn,hl,+,,,
lg18,frag vesc,hl,+,,,
lg18,gent ascl,hl,r,,,
lg18,gymn dryo,hl,1,,,
lg18,gymn robe,hl,+,,,
lg18,hepa nobi,hl,r,,,
lg18,hier muro,hl,+,,,
lg18,homo alpi,hl,+,,,
lg18,knau maxi,hl,+,,,
lg18,lari deci deci,hl,+,,,
lg18,lari deci deci,sl,1,,,
lg18,lari deci deci,tl1,2b,,,
lg18,leon hisp hyos,hl,r,,L. hidpidus ssp. pseudocrispus,
lg18,lili mart,hl,+,,,
lg18,loni caer caer,hl,r,,,
lg18,mela sylv,hl,1,,,
lg18,meli nuta,hl,1,,,
lg18,merc pere,hl,+,,,
lg18,pari quad,hl,r,,,
lg18,peta para,hl,+,,,
lg18,phyt orbi,hl,r,,,
lg18,phyt spic spic,hl,r,,,
lg18,pice abie,tl1,1,,,
lg18,pinu mugo,sl,3,,,
lg18,poly alpe alpe,hl,r,,,
lg18,poly vert,hl,+,,,
lg18,pote erec,hl,+,,,
lg18,pren purp,hl,+,,,
lg18,ranu nemo,hl,+,,,
lg18,rhod hirs,hl,1,,,
lg18,rubu saxa,hl,+,,,
lg18,sesl caer,hl,+,,,
lg18,sile vulg vulg,hl,r,,,
lg18,soli virg virg,hl,+,,,
lg18,sorb aria,tl2,1,,,
lg18,sorb aucu aucu,hl,r,,,
lg18,sorb cham,hl,r,,,
lg18,vacc myrt,hl,1,,,
lg18,vacc viti,hl,+,,,
lg18,vale mont,hl,+,,,
lg18,vale trip,hl,+,,,
lg19,atha cret,hl,r,,,
lg19,bell mich,hl,r,,,
lg19,camp coch,hl,+,,,
lg19,card defl viri,hl,+,,,
lg19,care mucr,hl,1,,,
lg19,drya octo,hl,+,,,
lg19,eric carn,hl,+,,,
lg19,gent clus clus,hl,r,,,
lg19,glob cord,hl,1,,,
lg19,hier bifi,hl,+,,,
lg19,hier glab,hl,+,2020-0027,,
lg19,leon hisp hyos,hl,+,,,
lg19,phyt orbi,hl,+,,,
lg19,pinu mugo,hl,r,,,
lg19,pote caul,hl,1,,,
lg19,rhod cham,hl,1,,,
lg19,saxi caes,hl,+,,,
lg19,sesl caer,hl,+,,,
lg19,vale saxa,hl,+,,,
lg20,abie alba,tl1,1,,,
lg20,acer pseu,hl,+,,,
lg20,acer pseu,sl,+,,,
lg20,aden alpi,hl,+,,,
lg20,aspl viri,hl,r,,,
lg20,athy fili,hl,1,,,
lg20,blec spic,hl,r,,,
lg20,cala vari,hl,2a,,,
lg20,call vulg,hl,+,,,
lg20,card defl viri,hl,+,,,
lg20,care brac,hl,r,,,
lg20,care ferr,hl,r,,,
lg20,chae vill,hl,r,,,
lg20,cyan mont,hl,+,,,
lg20,dryo fili,hl,+,,,
lg20,eric carn,hl,3,,,
lg20,frag vesc,hl,+,,,
lg20,gent ascl,hl,r,,,
lg20,gymn dryo,hl,2m,,,
lg20,hepa nobi,hl,+,,,
lg20,hier muro,hl,+,,,
lg20,homo alpi,hl,+,,,
lg20,juni comm comm,hl,r,,,
lg20,knau maxi,hl,+,,,
lg20,lari deci deci,tl1,2a,,,
lg20,lari deci deci,tl2,1,,,
lg20,lili mart,hl,r,,,
lg20,luzu pilo,hl,r,,,
lg20,luzu sylv sylv,hl,+,,,
lg20,maia bifo,hl,+,,,
lg20,mela prat,hl,+,,,
lg20,mela sylv,hl,+,,,
lg20,meli nuta,hl,+,,,
lg20,merc pere,hl,+,,,
lg20,oxal acet,hl,+,,,
lg20,pari quad,hl,r,,,
lg20,pice abie,tl1,1,,,
lg20,pice abie,tl2,1,,,
lg20,pinu mugo,hl,+,,,
lg20,pinu mugo,sl,5,,,
lg20,poly cham,hl,+,,,
lg20,poly lonc,hl,r,,,
lg20,pote erec,hl,+,,,
lg20,pren purp,hl,+,,,
lg20,rhod cham,hl,+,,,
lg20,rhod hirs,hl,1,,,
lg20,rubu saxa,hl,1,,,
lg20,soli virg virg,hl,+,,,
lg20,sorb aucu aucu,tl2,+,,,
lg20,sorb cham,hl,+,,,
lg20,thym prae poly,hl,+,,,
lg20,vacc myrt,hl,3,,,
lg20,vacc viti,hl,2a,,,
lg20,vale mont,hl,+,,,
lg20,vale trip,hl,+,,,
lg20,viol reic,hl,r,,,
lg21,abie alba,hl,r,,,
lg21,abie alba,tl1,2a,,,
lg21,acer pseu,hl,r,,,
lg21,aden alpi,hl,+,,,
lg21,alch pall,hl,+,,,
lg21,anth alpi,hl,+,,,
lg21,apos foet,hl,+,,,
lg21,bell mich,hl,1,,,
lg21,briz medi,hl,+,,,
lg21,buph sali,hl,r,,,
lg21,cala vari,hl,2a,,,
lg21,call vulg,hl,+,,,
lg21,camp sche,hl,+,,,
lg21,care alba,hl,2b,,,
lg21,care flac,hl,+,,,
lg21,care orni orni,hl,+,,,
lg21,care pilu pilu,hl,r,,,
lg21,care sylv,hl,r,,,
lg21,clin alpi alpi,hl,+,,,
lg21,eric carn,hl,3,,,
lg21,fagu sylv,hl,r,,,
lg21,fest rubr rubr,hl,+,,,
lg21,frag vesc,hl,+,,,
lg21,gali anis,hl,+,,,
lg21,gymn odor,hl,r,,,
lg21,heli numm glab,hl,+,,,
lg21,hier muro,hl,+,,,
lg21,homo alpi,hl,+,,,
lg21,knau maxi,hl,+,,,
lg21,lari deci deci,tl1,2b,,,
lg21,lari deci deci,tl2,+,,,
lg21,lotu corn corn,hl,+,,,
lg21,luzu pilo,hl,+,,,
lg21,maia bifo,hl,+,,,
lg21,mela prat,hl,+,,,
lg21,mela sylv,hl,1,,,
lg21,meli nuta,hl,1,,,
lg21,merc pere,hl,+,,,
lg21,nard stri,hl,+,,,
lg21,oxal acet,hl,+,,,
lg21,phyt orbi,hl,+,,,
lg21,pice abie,hl,+,,,
lg21,pice abie,sl,1,,,
lg21,pice abie,tl1,2b,,,
lg21,pice abie,tl2,2a,,,
lg21,pimp majo majo,hl,+,,,
lg21,pinu mugo,sl,r,,,
lg21,pinu sylv,tl1,1,,,
lg21,plan lanc,hl,+,,,
lg21,poly cham,hl,1,,,
lg21,prun vulg,hl,+,,,
lg21,ranu nemo,hl,+,,,
lg21,sesl caer,hl,1,,,
lg21,soli virg virg,hl,+,,,
lg21,sorb aria,hl,r,,,
lg21,thes alpi,hl,r,,,
lg21,thym prae poly,hl,+,,,
lg21,vacc myrt,hl,2a,,,
lg21,vacc viti,hl,1,,,
lg21,vale mont,hl,+,,,
lg21,vale trip,hl,+,,,
lg21,vero offi,hl,+,,,
lg21,viol reic,hl,+,,,
lg22,abie alba,hl,+,,,
lg22,abie alba,tl1,2a,,,
lg22,agro capi,hl,r,,,
lg22,alch pall,hl,+,,,
lg22,amel oval,hl,r,,,
lg22,anth alpi,hl,1,,,
lg22,apos foet,hl,+,,,
lg22,bell mich,hl,1,,,
lg22,blec spic,hl,r,,,
lg22,briz medi,hl,+,,,
lg22,cala vari,hl,2b,,,
lg22,cala vill,hl,r,,,
lg22,camp sche,hl,+,,,
lg22,care alba,hl,2a,,,
lg22,care flac,hl,+,,,
lg22,care orni elon,hl,+,,,
lg22,care pall,hl,+,,,
lg22,carl acau acau,hl,r,,,
lg22,caru carv,hl,r,,,
lg22,chae vill,hl,+,,,
lg22,clin alpi alpi,hl,1,,,
lg22,coel viri,hl,r,,,
lg22,desc cesp,hl,r,,,
lg22,dryo cart,hl,r,,,
lg22,dryo dila,hl,r,,,
lg22,eric carn,hl,3,,,
lg22,fest rubr rubr,hl,+,,,
lg22,frag vesc,hl,+,,,
lg22,gali anis,hl,+,,,
lg22,gera sylv,hl,r,,,
lg22,glob cord,hl,r,,,
lg22,hier muro,hl,+,,,
lg22,homo alpi,hl,1,,,
lg22,hupe sela,hl,r,,,
lg22,juni comm nana,hl,r,,,
lg22,lari deci deci,tl1,2b,,,
lg22,lari deci deci,tl2,1,,,
lg22,leon hisp slat,hl,+,,,
lg22,linu cath,hl,+,,,
lg22,luzu luzu ides,hl,+,,,
lg22,luzu pilo,hl,+,,,
lg22,luzu sylv sylv,hl,+,,,
lg22,mela prat,hl,+,,,
lg22,mela sylv,hl,+,,,
lg22,meli nuta,hl,1,,,
lg22,oxal acet,hl,+,,,
lg22,phyt orbi,hl,+,,,
lg22,pice abie,hl,+,,,
lg22,pice abie,sl,1,,,
lg22,pice abie,tl1,2a,,,
lg22,pice abie,tl2,2a,,,
lg22,pinu mugo,hl,+,,,
lg22,pinu mugo,sl,2a,,,
lg22,poly alpe alpe,hl,r,,,
lg22,poly cham,hl,+,,,
lg22,poly vert,hl,r,,,
lg22,pote erec,hl,1,,,
lg22,ranu nemo,hl,1,,,
lg22,rubu sect rubu,hl,r,,,
lg22,sela sela,hl,r,,,
lg22,sesl caer,hl,1,,,
lg22,sorb aucu aucu,hl,+,,,
lg22,sorb cham,hl,+,,,
lg22,thel limb,hl,r,,,
lg22,thym prae poly,hl,+,,,
lg22,tofi caly,hl,r,,,
lg22,vacc myrt,hl,1,,,
lg22,vacc viti,hl,+,,,
lg22,vale mont,hl,+,,,
lg22,vale trip,hl,+,,,
lg22,vero offi,hl,+,,,
lg23,aden alpi,hl,r,,,
lg23,ajug rept,hl,+,,,
lg23,alch pall,hl,+,,,
lg23,anth alpi,hl,+,,,
lg23,apos foet,hl,1,,,
lg23,aspl ruta,hl,r,,,
lg23,bell mich,hl,1,,,
lg23,cala vari,hl,2a,,,
lg23,camp coch,hl,r,,,
lg23,camp sche,hl,r,,,
lg23,card defl viri,hl,r,,,
lg23,care alba,hl,3,,,
lg23,care orni orni,hl,1,,,
lg23,caru carv,hl,r,,,
lg23,ceph rubr,hl,+,,,
lg23,cera holo,hl,r,,,
lg23,clin alpi alpi,hl,+,,,
lg23,dact glom glom,hl,r,,,
lg23,epip atro,hl,r,,,
lg23,eric carn,hl,1,,,
lg23,fest rubr rubr,hl,+,,,
lg23,gali albu,hl,+,,,
lg23,gali anis,hl,+,,,
lg23,gali rotu,hl,+,,,
lg23,gymn odor,hl,r,,,
lg23,hier bifi,hl,1,,,
lg23,hier muro,hl,+,,,
lg23,hipp como,hl,r,,,
lg23,juni comm comm,hl,r,,,
lg23,lact mura,hl,r,,,
lg23,lari deci deci,tl1,1,,,
lg23,leuc ircu,hl,r,,,
lg23,lotu corn corn,hl,+,,,
lg23,mela sylv,hl,1,,,
lg23,meli nuta,hl,1,,,
lg23,moeh musc,hl,r,,,
lg23,peta albu,hl,r,,,
lg23,phyt orbi,hl,+,,,
lg23,pice abie,sl,1,,,
lg23,pice abie,tl1,4,,,
lg23,pice abie,tl2,2a,,,
lg23,pimp majo majo,hl,+,,,
lg23,poly acul,hl,r,,,
lg23,poly cham,hl,+,,,
lg23,pote erec,hl,1,,,
lg23,ranu mont,hl,1,,,
lg23,ranu nemo,hl,+,,,
lg23,sani euro,hl,+,,,
lg23,sesl caer,hl,1,,,
lg23,sile vulg vulg,hl,r,,,
lg23,soli virg virg,hl,+,,,
lg23,sorb aucu aucu,hl,r,,,
lg23,thes alpi,hl,+,,,
lg23,tofi caly,hl,r,,,
lg23,vacc myrt,hl,+,,,
lg23,vale mont,hl,+,,,
lg23,viol coll,hl,+,,,
lg23,viol hirt,hl,r,,,
lg23,viol reic,hl,+,,,
lg24,achi mill aggr,hl,+,,,
lg24,agro capi,hl,1,,,
lg24,alch glau,hl,r,,,
lg24,alch mont,hl,2a,,,
lg24,anth alpi,hl,1,,,
lg24,anth vuln alpi,hl,r,,,
lg24,briz medi,hl,1,,,
lg24,call vulg,hl,1,,,
lg24,camp sche,hl,+,,,
lg24,care cary,hl,+,,,
lg24,care flac,hl,+,,,
lg24,care pall,hl,1,,,
lg24,care pani,hl,1,,,
lg24,care pilu pilu,hl,+,,,
lg24,care puli,hl,+,,,
lg24,care sylv,hl,+,,,
lg24,carl acau acau,hl,+,,,
lg24,caru carv,hl,+,,,
lg24,cent jace jace,hl,+,,,
lg24,cera holo,hl,+,,,
lg24,dact glom glom,hl,+,,,
lg24,dant decu decu,hl,2m,,,
lg24,euph offi rost,hl,+,,,
lg24,fest nigr cens,hl,2a,,,
lg24,gali albu,hl,+,,,
lg24,heli numm glab,hl,+,,,
lg24,hier pilo ella,hl,+,,,
lg24,hypo radi,hl,1,,,
lg24,leon hisp slat,hl,+,,,
lg24,lotu corn corn,hl,+,,,
lg24,nard stri,hl,3,,,
lg24,pers vivi,hl,+,,,
lg24,pimp majo majo,hl,+,,,
lg24,plan lanc,hl,+,,,
lg24,poly cham,hl,r,,,
lg24,poly vulg vulg,hl,1,,,
lg24,pote aure,hl,r,,,
lg24,pote erec,hl,2a,,,
lg24,ranu acri acri,hl,1,,,
lg24,ranu mont,hl,r,,,
lg24,rhin mino,hl,1,,,
lg24,sile vulg vulg,hl,r,,,
lg24,tara sect rude,hl,r,,,
lg24,thym prae poly,hl,+,,,
lg24,thym pule pule,hl,1,,,
lg24,trif medi medi,hl,+,,,
lg24,trif mont mont,hl,r,,,
lg24,trif prat prat,hl,+,,,
lg24,vacc myrt,hl,+,,,
lg24,vero offi,hl,+,,,
lg25,abie alba,hl,r,,,
lg25,abie alba,tl1,1,,,
lg25,acer pseu,hl,+,,,
lg25,acon lyco vulp,hl,+,,,
lg25,aden alpi,hl,1,,,
lg25,ajug rept,hl,r,,,
lg25,apos foet,hl,1,,,
lg25,aqui atra,hl,1,,,
lg25,athy fili,hl,r,,,
lg25,bell mich,hl,+,,,
lg25,blec spic,hl,r,,,
lg25,brac sylv,hl,1,,,
lg25,cala vari,hl,4,,,
lg25,care alba,hl,1,,,
lg25,care ferr,hl,1,,,
lg25,care flac,hl,+,,,
lg25,chae hirs,hl,+,,,
lg25,daph meze,hl,+,,,
lg25,desc cesp,hl,+,,,
lg25,equi arve,hl,r,,,
lg25,eric carn,hl,+,,,
lg25,fagu sylv,hl,+,,,
lg25,fagu sylv,sl,1,,,
lg25,fagu sylv,tl2,2a,,,
lg25,gent ascl,hl,+,,,
lg25,hepa nobi,hl,r,,,
lg25,hier muro,hl,+,,,
lg25,hupe sela,hl,r,,,
lg25,knau maxi,hl,+,,,
lg25,lari deci deci,tl1,2a,,,
lg25,loni alpi,hl,1,,,
lg25,lyco anno,hl,r,,,
lg25,meli nuta,hl,+,,,
lg25,merc pere,hl,1,,,
lg25,oxal acet,hl,+,,,
lg25,phyt spic spic,hl,+,,,
lg25,pice abie,sl,+,,,
lg25,pice abie,tl1,3,,,
lg25,pice abie,tl2,1,,,
lg25,pimp majo majo,hl,+,,,
lg25,poly cham,hl,+,,,
lg25,poly vert,hl,+,,,
lg25,pote erec,hl,+,,,
lg25,pren purp,hl,r,,,
lg25,ranu nemo,hl,+,,,
lg25,rubu idae,hl,+,,,
lg25,sani euro,hl,+,,,
lg25,sorb aria,hl,r,,,
lg25,sorb aucu aucu,hl,r,,,
lg25,vacc myrt,hl,+,,,
lg25,vale trip,hl,+,,,
lg25,vero urti,hl,+,,,
lg25,viol reic,hl,+,,,
lg26,agro capi,hl,+,,,
lg26,agro stol,hl,r,,,
lg26,anth vuln alpi,hl,+,,,
lg26,bisc laev laev,hl,r,,,
lg26,brac rupe rupe,hl,r,,,
lg26,briz medi,hl,1,,,
lg26,buph sali,hl,2a,,,
lg26,cala vari,hl,1,,,
lg26,camp rotu,hl,+,,,
lg26,camp sche,hl,+,,,
lg26,care cary,hl,1,,,
lg26,care eric,hl,r,,cf,
lg26,care flac,hl,1,,,
lg26,care pani,hl,2a,,,
lg26,carl acau acau,hl,r,,,
lg26,carl vulg vulg,hl,r,,,
lg26,cent jace jace,hl,r,,,
lg26,dant decu decu,hl,2m,,,
lg26,eric carn,hl,2a,,,
lg26,euph cypa,hl,r,,,
lg26,gali anis,hl,+,,,
lg26,gent clus clus,hl,r,,,
lg26,gent vern vern,hl,+,,,
lg26,glob cord,hl,2b,,,
lg26,gymn odor,hl,r,,,
lg26,heli numm glab,hl,+,,,
lg26,hier bifi,hl,r,,,
lg26,hier lact,hl,r,,,
lg26,hier pilo ides,hl,r,,,
lg26,hipp como,hl,+,,,
lg26,leon hisp hisp,hl,+,,,
lg26,linu cath,hl,+,,,
lg26,lotu corn corn,hl,+,,,
lg26,moli caer aggr,hl,1,,,
lg26,phyt orbi,hl,+,,,
lg26,pimp saxi saxi,hl,+,,,
lg26,plan lanc,hl,+,,,
lg26,plan medi,hl,1,,,
lg26,poly cham,hl,+,,,
lg26,pote erec,hl,+,,,
lg26,prun vulg,hl,+,,,
lg26,ranu bulb,hl,r,,,
lg26,ranu nemo,hl,+,,,
lg26,rhin glac,hl,r,,,
lg26,scab luci luci,hl,+,,,
lg26,sesl caer,hl,1,,,
lg26,teuc mont,hl,2a,,,
lg26,thes alpi,hl,+,,,
lg26,thym prae poly,hl,1,,,
lg26,tofi caly,hl,1,,,
lg26,trif mont mont,hl,+,,,
lg26,trif prat prat,hl,+,,,
lg26,viol coll,hl,r,,,
lg27,anth vuln alpi,hl,+,,,
lg27,aren serp,hl,r,,,
lg27,briz medi,hl,1,,,
lg27,buph sali,hl,2a,,,
lg27,cala vari,hl,1,,,
lg27,call vulg,hl,+,,,
lg27,camp rotu,hl,+,,,
lg27,care cary,hl,+,,,
lg27,care eric,hl,+,,,
lg27,care flac,hl,+,,,
lg27,care pani,hl,1,,,
lg27,care semp semp,hl,+,,,
lg27,carl acau acau,hl,+,,,
lg27,cent jace jace,hl,+,,,
lg27,clin alpi alpi,hl,+,,,
lg27,cyno cris,hl,+,,,
lg27,dact glom glom,hl,r,,,
lg27,dant decu decu,hl,1,,,
lg27,eric carn,hl,2b,,,
lg27,fest prat prat,hl,r,,,
lg27,fest rubr rubr,hl,1,,,
lg27,gali albu,hl,+,,,
lg27,gali anis,hl,+,,,
lg27,gent aspe,hl,r,,,
lg27,gent vern vern,hl,r,,,
lg27,glob cord,hl,1,,,
lg27,gymn odor,hl,r,,,
lg27,heli numm glab,hl,+,,,
lg27,heli numm gran,hl,1,,,
lg27,hier bifi,hl,+,,,
lg27,hipp como,hl,+,,,
lg27,hype perf,hl,r,,,
lg27,lari deci deci,hl,r,,,
lg27,leon hisp hisp,hl,+,,,
lg27,leuc ircu,hl,r,,,
lg27,linu cath,hl,+,,,
lg27,lotu corn corn,hl,+,,,
lg27,medi lupu,hl,+,,,
lg27,moli caer aggr,hl,+,,,
lg27,phyt orbi,hl,+,,,
lg27,pimp saxi saxi,hl,+,,,
lg27,plan lanc,hl,+,,,
lg27,plan medi,hl,1,,,
lg27,poly cham,hl,1,,,
lg27,pote erec,hl,1,,,
lg27,prun vulg,hl,+,,,
lg27,ranu acri acri,hl,+,,,
lg27,ranu bulb,hl,+,,,
lg27,rhin glac,hl,+,,,
lg27,sang mino mino,hl,r,,,
lg27,scab luci luci,hl,+,,,
lg27,sese liba liba,hl,r,,,
lg27,sesl caer,hl,2a,,,
lg27,teuc mont,hl,+,,,
lg27,thes alpi,hl,+,,,
lg27,thym prae poly,hl,1,,,
lg27,trif medi medi,hl,1,,,
lg27,viol hirt,hl,+,,,
lg28,agro capi,hl,+,,,
lg28,anth vuln alpi,hl,+,,,
lg28,arab cili,hl,r,,,
lg28,aren serp,hl,r,,,
lg28,brac rupe rupe,hl,r,,,
lg28,briz medi,hl,1,,,
lg28,buph sali,hl,2a,,,
lg28,cala vari,hl,1,,,
lg28,camp rotu,hl,1,,,
lg28,care alba,hl,+,,,
lg28,care cary,hl,+,,,
lg28,care flac,hl,1,,,
lg28,care orni orni,hl,r,,,
lg28,care pani,hl,1,,,
lg28,cent jace jace,hl,+,,,
lg28,clin alpi alpi,hl,+,,,
lg28,cusc epit epit,hl,r,,,
lg28,dact glom glom,hl,+,,,
lg28,dant decu decu,hl,2m,,,
lg28,daph meze,hl,r,,,
lg28,eric carn,hl,2b,,,
lg28,fest prat prat,hl,+,,,
lg28,fest rubr rubr,hl,+,,,
lg28,gali albu,hl,r,,,
lg28,gali anis,hl,+,,,
lg28,gent vern vern,hl,+,,,
lg28,heli numm glab,hl,+,,,
lg28,heli numm gran,hl,1,,,
lg28,hier bifi,hl,r,,,
lg28,hipp como,hl,+,,,
lg28,leon hisp hisp,hl,1,,,
lg28,leuc ircu,hl,+,,,
lg28,medi lupu,hl,r,,,
lg28,moli caer aggr,hl,2a,,,
lg28,phyt orbi,hl,+,,,
lg28,pimp saxi saxi,hl,+,,,
lg28,plan lanc,hl,+,,,
lg28,plan medi,hl,+,,,
lg28,poly cham,hl,+,,,
lg28,pote erec,hl,1,,,
lg28,pote pusi,hl,+,,,
lg28,ranu acri acri,hl,+,,,
lg28,ranu bulb,hl,r,,,
lg28,rhin glac,hl,1,,,
lg28,sang mino mino,hl,r,,,
lg28,scab luci luci,hl,1,,,
lg28,sesl caer,hl,1,,,
lg28,sile nuta nuta,hl,r,,,
lg28,teuc mont,hl,+,,,
lg28,thes alpi,hl,r,,,
lg28,thym prae poly,hl,2a,,,
lg28,tofi caly,hl,+,,,
lg28,trif mont mont,hl,1,,,
lg28,viol coll,hl,r,,,
lg28,viol hirt,hl,r,,,
lg29,agro capi,hl,1,,,
lg29,anth odor,hl,r,,,
lg29,anth vuln alpi,hl,+,,,
lg29,arab cili,hl,+,,,
lg29,briz medi,hl,+,,,
lg29,buph sali,hl,+,,,
lg29,cala vari,hl,1,,,
lg29,camp rotu,hl,+,,,
lg29,care cary,hl,2a,,,
lg29,care flac,hl,+,,,
lg29,care orni orni,hl,1,,,
lg29,care pani,hl,2a,,,
lg29,care semp semp,hl,r,,,
lg29,carl acau acau,hl,r,,,
lg29,carl vulg vulg,hl,r,,,
lg29,cent jace jace,hl,+,,,
lg29,clin alpi alpi,hl,1,,,
lg29,dant decu decu,hl,1,,,
lg29,eric carn,hl,2a,,,
lg29,gali anis,hl,r,,,
lg29,gent clus clus,hl,r,,,
lg29,gent vern vern,hl,r,,,
lg29,heli numm glab,hl,+,,,
lg29,heli numm gran,hl,+,,,
lg29,hier bifi,hl,+,,,
lg29,hipp como,hl,1,,,
lg29,juni comm comm,hl,r,,,
lg29,leon hisp hisp,hl,1,,,
lg29,linu cath,hl,+,,,
lg29,lotu corn corn,hl,+,,,
lg29,orob teuc,hl,r,,,
lg29,phyt orbi,hl,+,,,
lg29,pimp saxi saxi,hl,1,,,
lg29,plan lanc,hl,1,,,
lg29,plan medi,hl,+,,,
lg29,poly alpe alpe,hl,r,,,
lg29,poly cham,hl,1,,,
lg29,pote erec,hl,+,,,
lg29,pote pusi,hl,+,,,
lg29,prim fari,hl,+,,,
lg29,prun vulg,hl,+,,,
lg29,ranu bulb,hl,+,,,
lg29,scab luci luci,hl,+,,,
lg29,sesl caer,hl,2a,,,
lg29,tara sect rude,hl,r,,,
lg29,teuc mont,hl,+,,,
lg29,thes alpi,hl,+,,,
lg29,thym prae poly,hl,2a,,,
lg29,tofi caly,hl,+,,,
lg29,trif mont mont,hl,+,,,
lg29,trif prat prat,hl,+,,,
lg29,viol hirt,hl,+,,,
lg29,viol rupe,hl,+,x,,
lg30,achi mill aggr,hl,+,,,
lg30,agro capi,hl,1,,,
lg30,agro giga,hl,r,,,
lg30,alch mont,hl,+,,,
lg30,anth odor,hl,+,,,
lg30,aren serp,hl,r,,,
lg30,briz medi,hl,1,,,
lg30,camp rotu,hl,+,,,
lg30,care cary,hl,2m,,,
lg30,care flac,hl,+,,,
lg30,care pani,hl,2a,,,
lg30,care sylv,hl,+,,,
lg30,caru carv,hl,+,,,
lg30,cent jace jace,hl,+,,,
lg30,cera holo,hl,+,,,
lg30,cyno cris,hl,1,,,
lg30,dact glom glom,hl,+,,,
lg30,euph offi rost,hl,+,,,
lg30,fest prat prat,hl,1,,,
lg30,fest rubr rubr,hl,+,,,
lg30,gali albu,hl,r,,,
lg30,gent aspe,hl,r,,,
lg30,gent vern vern,hl,r,,,
lg30,heli numm glab,hl,2a,,,
lg30,hier pilo ella,hl,r,,,
lg30,homa pube pube,hl,1,,,
lg30,leon hisp hisp,hl,2b,,,
lg30,leuc ircu,hl,1,,,
lg30,lotu corn corn,hl,1,,,
lg30,luzu camp,hl,+,,,
lg30,pimp majo majo,hl,r,,,
lg30,pimp saxi saxi,hl,+,,,
lg30,plan lanc,hl,1,,,
lg30,poa prat,hl,+,,,
lg30,poly amar ella,hl,+,,,
lg30,ranu acri acri,hl,1,,,
lg30,ranu bulb,hl,2a,,,
lg30,ranu mont,hl,+,,,
lg30,rume acet osa,hl,r,,,
lg30,thym pule pule,hl,2a,,,
lg30,trif prat prat,hl,+,,,
lg30,trif repe repe,hl,+,,,
lg30,vero cham cham,hl,+,,,
lg31,acer pseu,hl,r,,,
lg31,achi mill aggr,hl,+,,,
lg31,agro capi,hl,1,,,
lg31,agro giga,hl,+,,,
lg31,alch mont,hl,+,,,
lg31,anth odor,hl,+,,,
lg31,anth vuln alpi,hl,2a,,,
lg31,briz medi,hl,1,,,
lg31,buph sali,hl,1,,,
lg31,camp rotu,hl,+,,,
lg31,care cary,hl,1,,,
lg31,care orni orni,hl,+,,,
lg31,care pani,hl,2a,,,
lg31,carl acau acau,hl,+,,,
lg31,cent jace jace,hl,1,,,
lg31,cera holo,hl,+,,,
lg31,cyan mont,hl,1,,,
lg31,dact glom glom,hl,+,,,
lg31,dant decu decu,hl,2a,,,
lg31,eric carn,hl,r,,,
lg31,euph offi rost,hl,2a,,,
lg31,fest nigr cens,hl,+,,,
lg31,fest prat prat,hl,1,,,
lg31,fest rubr rubr,hl,1,,,
lg31,gali albu,hl,+,,,
lg31,gali anis,hl,+,,,
lg31,gent aspe,hl,+,,,
lg31,heli numm glab,hl,1,,,
lg31,hier pilo ella,hl,+,,,
lg31,homa pube pube,hl,1,,,
lg31,hypo radi,hl,r,,,
lg31,leon hisp hisp,hl,2a,,,
lg31,leuc ircu,hl,+,,,
lg31,linu cath,hl,+,,,
lg31,lotu corn corn,hl,+,,,
lg31,medi lupu,hl,+,,,
lg31,orob grac,hl,r,,,
lg31,phle prat,hl,+,,,
lg31,phyt orbi,hl,+,,,
lg31,pimp saxi saxi,hl,+,,,
lg31,plan lanc,hl,+,,,
lg31,poa angu,hl,+,,,
lg31,poly cham,hl,1,,,
lg31,pote erec,hl,+,,,
lg31,prun vulg,hl,+,,,
lg31,ranu bulb,hl,2m,,,
lg31,ranu mont,hl,1,,,
lg31,rhin glac,hl,+,,,
lg31,rume acet osa,hl,+,,,
lg31,scab luci luci,hl,+,,,
lg31,sile nuta nuta,hl,+,,,
lg31,tara sect rude,hl,r,,,
lg31,thym prae poly,hl,+,,,
lg31,thym pule pule,hl,2a,,,
lg31,trif prat prat,hl,2a,,,
lg31,viol hirt,hl,+,,,
lg32,agro capi,hl,1,,,
lg32,anth odor,hl,+,,,
lg32,brac rupe rupe,hl,2b,,,
lg32,briz medi,hl,+,,,
lg32,buph sali,hl,+,,,
lg32,call vulg,hl,r,,,
lg32,camp rotu,hl,+,,,
lg32,care cary,hl,+,,,
lg32,care flac,hl,+,,,
lg32,care pall,hl,+,,,
lg32,care pani,hl,2a,,,
lg32,care sylv,hl,+,,,
lg32,carl acau acau,hl,+,,,
lg32,carl vulg vulg,hl,r,,,
lg32,dant decu decu,hl,2b,,,
lg32,eric carn,hl,r,,,
lg32,fest nigr cens,hl,1,,,
lg32,glob cord,hl,r,,,
lg32,heli numm glab,hl,1,,,
lg32,heli numm numm,hl,r,,,
lg32,heli numm obsc,hl,+,,cf,
lg32,hipp como,hl,r,,,
lg32,hypo radi,hl,r,,,
lg32,juni comm comm,hl,r,,,
lg32,leon hisp hisp,hl,2b,,,
lg32,leuc ircu,hl,+,,,
lg32,lotu corn corn,hl,+,,,
lg32,moli caer aggr,hl,+,,,
lg32,nard stri,hl,1,,,
lg32,phyt orbi,hl,+,,,
lg32,pimp saxi saxi,hl,+,,,
lg32,plan lanc,hl,1,,,
lg32,plan majo slat,hl,r,,,
lg32,plan medi,hl,+,,,
lg32,poly cham,hl,+,,,
lg32,poly vulg vulg,hl,+,,,
lg32,pote erec,hl,1,,,
lg32,prun vulg,hl,+,,,
lg32,pter aqui,hl,+,,,
lg32,ranu bulb,hl,1,,,
lg32,ranu nemo,hl,+,,,
lg32,scab luci luci,hl,+,,,
lg32,scor autu,hl,r,,,
lg32,teuc mont,hl,r,,,
lg32,thes alpi,hl,r,,,
lg32,thym prae poly,hl,+,,,
lg32,thym pule pule,hl,2a,,,
lg32,trif mont mont,hl,+,,,
lg32,viol cani rupp,hl,r,,,
lg33,acer pseu,hl,r,,,
lg33,agro capi,hl,1,,,
lg33,brac rupe rupe,hl,2a,,,
lg33,briz medi,hl,+,,,
lg33,buph sali,hl,+,,,
lg33,cala vari,hl,+,,,
lg33,call vulg,hl,r,,,
lg33,camp rotu,hl,+,,,
lg33,care cary,hl,+,,,
lg33,care flac,hl,+,,,
lg33,care orni orni,hl,+,,,
lg33,care pani,hl,1,,,
lg33,carl acau acau,hl,+,,,
lg33,cent jace jace,hl,+,,,
lg33,clin alpi alpi,hl,+,,,
lg33,cyno cris,hl,+,,,
lg33,dant decu decu,hl,2b,,,
lg33,eric carn,hl,2b,,,
lg33,frax exce,hl,r,,,
lg33,gali anis,hl,r,,,
lg33,heli numm glab,hl,r,,,
lg33,heli numm numm,hl,+,,,
lg33,hipp como,hl,+,,,
lg33,hypo radi,hl,+,,,
lg33,knau arve arve,hl,+,,,
lg33,leon hisp hisp,hl,2b,,,
lg33,leuc ircu,hl,+,,,
lg33,linu cath,hl,+,,,
lg33,lotu corn corn,hl,+,,,
lg33,moli caer aggr,hl,1,,,
lg33,phyt orbi,hl,+,,,
lg33,pimp saxi saxi,hl,+,,,
lg33,plan lanc,hl,+,,,
lg33,poly cham,hl,1,,,
lg33,pote erec,hl,1,,,
lg33,prun vulg,hl,+,,,
lg33,ranu bulb,hl,1,,,
lg33,sang mino mino,hl,r,,,
lg33,scab luci luci,hl,+,,,
lg33,sesl caer,hl,+,,,
lg33,thes alpi,hl,+,,,
lg33,thym prae poly,hl,+,,,
lg33,thym pule pule,hl,1,,,
lg33,trif mont mont,hl,+,,,
lg33,vero offi,hl,+,,,
lg33,viol cani rupp,hl,+,,,
lg33,viol hirt,hl,+,,,
lg34,agro giga,hl,r,,,
lg34,anth vuln alpi,hl,1,,,
lg34,brac rupe rupe,hl,r,,,
lg34,briz medi,hl,+,,,
lg34,buph sali,hl,2a,,,
lg34,cala vari,hl,1,,,
lg34,care alba,hl,+,,,
lg34,care cary,hl,+,,,
lg34,care flac,hl,2a,,,
lg34,care mucr,hl,1,,,
lg34,care pani,hl,1,,,
lg34,care semp semp,hl,+,,,
lg34,carl acau acau,hl,+,,,
lg34,cent jace jace,hl,+,,,
lg34,clin alpi alpi,hl,+,,,
lg34,coro vagi,hl,1,,,
lg34,crep alpe,hl,+,,,
lg34,eric carn,hl,2a,,,
lg34,euph sali,hl,r,,,
lg34,fest rubr rubr,hl,+,,,
lg34,gali anis,hl,+,,,
lg34,gent vern vern,hl,r,,,
lg34,glob cord,hl,3,,,
lg34,heli numm glab,hl,2m,,,
lg34,hier pilo ides,hl,r,,,
lg34,hipp como,hl,+,,,
lg34,leon hisp hisp,hl,+,,,
lg34,lotu corn corn,hl,1,,,
lg34,moli caer aggr,hl,1,,,
lg34,phyt orbi,hl,+,,,
lg34,plan lanc,hl,+,,,
lg34,plan medi,hl,+,,,
lg34,poly cham,hl,+,,,
lg34,pote erec,hl,1,,,
lg34,prun vulg,hl,+,,,
lg34,ranu bulb,hl,+,,,
lg34,scab luci luci,hl,1,,,
lg34,sesl caer,hl,1,,,
lg34,teuc mont,hl,1,,,
lg34,thym prae poly,hl,2a,,,
lg34,tofi caly,hl,+,,,
lg34,viol hirt,hl,+,,,
lg35,alch mont,hl,+,,,
lg35,alch pall,hl,r,,,
lg35,anth vuln alpi,hl,+,,,
lg35,bell mich,hl,1,,,
lg35,briz medi,hl,+,,,
lg35,buph sali,hl,+,,,
lg35,cala vari,hl,2b,,,
lg35,care cary,hl,+,,,
lg35,care firm,hl,+,,,
lg35,care flac,hl,2a,,,
lg35,care mucr,hl,1,,,
lg35,care pani,hl,+,,,
lg35,care semp semp,hl,+,,,
lg35,carl acau acau,hl,+,,,
lg35,crep alpe,hl,1,,,
lg35,dant decu decu,hl,+,,,
lg35,drya octo,hl,1,,,
lg35,eric carn,hl,2a,,,
lg35,euph offi rost,hl,+,,,
lg35,euph sali,hl,r,,,
lg35,fest rubr rubr,hl,+,,,
lg35,gali anis,hl,+,,,
lg35,gent clus clus,hl,+,,,
lg35,gent vern vern,hl,r,,,
lg35,glob cord,hl,2b,,,
lg35,heli numm glab,hl,1,,,
lg35,hier bifi,hl,+,,,
lg35,hipp como,hl,r,,,
lg35,leon hisp hisp,hl,+,,,
lg35,linu cath,hl,+,,,
lg35,lotu corn corn,hl,+,,,
lg35,moli caer aggr,hl,+,,,
lg35,parn palu,hl,r,,,
lg35,phyt orbi,hl,1,,,
lg35,ping alpi,hl,+,,,
lg35,plan lanc,hl,+,,,
lg35,plan medi,hl,+,,,
lg35,poly cham,hl,1,,,
lg35,pote erec,hl,1,,,
lg35,ranu mont,hl,+,,,
lg35,scab luci luci,hl,+,,,
lg35,sesl caer,hl,2a,,,
lg35,teuc mont,hl,1,,,
lg35,thes alpi,hl,+,,,
lg35,thym prae poly,hl,1,,,
lg35,tofi caly,hl,+,,,
lg36,achi mill aggr,hl,+,,,
lg36,agro capi,hl,+,,,
lg36,alch exig,hl,r,2020-0114,cf.,
lg36,alch mont,hl,+,,,
lg36,anth alpi,hl,+,,,
lg36,anth vuln alpi,hl,1,,,
lg36,bell mich,hl,1,,,
lg36,briz medi,hl,+,,,
lg36,camp rotu,hl,r,,,
lg36,camp sche,hl,+,,,
lg36,care cary,hl,1,,,
lg36,care flac,hl,2a,,,
lg36,care mucr,hl,+,,,
lg36,care pani,hl,+,,,
lg36,carl acau acau,hl,+,,,
lg36,caru carv,hl,+,,,
lg36,cent jace jace,hl,+,,,
lg36,clin alpi alpi,hl,r,,,
lg36,crep alpe,hl,+,,,
lg36,cyno cris,hl,1,,,
lg36,dant decu decu,hl,1,,,
lg36,fest nigr cens,hl,+,,,
lg36,fest prat prat,hl,+,,,
lg36,gali albu,hl,r,,,
lg36,gali anis,hl,+,,,
lg36,gent aspe,hl,+,,,
lg36,gent cili,hl,r,,,
lg36,gent vern vern,hl,r,,,
lg36,glob cord,hl,2b,,,
lg36,heli numm glab,hl,1,,,
lg36,hier pilo ella,hl,+,,,
lg36,hipp como,hl,+,,,
lg36,leon hisp hisp,hl,1,,,
lg36,leuc ircu,hl,+,,,
lg36,linu cath,hl,+,,,
lg36,lotu corn corn,hl,1,,,
lg36,medi lupu,hl,r,,,
lg36,nard stri,hl,+,,,
lg36,pers vivi,hl,r,,,
lg36,phyt orbi,hl,+,,,
lg36,pimp majo majo,hl,r,,,
lg36,plan lanc,hl,+,,,
lg36,plan medi,hl,1,,,
lg36,poa alpi,hl,+,,,
lg36,poly alpe alpe,hl,r,,,
lg36,poly cham,hl,+,,,
lg36,pote erec,hl,1,,,
lg36,pote pusi,hl,r,,,
lg36,prun vulg,hl,+,,,
lg36,ranu acri acri,hl,+,,,
lg36,ranu mont,hl,+,,,
lg36,scab luci luci,hl,+,,,
lg36,sesl caer,hl,2a,,,
lg36,teuc mont,hl,1,,,
lg36,thym prae poly,hl,2m,,,
lg36,thym pule pule,hl,+,,,
lg36,tofi caly,hl,+,,,
lg36,trif prat prat,hl,1,,,
lg36,trif repe repe,hl,+,,,
lg36,viol hirt,hl,r,,,
lg37,achi mill aggr,hl,+,,,
lg37,agro capi,hl,2a,,,
lg37,alch mont,hl,1,,,
lg37,briz medi,hl,1,,,
lg37,call vulg,hl,2b,,,
lg37,camp barb barb,hl,r,,,
lg37,camp rotu,hl,+,,,
lg37,camp sche,hl,+,,,
lg37,care pall,hl,+,,,
lg37,care pilu pilu,hl,+,,,
lg37,carl acau acau,hl,+,,,
lg37,cent jace jace,hl,+,,,
lg37,cera holo,hl,+,,,
lg37,dant decu decu,hl,2a,,,
lg37,desc cesp,hl,+,,,
lg37,euph offi rost,hl,r,,,
lg37,fest nigr cens,hl,1,,,
lg37,fest prat prat,hl,+,,,
lg37,fest rubr rubr,hl,1,,,
lg37,hier lach,hl,r,,,
lg37,hier lact,hl,+,,,
lg37,hier pilo ella,hl,1,,,
lg37,hype macu,hl,+,,,
lg37,hypo radi,hl,+,,,
lg37,knau arve arve,hl,1,,,
lg37,leon hisp hisp,hl,2a,,,
lg37,leuc ircu,hl,+,,,
lg37,lotu corn corn,hl,+,,,
lg37,luzu camp,hl,r,,,
lg37,nard stri,hl,2a,,,
lg37,pimp majo majo,hl,+,,,
lg37,plan lanc,hl,2a,,,
lg37,poa alpi,hl,+,,,
lg37,poly cham,hl,+,,,
lg37,poly vulg vulg,hl,+,,,
lg37,pote aure,hl,+,,,
lg37,pote erec,hl,1,,,
lg37,prun vulg,hl,+,,,
lg37,ranu acri acri,hl,+,,,
lg37,ranu nemo,hl,1,,,
lg37,rhin mino,hl,+,,,
lg37,rume acet osa,hl,+,,,
lg37,sali capr,hl,r,,,
lg37,sile nuta nuta,hl,1,,,
lg37,stel gram,hl,+,,,
lg37,thym pule pule,hl,2a,,,
lg37,trif medi medi,hl,+,,,
lg37,trif prat prat,hl,1,,,
lg37,trif repe repe,hl,+,,,
lg37,vacc myrt,hl,+,,,
lg37,vacc viti,hl,1,,,
lg37,vero cham cham,hl,+,,,
lg37,vero offi,hl,+,,,
lg37,viol bifl,hl,r,,,
lg38,achi mill aggr,hl,+,,,
lg38,agro capi,hl,2b,,,
lg38,agro giga,hl,+,,,
lg38,alch mont,hl,1,,,
lg38,anth alpi,hl,1,,,
lg38,briz medi,hl,1,,,
lg38,call vulg,hl,2a,,,
lg38,camp barb barb,hl,+,,,
lg38,camp rotu,hl,1,,,
lg38,camp sche,hl,+,,,
lg38,care pilu pilu,hl,+,,,
lg38,carl acau acau,hl,+,,,
lg38,cent jace jace,hl,+,,,
lg38,cera holo,hl,+,,,
lg38,cyno cris,hl,2m,,,
lg38,dant decu decu,hl,1,,,
lg38,epil alpe,hl,r,,,
lg38,fest nigr cens,hl,2b,,,
lg38,fest prat prat,hl,+,,,
lg38,fest rubr rubr,hl,+,,,
lg38,heli numm glab,hl,r,,,
lg38,hier pilo ella,hl,1,,,
lg38,hypo radi,hl,1,,,
lg38,junc effu,hl,r,,,
lg38,knau arve arve,hl,1,,,
lg38,leon hisp hisp,hl,2b,,,
lg38,leuc ircu,hl,+,,,
lg38,lotu corn corn,hl,1,,,
lg38,luzu camp,hl,+,,,
lg38,nard stri,hl,+,,,
lg38,phle prat,hl,+,,,
lg38,pimp majo majo,hl,2a,,,
lg38,plan lanc,hl,1,,,
lg38,plan medi,hl,r,,,
lg38,poa alpi,hl,+,,,
lg38,poly cham,hl,r,,,
lg38,poly vulg vulg,hl,1,,,
lg38,pote aure,hl,r,,,
lg38,pote erec,hl,1,,,
lg38,prun vulg,hl,1,,,
lg38,ranu acri acri,hl,1,,,
lg38,ranu mont,hl,+,,,
lg38,ranu nemo,hl,1,,,
lg38,ranu repe,hl,r,,,
lg38,rume acet ella,hl,+,,,
lg38,rume acet osa,hl,+,,,
lg38,sile nuta nuta,hl,r,,,
lg38,stel gram,hl,+,,,
lg38,thym pule pule,hl,1,,,
lg38,trif prat prat,hl,2a,,,
lg38,trif repe repe,hl,1,,,
lg38,tris flav flav,hl,+,,,
lg38,vacc myrt,hl,r,,,
lg38,vacc viti,hl,+,,,
lg38,vero offi,hl,+,,,
lg39,achi mill aggr,hl,+,,,
lg39,agro capi,hl,1,,,
lg39,alch mont,hl,1,,,
lg39,anth vuln alpi,hl,+,,,
lg39,aren serp,hl,r,,,
lg39,briz medi,hl,1,,,
lg39,cala vari,hl,1,,,
lg39,call vulg,hl,1,,,
lg39,camp rotu,hl,+,,,
lg39,camp sche,hl,+,,,
lg39,care cary,hl,1,,,
lg39,care eric,hl,+,,,
lg39,care flac,hl,2a,,,
lg39,care orni orni,hl,+,,,
lg39,care pani,hl,1,,,
lg39,carl acau acau,hl,+,,,
lg39,cent jace jace,hl,1,,,
lg39,crep alpe,hl,+,,,
lg39,cyno cris,hl,+,,,
lg39,dant decu decu,hl,1,,,
lg39,eric carn,hl,3,,,
lg39,euph offi rost,hl,+,,,
lg39,fest nigr cens,hl,+,,,
lg39,fest rubr rubr,hl,+,,,
lg39,gali anis,hl,+,,,
lg39,gent vern vern,hl,+,,,
lg39,heli numm glab,hl,1,,,
lg39,heli numm gran,hl,+,,,
lg39,hier pilo ella,hl,1,,,
lg39,hipp como,hl,+,,,
lg39,leon hisp hisp,hl,2a,,,
lg39,leuc ircu,hl,+,,,
lg39,lotu corn corn,hl,1,,,
lg39,moli caer aggr,hl,2a,,,
lg39,nard stri,hl,+,,,
lg39,pers vivi,hl,+,,,
lg39,phyt orbi,hl,+,,,
lg39,pimp majo majo,hl,+,,,
lg39,plan lanc,hl,+,,,
lg39,plan medi,hl,+,,,
lg39,poa alpi,hl,+,,,
lg39,poly alpe alpe,hl,+,,,
lg39,poly cham,hl,1,,,
lg39,pote erec,hl,1,,,
lg39,prun vulg,hl,+,,,
lg39,ranu acri acri,hl,+,,,
lg39,ranu bulb,hl,+,,,
lg39,ranu mont,hl,+,,,
lg39,ranu nemo,hl,+,,,
lg39,scab luci luci,hl,+,,,
lg39,sesl caer,hl,2b,,,
lg39,thym prae poly,hl,1,,,
lg39,thym pule pule,hl,+,,,
lg39,trif medi medi,hl,1,,,
lg39,trif prat prat,hl,+,,,
lg39,viol bifl,hl,+,,,
lg40,achi mill aggr,hl,+,,,
lg40,alch mont,hl,+,,,
lg40,anth alpi,hl,+,,,
lg40,bell mich,hl,+,,,
lg40,bisc laev laev,hl,+,,,
lg40,buph sali,hl,r,,,
lg40,cala vari,hl,2a,,,
lg40,call vulg,hl,r,,,
lg40,camp rotu,hl,r,,,
lg40,camp sche,hl,+,,,
lg40,care cary,hl,2m,,,
lg40,care eric,hl,+,,cf,
lg40,care flac,hl,2a,,,
lg40,care mucr,hl,r,,,
lg40,care orni orni,hl,+,,,
lg40,care pani,hl,1,,,
lg40,care sylv,hl,r,,,
lg40,carl acau acau,hl,r,,,
lg40,cent jace jace,hl,+,,,
lg40,clin alpi alpi,hl,r,,,
lg40,crep alpe,hl,1,,,
lg40,cyno cris,hl,+,,,
lg40,dant decu decu,hl,+,,,
lg40,drya octo,hl,r,,,
lg40,eric carn,hl,3,,,
lg40,fest nigr cens,hl,+,,,
lg40,fest rubr rubr,hl,+,,,
lg40,gali anis,hl,+,,,
lg40,gent clus clus,hl,r,,,
lg40,glob cord,hl,+,,,
lg40,heli numm glab,hl,+,,,
lg40,hier bifi,hl,r,,,
lg40,hier lact,hl,r,,,
lg40,hipp como,hl,+,,,
lg40,homo alpi,hl,+,,,
lg40,knau arve arve,hl,r,,,
lg40,leon hisp hisp,hl,2m,,,
lg40,leuc ircu,hl,+,,,
lg40,linu cath,hl,r,,,
lg40,list ovat,hl,r,,,
lg40,lotu corn corn,hl,+,,,
lg40,luzu camp,hl,+,,,
lg40,moli caer aggr,hl,2a,,,
lg40,phyt orbi,hl,1,,,
lg40,pice abie,hl,r,,,
lg40,pimp majo majo,hl,r,,,
lg40,pimp saxi saxi,hl,+,,,
lg40,poly cham,hl,1,,,
lg40,pote erec,hl,1,,,
lg40,prun vulg,hl,+,,,
lg40,ranu acri acri,hl,+,,,
lg40,ranu bulb,hl,+,2020-0113,,
lg40,ranu mont,hl,+,,,
lg40,ranu nemo,hl,1,,,
lg40,scab luci luci,hl,+,,,
lg40,sesl caer,hl,2a,,,
lg40,teuc mont,hl,r,,,
lg40,thes alpi,hl,r,,,
lg40,thym prae poly,hl,1,,,
lg40,thym pule pule,hl,+,,,
lg40,tofi caly,hl,r,,,
lg40,trif mont mont,hl,+,,,
lg40,trif prat prat,hl,+,,,
lg40,vero offi,hl,+,,,
lg40,viol hirt,hl,r,,,
lg41,abie alba,hl,+,,,
lg41,abie alba,sl,r,,,
lg41,abie alba,tl1,3,,,
lg41,abie alba,tl2,1,,,
lg41,acer pseu,hl,+,,,
lg41,acer pseu,sl,1,,,
lg41,aden alpi,hl,+,,,
lg41,apos foet,hl,+,,,
lg41,athy fili,hl,+,,,
lg41,bell mich,hl,+,,,
lg41,blec spic,hl,r,,,
lg41,cala vari,hl,1,,,
lg41,cala vill,hl,+,,,
lg41,call vulg,hl,1,,,
lg41,camp coch,hl,+,,,
lg41,camp sche,hl,+,,,
lg41,card enne,hl,+,,,
lg41,care alba,hl,1,,,
lg41,care brac,hl,r,,,
lg41,daph meze,hl,+,,,
lg41,eric carn,hl,3,,,
lg41,fagu sylv,hl,+,,,
lg41,fagu sylv,sl,r,,,
lg41,fagu sylv,tl1,1,,,
lg41,fagu sylv,tl2,2a,,,
lg41,gali rotu,hl,+,,,
lg41,gent ascl,hl,+,,,
lg41,gymn dryo,hl,+,,,
lg41,hepa nobi,hl,+,,,
lg41,hier bifi,hl,+,,,
lg41,homo alpi,hl,+,,,
lg41,hupe sela,hl,+,,,
lg41,lili mart,hl,r,,,
lg41,luzu luzu ides,hl,r,,,
lg41,lyco anno,hl,2a,,,
lg41,maia bifo,hl,+,,,
lg41,mela prat,hl,+,,,
lg41,mela sylv,hl,1,,,
lg41,meli nuta,hl,1,,,
lg41,merc pere,hl,+,,,
lg41,neot nidu,hl,r,,,
lg41,oxal acet,hl,+,,,
lg41,pari quad,hl,r,,,
lg41,pice abie,hl,r,,,
lg41,pice abie,sl,r,,,
lg41,pice abie,tl1,3,,,
lg41,pice abie,tl2,1,,,
lg41,pinu mugo,sl,2a,,,
lg41,poly cham,hl,1,,,
lg41,poly vert,hl,r,,,
lg41,pote erec,hl,+,,,
lg41,pren purp,hl,+,,,
lg41,rosa pend,hl,r,,,
lg41,rubu saxa,hl,+,,,
lg41,sesl caer,hl,+,,,
lg41,soli virg virg,hl,+,,,
lg41,sorb aria,hl,r,,,
lg41,sorb aria,sl,r,,,
lg41,sorb aucu aucu,hl,r,,,
lg41,sorb aucu aucu,sl,r,,,
lg41,sorb cham,sl,r,,,
lg41,thel limb,hl,r,,,
lg41,vacc myrt,hl,1,,,
lg41,vacc viti,hl,1,,,
lg41,vale mont,hl,+,,,
lg41,vale trip,hl,1,,,
lg41,viol reic,hl,+,,,
lg42,abie alba,hl,+,,,
lg42,abie alba,sl,r,,,
lg42,abie alba,tl1,1,,,
lg42,abie alba,tl2,1,,,
lg42,acer pseu,hl,1,,,
lg42,acer pseu,sl,1,,,
lg42,acer pseu,tl2,+,,,
lg42,aden alpi,hl,1,,,
lg42,ange sylv sylv,hl,r,,,
lg42,apos foet,hl,+,,,
lg42,athy fili,hl,r,,,
lg42,cala vari,hl,2a,,,
lg42,camp coch,hl,r,,,
lg42,camp sche,hl,+,,,
lg42,card defl viri,hl,r,,,
lg42,card enne,hl,+,,,
lg42,care alba,hl,r,,,
lg42,care ferr,hl,r,,,
lg42,care orni elon,hl,r,,cf,
lg42,crep palu,hl,r,,,
lg42,cyan mont,hl,r,,,
lg42,daph meze,hl,r,,,
lg42,dryo fili,hl,r,,,
lg42,eric carn,hl,2a,,,
lg42,fagu sylv,hl,+,,,
lg42,fagu sylv,sl,r,,,
lg42,fagu sylv,tl1,3,,,
lg42,fagu sylv,tl2,1,,,
lg42,frag vesc,hl,+,,,
lg42,gale flav,hl,r,,,
lg42,gent ascl,hl,1,,,
lg42,gymn dryo,hl,+,,,
lg42,gymn robe,hl,+,,,
lg42,hier muro,hl,+,,,
lg42,homo alpi,hl,+,,,
lg42,knau maxi,hl,r,,,
lg42,lili mart,hl,r,,,
lg42,loni alpi,hl,+,,,
lg42,lyco anno,hl,+,,,
lg42,maia bifo,hl,+,,,
lg42,mela sylv,hl,+,,,
lg42,meli nuta,hl,+,,,
lg42,merc pere,hl,1,,,
lg42,moeh musc,hl,r,,,
lg42,neot nidu,hl,r,,,
lg42,oxal acet,hl,+,,,
lg42,phyt spic spic,hl,r,,,
lg42,pice abie,hl,r,,,
lg42,pice abie,sl,r,,,
lg42,pinu mugo,hl,r,,,
lg42,pinu mugo,sl,1,,,
lg42,poly acul,hl,r,,,
lg42,poly cham,hl,+,,,
lg42,poly lonc,hl,+,,,
lg42,poly vert,hl,+,,,
lg42,pote erec,hl,+,,,
lg42,ranu nemo,hl,+,,,
lg42,rhod hirs,hl,+,,,
lg42,rosa pend,hl,r,,,
lg42,rubu saxa,hl,+,,,
lg42,soli virg virg,hl,+,,,
lg42,sorb aria,hl,+,,,
lg42,sorb aucu aucu,hl,+,,,
lg42,sorb cham,hl,+,,,
lg42,vacc myrt,hl,3,,,
lg42,vacc viti,hl,r,,,
lg42,vale mont,hl,+,,,
lg42,vale trip,hl,1,,,
lg42,vero urti,hl,+,,,
lg43,achi mill aggr,hl,+,,,
lg43,agro capi,hl,1,,,
lg43,alch mont,hl,2a,,,
lg43,briz medi,hl,1,,,
lg43,call vulg,hl,r,,,
lg43,camp sche,hl,+,,,
lg43,care cary,hl,1,,,
lg43,care flac,hl,1,,,
lg43,care pall,hl,1,,,
lg43,care pani,hl,+,,,
lg43,care pilu pilu,hl,r,,,
lg43,care sylv,hl,1,,,
lg43,carl acau acau,hl,r,,,
lg43,caru carv,hl,+,,,
lg43,cent jace jace,hl,+,,,
lg43,cera holo,hl,+,,,
lg43,crep aure aure,hl,1,,,
lg43,cyno cris,hl,2a,,,
lg43,desc cesp,hl,r,,,
lg43,fest nigr cens,hl,1,,,
lg43,fest prat prat,hl,+,,,
lg43,fest rubr rubr,hl,+,,,
lg43,hier lact,hl,+,,,
lg43,hier pilo ella,hl,1,,,
lg43,homa pube pube,hl,r,,,
lg43,hypo radi,hl,+,,,
lg43,leon hisp hisp,hl,1,,,
lg43,leuc ircu,hl,+,,,
lg43,lotu corn corn,hl,+,,,
lg43,nard stri,hl,2b,,,
lg43,phle prat,hl,+,,,
lg43,pimp majo majo,hl,+,,,
lg43,pimp saxi saxi,hl,+,,,
lg43,plan lanc,hl,1,,,
lg43,plan medi,hl,+,,,
lg43,poa alpi,hl,+,,,
lg43,poly vulg vulg,hl,r,,,
lg43,pote aure,hl,+,,,
lg43,pote erec,hl,1,,,
lg43,prun vulg,hl,1,,,
lg43,ranu acri acri,hl,1,,,
lg43,ranu bulb,hl,+,,,
lg43,ranu nemo,hl,1,,,
lg43,rhin mino,hl,+,,,
lg43,rume acet osa,hl,+,,,
lg43,stel gram,hl,+,,,
lg43,thym pule pule,hl,+,,,
lg43,trif prat prat,hl,2a,,,
lg43,trif repe repe,hl,+,,,
lg43,vero cham cham,hl,+,,,
lg43,vero offi,hl,+,,,
lg44,agro capi,hl,1,,,
lg44,alch exig,hl,r,,cf,
lg44,alch mont,hl,+,,,
lg44,anth alpi,hl,1,,,
lg44,briz medi,hl,+,,,
lg44,call vulg,hl,r,,,
lg44,care flac,hl,1,,,
lg44,care pall,hl,+,,,
lg44,care pani,hl,+,,,
lg44,care pilu pilu,hl,+,,,
lg44,care puli,hl,1,,,
lg44,cirs palu,hl,r,,,
lg44,cyno cris,hl,+,,,
lg44,dant decu decu,hl,2m,,,
lg44,fest nigr cens,hl,1,,,
lg44,gali albu,hl,r,,,
lg44,gali anis,hl,r,,,
lg44,heli numm glab,hl,1,,,
lg44,heli numm gran,hl,r,,,
lg44,hype perf,hl,+,,,
lg44,hypo radi,hl,+,,,
lg44,leuc ircu,hl,+,,,
lg44,lotu corn corn,hl,+,,,
lg44,luzu camp,hl,+,,,
lg44,moli caer aggr,hl,2a,,,
lg44,nard stri,hl,4,,,
lg44,phle prat,hl,+,,,
lg44,plan lanc,hl,+,,,
lg44,poly vulg vulg,hl,+,,,
lg44,pote aure,hl,r,,,
lg44,pote erec,hl,1,,,
lg44,pter aqui,hl,1,,,
lg44,ranu nemo,hl,+,,,
lg44,stel gram,hl,+,,,
lg44,trif medi medi,hl,1,,,
lg44,trif prat prat,hl,+,,,
lg44,vero offi,hl,+,,,
lg44,viol cani rupp,hl,1,,,
lg45,acer pseu,hl,1,,,
lg45,acer pseu,sl,2a,,,
lg45,acon lyco vulp,hl,+,,,
lg45,apos foet,hl,+,,,
lg45,buph sali,hl,r,,,
lg45,cala vari,hl,2b,,,
lg45,care alba,hl,2a,,,
lg45,care digi,hl,r,,,
lg45,conv maja maja,hl,+,,,
lg45,cyan mont,hl,+,,,
lg45,daph meze,hl,+,,,
lg45,eric carn,hl,2b,,,
lg45,fagu sylv,hl,1,,,
lg45,fagu sylv,sl,2a,,,
lg45,fagu sylv,tl2,4,,,
lg45,frag vesc,hl,1,,,
lg45,gent ascl,hl,1,,,
lg45,gymn dryo,hl,+,,,
lg45,hepa nobi,hl,+,,,
lg45,homo alpi,hl,+,,,
lg45,knau maxi,hl,1,,,
lg45,lari deci deci,hl,r,,,
lg45,lili mart,hl,r,,,
lg45,lyco anno,hl,1,,,
lg45,maia bifo,hl,+,,,
lg45,mela sylv,hl,+,,,
lg45,meli nuta,hl,+,,,
lg45,merc pere,hl,1,,,
lg45,neot nidu,hl,r,,,
lg45,oxal acet,hl,1,,,
lg45,peta para,hl,r,,,
lg45,phyt orbi,hl,r,,,
lg45,pice abie,sl,1,,,
lg45,pice abie,tl1,2b,,,
lg45,pice abie,tl2,2a,,,
lg45,pinu mugo,sl,2a,,,
lg45,poly cham,hl,1,,,
lg45,poly lonc,hl,r,,,
lg45,pote erec,hl,+,,,
lg45,pren purp,hl,+,,,
lg45,ranu nemo,hl,r,,,
lg45,rhod hirs,hl,+,,,
lg45,rosa pend,hl,+,,,
lg45,rubu saxa,hl,1,,,
lg45,sile vulg vulg,hl,r,,,
lg45,soli virg virg,hl,+,,,
lg45,sorb aria,hl,r,,,
lg45,sorb aria,tl2,+,,,
lg45,sorb aucu aucu,hl,r,,,
lg45,sorb cham,hl,r,,,
lg45,sorb cham,sl,r,,,
lg45,taxu bacc,tl2,1,,,
lg45,vacc myrt,hl,3,,,
lg45,vacc viti,hl,1,,,
lg45,vale mont,hl,+,,,
lg45,vale trip,hl,1,,,
lg45,viol hirt,hl,+,,,
lg46,atha cret,hl,+,,,
lg46,bell mich,hl,1,,,
lg46,buph sali,hl,+,,,
lg46,cala vari,hl,+,,,
lg46,camp coch,hl,1,,,
lg46,card defl viri,hl,+,,,
lg46,care brac,hl,1,,,
lg46,care mucr,hl,+,,,
lg46,drya octo,hl,1,,,
lg46,eric carn,hl,1,,,
lg46,euph sali,hl,+,,,
lg46,hier bifi,hl,+,,,
lg46,leon hisp hyos,hl,+,,,
lg46,leon inca,hl,r,,,
lg46,parn palu,hl,1,,,
lg46,peta para,hl,r,,,
lg46,pice abie,hl,r,,,
lg46,ping alpi,hl,+,,,
lg46,pinu mugo,hl,r,,,
lg46,poly cham,hl,+,,,
lg46,rhod cham,hl,+,,,
lg46,rhod hirs,hl,r,,,
lg46,sali glab,hl,1,,,
lg46,saxi caes,hl,+,,,
lg46,sela sela,hl,+,,,
lg46,sesl caer,hl,2a,,,
lg46,thes alpi,hl,+,,,
lg46,thym prae poly,hl,1,,,
lg46,tofi caly,hl,+,,,
lg46,vale saxa,hl,+,,,
lg47,abie alba,hl,+,,,
lg47,abie alba,sl,r,,,
lg47,abie alba,tl2,2a,,,
lg47,acer pseu,hl,r,,,
lg47,acer pseu,sl,+,,,
lg47,acon lyco vulp,hl,+,,,
lg47,amel oval,hl,+,,,
lg47,amel oval,sl,r,,,
lg47,aqui atra,hl,+,,,
lg47,bell mich,hl,+,,,
lg47,cala vari,hl,3,,,
lg47,camp rotu,hl,r,,,
lg47,care alba,hl,2b,,,
lg47,care digi,hl,r,,,
lg47,cyan mont,hl,1,,,
lg47,daph meze,hl,r,,,
lg47,eric carn,hl,2b,,,
lg47,fagu sylv,tl2,1,,,
lg47,frag vesc,hl,+,,,
lg47,gent ascl,hl,+,,,
lg47,gymn dryo,hl,+,,,
lg47,gymn robe,hl,r,,,
lg47,hepa nobi,hl,+,,,
lg47,hier muro,hl,r,,,
lg47,homo alpi,hl,1,,,
lg47,hupe sela,hl,+,,,
lg47,knau maxi,hl,1,,,
lg47,lari deci deci,tl1,1,,,
lg47,loni alpi,hl,1,,,
lg47,lyco anno,hl,1,,,
lg47,maia bifo,hl,r,,,
lg47,meli nuta,hl,+,,,
lg47,merc pere,hl,1,,,
lg47,oxal acet,hl,1,,,
lg47,pari quad,hl,r,,,
lg47,pice abie,hl,+,,,
lg47,pice abie,sl,1,,,
lg47,pice abie,tl1,2a,,,
lg47,pice abie,tl2,3,,,
lg47,pimp majo majo,hl,r,,,
lg47,poly cham,hl,+,,,
lg47,poly vert,hl,+,,,
lg47,pote erec,hl,+,,,
lg47,pter aqui,hl,1,,,
lg47,ranu nemo,hl,+,,,
lg47,rosa pend,hl,r,,,
lg47,rubu saxa,hl,1,,,
lg47,soli virg virg,hl,+,,,
lg47,sorb aria,hl,r,,,
lg47,sorb aria,sl,r,,,
lg47,sorb aucu aucu,hl,r,,,
lg47,sorb aucu aucu,sl,r,,,
lg47,thel limb,hl,+,,,
lg47,vacc myrt,hl,2a,,,
lg47,vacc viti,hl,1,,,
lg47,vale mont,hl,1,,,
lg47,vale trip,hl,+,,,
lg47,viol hirt,hl,+,,,
lg48,bisc laev laev,hl,r,,,
lg48,buph sali,hl,+,,,
lg48,cala vari,hl,1,,,
lg48,card defl viri,hl,+,,,
lg48,care firm,hl,1,,,
lg48,care mucr,hl,1,,,
lg48,care orni elon,hl,r,,,
lg48,chlo stat,hl,+,,,
lg48,drya octo,hl,2a,,,
lg48,epip palu,hl,r,,,
lg48,eric carn,hl,2a,,,
lg48,glob cord,hl,+,,,
lg48,hier bifi,hl,+,,,
lg48,hier bupl,hl,+,,,
lg48,linu cath,hl,r,,,
lg48,peta para,hl,1,,,
lg48,pice abie,hl,r,,,
lg48,pinu sylv,hl,+,,,
lg48,poly amar ella,hl,r,,,
lg48,poly cham,hl,+,,,
lg48,prim auri auri,hl,r,,,
lg48,rhod cham,hl,+,,,
lg48,sali elea elea,hl,1,,,
lg48,saxi caes,hl,+,,,
lg48,sesl caer,hl,1,,,
lg48,thym prae poly,hl,+,,,
lg48,tofi caly,hl,+,,,
lg49,abie alba,hl,r,,,
lg49,atha cret,hl,r,,,
lg49,bell mich,hl,+,,,
lg49,bisc laev laev,hl,r,,,
lg49,buph sali,hl,+,,,
lg49,cala vari,hl,1,,,
lg49,camp coch,hl,+,,,
lg49,card defl viri,hl,+,,,
lg49,care brac,hl,r,,,
lg49,care firm,hl,1,,,
lg49,care mucr,hl,2a,,,
lg49,chlo stat,hl,+,,,
lg49,drya octo,hl,2a,,,
lg49,eric carn,hl,+,,,
lg49,gymn odor,hl,r,,,
lg49,hier bifi,hl,+,,,
lg49,hier bupl,hl,+,,,
lg49,hier glab,hl,r,,,
lg49,linu cath,hl,r,,,
lg49,lotu corn corn,hl,r,,,
lg49,peta para,hl,1,,,
lg49,pice abie,hl,+,,,
lg49,pinu sylv,sl,1,,,
lg49,pinu sylv,hl,+,,,
lg49,poly cham,hl,1,,,
lg49,sali capr,hl,r,,,
lg49,sali elea elea,sl,1,,,
lg49,sali elea elea,hl,+,,,
lg49,saxi caes,hl,+,,,
lg49,sesl caer,hl,1,,,
lg49,thym prae poly,hl,1,,,
lg49,tofi caly,hl,r,,,
lg49,vale saxa,hl,r,,,
