plot,abbr,layer,cover,voucher,comment,history
ge01,acer pseu,hl,r,,,
ge01,achi mill,hl,+,,,
ge01,agro capi,hl,r,,,
ge01,arab hirs,hl,+,,,
ge01,arrh elat,hl,1,,,
ge01,brac pinn,hl,+,,,
ge01,briz medi,hl,+,,,
ge01,cala vari,hl,+,,,
ge01,care flac,hl,+,,,
ge01,care flav flav,hl,+,,,
ge01,care hirt,hl,+,,,
ge01,care orni,hl,+,,,
ge01,care pall,hl,+,,,
ge01,care pani,hl,+,,,
ge01,cent jace jace,hl,2b,,,
ge01,dact glom glom,hl,+,,,
ge01,desc cesp,hl,+,,,
ge01,equi arve,hl,+,,,
ge01,euph offi rost,hl,2m,,,
ge01,fest arun slat,hl,3,,,
ge01,fest prat prat,hl,1,,,
ge01,fest rubr slat,hl,1,,,
ge01,fili ulma ulma,hl,+,,,
ge01,gali bore,hl,1,,,
ge01,gali veru,hl,1,,,
ge01,homa pube pube,hl,1,,,
ge01,leon hisp hisp,hl,+,,,
ge01,leuc ircu,hl,1,,,
ge01,linu cath,hl,2m,,,
ge01,lotu corn,hl,1,,,
ge01,medi lupu,hl,+,,,
ge01,moli caer aggr,hl,1,,,
ge01,phle prat,hl,+,,,
ge01,plan lanc,hl,+,,,
ge01,poly amar ella,hl,1,,,
ge01,pote rept,hl,+,,,
ge01,prun gran,hl,+,,,
ge01,prun vulg,hl,+,,,
ge01,ranu nemo,hl,1,,,
ge01,rhin mino,hl,1,,,
ge01,sali purp,hl,r,,,
ge01,scab colu,hl,1,,,
ge01,sile vulg vulg,hl,r,,,
ge01,thym pule pule,hl,+,,,
ge01,trag orie,hl,r,,,
ge01,trif prat prat,hl,+,,,
ge01,verb nigr,hl,r,,,
ge02,alli cari cari,hl,+,,cf.,
ge02,anth odor,hl,1,,,
ge02,anth vuln slat,hl,2a,,cf. ssp alpicola,
ge02,beto offi offi,hl,+,,,
ge02,brac pinn,hl,2a,,,
ge02,briz medi,hl,2b,,,
ge02,buph sali,hl,+,,,
ge02,camp glom,hl,+,,,
ge02,care cary,hl,+,,,
ge02,care flac,hl,+,,,
ge02,care mont,hl,+,,,
ge02,care orni,hl,+,,,
ge02,care pall,hl,+,,,
ge02,care pani,hl,+,,,
ge02,cent jace jace,hl,1,,,
ge02,dact glom glom,hl,+,,,
ge02,dact macu slat,hl,r,,,
ge02,euph offi rost,hl,+,,,
ge02,fest prat prat,hl,1,,,
ge02,fest stri trac,hl,1,,cf.,
ge02,gali albu,hl,+,,,
ge02,gali bore,hl,1,,,
ge02,gali veru,hl,1,,,
ge02,gymn cono slat,hl,+,,,
ge02,hipp como,hl,+,,,
ge02,homa pube pube,hl,2a,,,
ge02,knau arve arve,hl,1,,,
ge02,koel pyra pyra,hl,2b,,,
ge02,leon hisp hisp,hl,1,,,
ge02,leuc ircu,hl,+,,,
ge02,linu cath,hl,2m,,,
ge02,lotu corn,hl,+,,,
ge02,medi lupu,hl,+,,,
ge02,moli caer aggr,hl,1,,,
ge02,orob grac,hl,+,,cf.,
ge02,peta para,hl,+,,,
ge02,peuc oreo,hl,2a,,,
ge02,poly amar ella,hl,+,,,
ge02,pote erec,hl,+,,,
ge02,prun gran,hl,1,,,
ge02,ranu acri acri,hl,+,,,
ge02,ranu nemo,hl,1,,,
ge02,rhin mino,hl,2b,,,
ge02,sang mino slat,hl,+,,,
ge02,sang offi,hl,+,,,
ge02,scab colu,hl,2a,,,
ge02,thym pule pule,hl,1,,,
ge02,trif mont mont,hl,+,,,
ge02,trif prat prat,hl,+,,,
ge02,vici crac,hl,+,,,
ge03,achi mill,hl,+,,,
ge03,ajug rept,hl,+,,,
ge03,alli cari cari,hl,+,,,
ge03,anth odor,hl,+,,,
ge03,anth vuln slat,hl,+,,cf. ssp alpicola,
ge03,brac pinn,hl,2a,,,
ge03,briz medi,hl,2b,,,
ge03,camp rotu aggr,hl,r,,,
ge03,care cary,hl,+,,,
ge03,care flac,hl,1,,,
ge03,care mont,hl,1,,,
ge03,care orni orni,hl,+,,,
ge03,cent jace jace,hl,1,,,
ge03,dact glom glom,hl,+,,,
ge03,equi arve,hl,r,,,
ge03,euph offi rost,hl,+,,,
ge03,fest arun slat,hl,+,,,
ge03,fest rubr slat,hl,+,,,
ge03,fest stri trac,hl,+,,,
ge03,fili vulg,hl,r,,,
ge03,frax exce,hl,r,,,
ge03,gali albu,hl,r,,,
ge03,gali bore,hl,r,,,
ge03,homa pube pube,hl,+,,,
ge03,knau arve arve,hl,r,,,
ge03,koel pyra pyra,hl,1,,,
ge03,leon hisp hisp,hl,2a,,,
ge03,leuc vulg,hl,+,,,
ge03,linu cath,hl,+,,,
ge03,lotu corn,hl,+,,,
ge03,moli caer aggr,hl,+,,,
ge03,orob grac,hl,+,,,
ge03,pimp majo majo,hl,+,,,
ge03,plan lanc,hl,+,,,
ge03,poly amar ella,hl,r,,,
ge03,pote erec,hl,+,,,
ge03,pote rept,hl,+,,,
ge03,prun gran,hl,2a,,,
ge03,ranu nemo,hl,+,,,
ge03,rhin mino,hl,1,,,
ge03,sang mino slat,hl,+,,,
ge03,scab colu,hl,+,,,
ge03,thym pule pule,hl,2a,,,
ge03,trif prat prat,hl,+,,,
ge03,vici crac,hl,+,,,
ge04,alli cari cari,hl,+,,,
ge04,anth odor,hl,+,,,
ge04,anth ramo,hl,1,,,
ge04,anth vuln slat,hl,+,,cf. ssp alpicola,
ge04,beto offi offi,hl,+,,,
ge04,brac pinn,hl,+,,,
ge04,briz medi,hl,1,,,
ge04,buph sali,hl,1,,,
ge04,camp glom,hl,r,,,
ge04,care cary,hl,+,,,
ge04,care flac,hl,+,,,
ge04,care mont,hl,1,,,
ge04,care pani,hl,+,,,
ge04,cent jace jace,hl,+,,,
ge04,cent scab scab,hl,+,,,
ge04,dact glom glom,hl,+,,,
ge04,fest arun slat,hl,+,,,
ge04,fest rubr slat,hl,+,,,
ge04,fest stri trac,hl,+,,,
ge04,gali bore,hl,2a,,,
ge04,gali veru,hl,+,,,
ge04,gymn cono cono,hl,r,,,
ge04,hipp como,hl,+,,,
ge04,koel pyra pyra,hl,+,,,
ge04,leon hisp hisp,hl,+,,,
ge04,leuc vulg,hl,+,,,
ge04,list ovat,hl,r,,,
ge04,lotu corn,hl,+,,,
ge04,moli caer aggr,hl,2b,,,
ge04,orob grac,hl,r,,,
ge04,peta para,hl,r,,,
ge04,peuc oreo,hl,2b,,,
ge04,plan lanc,hl,+,,,
ge04,plan medi,hl,+,,,
ge04,poly amar ella,hl,r,,,
ge04,pote erec,hl,+,,,
ge04,prun gran,hl,1,,,
ge04,ranu nemo,hl,+,,,
ge04,rhin mino,hl,+,,,
ge04,sang mino slat,hl,+,,,
ge04,scab colu,hl,2a,,,
ge04,thym pule pule,hl,+,,,
ge04,trag orie,hl,+,,,
ge04,trif mont mont,hl,1,,,
ge04,trif prat prat,hl,+,,,
ge04,vici crac,hl,+,,,
ge05,achi mill,hl,+,,,
ge05,alli cari cari,hl,+,,,
ge05,anth odor,hl,1,,,
ge05,anth vuln slat,hl,1,,cf. ssp. alpicola,
ge05,briz medi,hl,2a,,,
ge05,buph sali,hl,r,,,
ge05,camp glom,hl,+,,,
ge05,care cary,hl,+,,,
ge05,care flac,hl,+,,,
ge05,care mont,hl,2b,,,
ge05,cent jace jace,hl,+,,,
ge05,cent scab scab,hl,1,,,
ge05,dact glom glom,hl,+,,,
ge05,euph offi rost,hl,+,,,
ge05,fest arun slat,hl,+,,,
ge05,fest prat prat,hl,r,,,
ge05,fest stri trac,hl,2m,,,
ge05,gali albu,hl,+,,,
ge05,gali veru,hl,+,,,
ge05,homa pube pube,hl,+,,,
ge05,koel pyra pyra,hl,3,,,
ge05,leon hisp hisp,hl,+,,,
ge05,leuc ircu,hl,+,,,
ge05,linu cath,hl,2m,,,
ge05,lotu corn,hl,+,,,
ge05,medi lupu,hl,1,,,
ge05,moli caer aggr,hl,+,,,
ge05,orob grac,hl,r,,,
ge05,peuc oreo,hl,2a,,,
ge05,pimp majo majo,hl,+,,,
ge05,plan lanc,hl,+,,,
ge05,poly amar ella,hl,+,,,
ge05,prun vulg,hl,+,,,
ge05,ranu nemo,hl,1,,,
ge05,rhin mino,hl,2b,,,
ge05,sang mino slat,hl,+,,,
ge05,sang offi,hl,+,,,
ge05,scab colu,hl,1,,,
ge05,sile vulg vulg,hl,+,,,
ge05,thym pule pule,hl,1,,,
ge05,trif prat prat,hl,1,,,
ge05,vici crac,hl,+,,,
