plot,abbr,layer,cover,comment,voucher,history
hg01,agro alpi,hl,1,,,
hg01,agro rupe rupe,hl,1,,,
hg01,alch fiss,hl,r,,2013-0214,
hg01,andr cham,hl,+,,,
hg01,anem narc,hl,r,,2013-0211,
hg01,ante carp,hl,+,,,
hg01,aven vers,hl,1,,,
hg01,bart alpi,hl,+,,,
hg01,camp alpi,hl,+,,,
hg01,camp sche,hl,+,,,
hg01,care atra,hl,+,,,
hg01,care capi,hl,1,,,
hg01,care firm,hl,2a,,,
hg01,care parv,hl,+,,,
hg01,care semp semp,hl,2a,,,
hg01,cham alpi,hl,+,,,
hg01,coel viri,hl,+,,,
hg01,drya octo,hl,2b,,,
hg01,euph mini,hl,+,,,
hg01,fest pumi,hl,+,,,
hg01,fest rupi rina,hl,+,,,
hg01,gali nori,hl,+,,,
hg01,gent vern vern,hl,+,,,
hg01,heli alpe,hl,+,,,
hg01,homo alpi,hl,1,,,
hg01,homo disc,hl,1,,,
hg01,hupe sela,hl,+,,,
hg01,kobr simp,hl,1,,,
hg01,leon hisp slat,hl,1,,,
hg01,lois proc,hl,+,,,
hg01,luzu alpi na,hl,+,,,
hg01,luzu glab,hl,+,,,
hg01,mute adon,hl,r,,,
hg01,nigr nigr aust,hl,+,,2013-0213,
hg01,pedi rost tata,hl,+,,,
hg01,pers vivi,hl,1,,,
hg01,phyt orbi,hl,r,,,
hg01,pote aure,hl,+,,,
hg01,prim mini,hl,2a,,,
hg01,ranu alpe,hl,+,,,
hg01,ranu mont,hl,+,,,
hg01,rhod hirs,hl,+,,,
hg01,rhod ×int,hl,+,,,
hg01,sali retu,hl,+,,,
hg01,scor helv,hl,+,,2013-0212,
hg01,sela sela,hl,+,,,
hg01,sesl caer,hl,2a,,,
hg01,sold pusi alpi,hl,+,,,
hg01,tofi pusi,hl,1,,,
hg01,vacc gaul,hl,+,,,
hg01,vacc myrt,hl,+,,,
hg01,vacc viti,hl,+,,,
hg01,cetr isla isla,ml,+,,,
hg01,clad rang,ml,+,,,
hg01,clad unci slat,ml,+,,,
hg01,flav cucu,ml,+,,,
hg01,rhyt triq,ml,+,,,
hg01,tort tort,ml,+,,,
hg02,agro alpi,hl,2a,,,
hg02,agro rupe rupe,hl,+,,,
hg02,andr cham,hl,+,,,
hg02,arct alpi,hl,r,,,
hg02,aven vers,hl,+,,,
hg02,camp alpi,hl,+,,,
hg02,camp sche,hl,+,,,
hg02,care capi,hl,+,,,
hg02,care firm,hl,2a,,,
hg02,cham alpi,hl,r,,,
hg02,drya octo,hl,+,,,
hg02,euph mini,hl,+,,,
hg02,fest pumi,hl,+,,,
hg02,gali nori,hl,+,,,
hg02,gent clus clus,hl,r,,,
hg02,gent vern vern,hl,r,,,
hg02,heli alpe,hl,+,,,
hg02,junc mona,hl,+,,,
hg02,kobr myos,hl,1,,,
hg02,kobr simp,hl,+,,,
hg02,minu gera,hl,+,,,
hg02,myos alpe,hl,+,,,
hg02,pach mute,hl,r,,2013-0215,
hg02,pers vivi,hl,+,,,
hg02,prim mini,hl,2b,,,
hg02,ranu alpe,hl,+,,,
hg02,rhod cham,hl,+,,,
hg02,rhod hirs,hl,r,,,
hg02,sali retu,hl,+,,,
hg02,sali serp,hl,r,,,
hg02,sela sela,hl,+,,,
hg02,sesl caer,hl,1,,,
hg02,sile acau long,hl,+,,,
hg02,vacc viti,hl,1,,,
hg02,cetr isla isla,ml,+,,,
hg02,clad macr eras,ml,+,,,
hg02,clad rang,ml,+,,,
hg02,clad unci slat,ml,+,,,
hg02,flav cucu,ml,+,,,
hg02,flav niva,ml,r,,,
hg02,tham verm verm,ml,1,,,
hg02,tort tort,ml,+,,,
hg02,unde alga,ml,+,,,
hg02,vulp tubu,ml,r,,,
hg03,agro alpi,hl,1,,,
hg03,andr cham,hl,+,,,
hg03,aven vers,hl,1,,,
hg03,camp alpi,hl,+,,,
hg03,camp sche,hl,+,,,
hg03,care atra,hl,r,,,
hg03,care capi,hl,+,,,
hg03,care firm,hl,2b,,,
hg03,care orni,hl,+,,,
hg03,coel viri,hl,r,,,
hg03,drya octo,hl,2b,,,
hg03,euph mini,hl,+,,,
hg03,fest pumi,hl,+,,,
hg03,gent niva,hl,r,,,
hg03,gent vern vern,hl,+,,,
hg03,heli alpe,hl,+,,,
hg03,kobr simp,hl,r,,,
hg03,pach mute,hl,+,,,
hg03,pers vivi,hl,+,,,
hg03,prim mini,hl,2b,,,
hg03,ranu alpe,hl,+,,,
hg03,saxi caes,hl,r,,,
hg03,sela sela,hl,+,,,
hg03,sesl caer,hl,1,,,
hg03,sile acau long,hl,+,,,
hg03,vacc gaul,hl,r,,,
hg03,vacc viti,hl,1,,,
hg03,alec ochr,ml,r,,,
hg03,calo spec ies,ml,+,,,
hg03,cetr isla isla,ml,+,,,
hg03,clad macr eras,ml,+,,,
hg03,clad pyxi,ml,1,,,
hg03,clad rang,ml,+,,,
hg03,clad unci slat,ml,+,,,
hg03,flav cucu,ml,+,,,
hg03,flav niva,ml,+,,,
hg03,poly juni,ml,1,,,
hg03,rhyt rugo,ml,+,,,
hg03,tham verm verm,ml,1,,,
hg03,tort tort,ml,+,,,
hg03,unde alga,ml,+,,,
hg03,vulp tubu,ml,+,,,
hg04,agro alpi,hl,2a,,,
hg04,anth alpi,hl,+,,,
hg04,camp sche,hl,+,,,
hg04,care firm,hl,r,,,
hg04,care parv,hl,+,,,
hg04,cera cera,hl,+,,2013-0216,
hg04,crep aure aure,hl,+,,,
hg04,euph mini,hl,+,,,
hg04,fest pumi,hl,+,,,
hg04,gent bava suba,hl,+,,,
hg04,gent niva,hl,+,,,
hg04,gnap supi,hl,2b,,,
hg04,homo alpi,hl,1,,,
hg04,junc mona,hl,r,,,
hg04,pach mute,hl,2a,,,
hg04,pers vivi,hl,+,,,
hg04,poa alpi,hl,+,,,
hg04,pote brau,hl,r,,2013-0236,
hg04,prim mini,hl,2b,,,
hg04,ranu alpe,hl,+,,,
hg04,sali herb,hl,1,,,
hg04,sali retu,hl,r,,,
hg04,scor helv,hl,1,,2013-0217,
hg04,sela sela,hl,+,,,
hg04,sibb proc,hl,2a,,,
hg04,sile acau long,hl,+,,,
hg04,sold pusi alpi,hl,1,,,
hg04,vero alpi,hl,+,,,
hg04,cetr isla isla,ml,+,,,
hg04,clad pyxi,ml,+,,,
hg04,clad unci slat,ml,+,,,
hg04,poly juni,ml,+,,,
hg04,raco lanu,ml,+,,,
hg04,tort tort,ml,1,,,
hg05,agro alpi,hl,2m,,,
hg05,andr cham,hl,1,,,
hg05,arct alpi,hl,+,,,
hg05,aven vers,hl,+,,,
hg05,camp alpi,hl,+,,,
hg05,care capi,hl,1,,,
hg05,care firm,hl,3,,,
hg05,care parv,hl,+,,,
hg05,care semp semp,hl,r,,,
hg05,cham alpi,hl,r,,,
hg05,crep terg,hl,+,,,
hg05,drya octo,hl,+,,,
hg05,euph mini,hl,+,,,
hg05,euph sali,hl,+,,,
hg05,fest pumi,hl,+,,,
hg05,gali nori,hl,r,,,
hg05,gent vern vern,hl,+,,,
hg05,heli alpe,hl,+,,,
hg05,junc mona,hl,+,,,
hg05,kobr myos,hl,2b,,,
hg05,kobr simp,hl,2a,,,
hg05,minu gera,hl,r,,,
hg05,minu sedo,hl,+,,,
hg05,pedi rost tata,hl,1,,,
hg05,pers vivi,hl,+,,,
hg05,ping alpi,hl,+,,,
hg05,prim mini,hl,1,,,
hg05,ranu alpe,hl,+,,,
hg05,sali serp,hl,r,,,
hg05,sela sela,hl,+,,,
hg05,sesl caer,hl,+,,,
hg05,sile acau long,hl,r,,,
hg05,tofi pusi,hl,1,,,
hg05,vacc viti,hl,+,,,
hg05,calo spec ies,ml,+,,,
hg05,cetr isla isla,ml,+,,,
hg05,clad macr eras,ml,+,,,
hg05,clad pyxi,ml,+,,,
hg05,clad rang,ml,+,cf. clad arbu,,
hg05,clad unci slat,ml,+,,,
hg05,rhyt rugo,ml,+,,,
hg05,tham verm verm,ml,1,,,
hg05,tort tort,ml,+,,,
hg05,vulp tubu,ml,+,,,
hg06,agro alpi,hl,1,,,
hg06,andr cham,hl,+,,,
hg06,aven vers,hl,1,,,
hg06,bart alpi,hl,+,,,
hg06,camp alpi,hl,+,,,
hg06,care atra,hl,1,,,
hg06,care capi,hl,+,,,
hg06,care firm,hl,2a,,,
hg06,care parv,hl,r,,,
hg06,cham alpi,hl,+,,,
hg06,drya octo,hl,2b,,,
hg06,euph mini,hl,+,,,
hg06,fest pumi,hl,+,,,
hg06,gent vern vern,hl,+,,,
hg06,heli alpe,hl,+,,,
hg06,junc jacq,hl,r,,2013-0218,
hg06,kobr myos,hl,2b,,,
hg06,kobr simp,hl,1,,,
hg06,minu gera,hl,+,,,
hg06,minu sedo,hl,r,,,
hg06,pedi rost tata,hl,+,,,
hg06,pers vivi,hl,+,,,
hg06,poa alpi,hl,r,,,
hg06,prim mini,hl,2a,,,
hg06,ranu alpe,hl,+,,,
hg06,sali serp,hl,+,,,
hg06,sela sela,hl,+,,,
hg06,sesl caer,hl,1,,,
hg06,sile acau long,hl,+,,,
hg06,tofi pusi,hl,1,,,
hg06,vacc viti,hl,+,,,
hg06,calo spec ies,ml,+,,,
hg06,cetr isla isla,ml,+,,,
hg06,clad macr eras,ml,+,,,
hg06,clad unci slat,ml,+,,,
hg06,flav cucu,ml,+,,,
hg06,flav niva,ml,+,,,
hg06,hylo sple,ml,+,,,
hg06,pleu schr,ml,+,,,
hg06,pseu furf slat,ml,+,,,
hg06,rhyt rugo,ml,1,,,
hg06,tham verm verm,ml,+,,,
hg06,vulp tubu,ml,r,,,
hg07,care firm,hl,3,,,
hg07,cham alpi,hl,+,,,
hg07,crep terg,hl,2m,,,
hg07,drya octo,hl,2a,,,
hg07,euph mini,hl,+,,,
hg07,euph sali,hl,+,,,
hg07,hedy hedy hedy,hl,r,,,
hg07,heli alpe,hl,+,,,
hg07,kobr simp,hl,r,,,
hg07,minu sedo,hl,+,,,
hg07,oxyt mont,hl,r,,2013-0221,
hg07,pedi rost tata,hl,+,,,
hg07,pers vivi,hl,+,,,
hg07,prim mini,hl,+,,,
hg07,sali serp,hl,r,,,
hg07,saxi caes,hl,r,,,
hg07,sela sela,hl,+,,,
hg07,sile acau long,hl,+,,,
hg07,tofi pusi,hl,+,,,
hg07,calo spec ies,ml,+,,,
hg07,cetr isla isla,ml,+,,,
hg07,flav cucu,ml,+,,,
hg07,flav niva,ml,+,,,
hg07,tham verm verm,ml,+,,,
hg07,tort tort,ml,+,,,
hg07,vulp tubu,ml,1,,,
hg08,agro alpi,hl,+,,,
hg08,agro rupe rupe,hl,1,,2013-0225,
hg08,anth alpi,hl,+,,,
hg08,camp sche,hl,+,,,
hg08,care capi,hl,+,,,
hg08,care firm,hl,+,,,
hg08,care semp semp,hl,+,,,
hg08,desc cesp,hl,r,,,
hg08,diph alpi,hl,1,,2013-0223,
hg08,drya octo,hl,+,,,
hg08,euph mini,hl,+,,,
hg08,fest pumi,hl,+,,,
hg08,fest rupi rina,hl,+,,2013-0224,
hg08,gali nori,hl,r,,,
hg08,gent bava suba,hl,r,,,
hg08,gent niva,hl,+,,,
hg08,gent vern vern,hl,+,,,
hg08,gnap supi,hl,2b,,2013-0226,
hg08,homo alpi,hl,1,,,
hg08,kobr myos,hl,+,,,
hg08,luzu alpi na,hl,+,,2013-0228,
hg08,luzu spic spic,hl,r,,2013-0227,
hg08,minu sedo,hl,+,,,
hg08,pach mute,hl,1,,2013-0220,
hg08,pers vivi,hl,+,,,
hg08,poa alpi,hl,+,,,
hg08,pote aure,hl,2m,,,
hg08,pote brau,hl,+,,,
hg08,prim mini,hl,3,,,
hg08,ranu alpe,hl,+,,,
hg08,sali herb,hl,+,,,
hg08,sali serp,hl,+,,,
hg08,scor helv,hl,2a,,2013-0222,
hg08,sela sela,hl,+,,,
hg08,sesl caer,hl,1,,,
hg08,sibb proc,hl,+,,,
hg08,sold pusi alpi,hl,+,,2013-0219,
hg08,vacc viti,hl,+,,,
hg08,vero alpi,hl,+,,,
hg08,cetr isla isla,ml,+,,,
hg08,clad pyxi,ml,+,,,
hg08,poly juni,ml,+,,,
hg08,raco lanu,ml,+,,,
hg08,tort tort,ml,+,,,
hg09,agro alpi,hl,2a,,,
hg09,andr cham,hl,+,,,
hg09,anem narc,hl,r,,,
hg09,ante carp,hl,r,,,
hg09,anth alpi,hl,+,,,
hg09,aven vers,hl,1,,,
hg09,camp sche,hl,+,,,
hg09,care atra,hl,+,,,
hg09,care capi,hl,+,,,
hg09,care firm,hl,+,,,
hg09,care semp semp,hl,2a,,,
hg09,cham alpi,hl,+,,,
hg09,euph mini,hl,+,,,
hg09,gali nori,hl,+,,,
hg09,heli alpe,hl,+,,,
hg09,junc mona,hl,+,,,
hg09,kobr myos,hl,3,,,
hg09,luzu alpi na,hl,2a,,2013-0229,
hg09,minu sedo,hl,+,,,
hg09,pach mute,hl,+,,,
hg09,pers vivi,hl,+,,,
hg09,prim mini,hl,+,,,
hg09,sela sela,hl,+,,,
hg09,sesl caer,hl,2a,,,
hg09,clad pyxi,ml,+,,,
hg09,clad rang,ml,+,,,
hg09,clad unci slat,ml,+,,,
hg09,flav cucu,ml,+,,,
hg09,flav niva,ml,+,,,
hg09,tham verm verm,ml,+,,,
hg09,vulp tubu,ml,+,,,
hg10,agro alpi,hl,2a,,,
hg10,andr cham,hl,+,,,
hg10,aven vers,hl,+,,,
hg10,camp alpi,hl,+,,,
hg10,care atra,hl,+,,,
hg10,care capi,hl,1,,,
hg10,care firm,hl,3,,,
hg10,care parv,hl,+,,,
hg10,care semp semp,hl,+,,,
hg10,cham alpi,hl,+,,,
hg10,drya octo,hl,2a,,,
hg10,euph mini,hl,+,,,
hg10,euph sali,hl,+,,,
hg10,fest pumi,hl,1,,,
hg10,gent aspe,hl,+,,2013-0231,
hg10,gent vern vern,hl,+,,,
hg10,heli alpe,hl,+,,,
hg10,junc jacq,hl,+,,,
hg10,kobr myos,hl,+,,,
hg10,kobr simp,hl,1,,,
hg10,nigr nigr aust,hl,+,,2013-0230,
hg10,oxyt mont,hl,r,,,
hg10,pach mute,hl,r,,,
hg10,pedi rost tata,hl,+,,,
hg10,pers vivi,hl,+,,,
hg10,prim mini,hl,2b,,,
hg10,ranu alpe,hl,+,,,
hg10,sela sela,hl,+,,,
hg10,sesl caer,hl,1,,,
hg10,sile acau long,hl,+,,,
hg10,tofi pusi,hl,+,,,
hg10,vacc viti,hl,+,,,
hg10,cetr isla isla,ml,+,,,
hg10,clad unci slat,ml,+,,,
hg10,flav cucu,ml,+,,,
hg10,flav niva,ml,+,,,
hg10,tham verm verm,ml,+,,,
hg10,tort tort,ml,+,,,
hg10,unde alga,ml,+,,,
