plot,abbr,layer,cover,voucher,comment,history
uknl01,acer pseu,hl,1,,,
uknl01,acer pseu,sl,+,,,
uknl01,acon lyco vulp,hl,+,,,
uknl01,ajug rept,hl,+,,,
uknl01,anem nemo,hl,1,,,
uknl01,ange sylv sylv,hl,+,,,
uknl01,apos foet,hl,+,,,
uknl01,asar euro euro,hl,+,,,
uknl01,berb vulg,hl,+,,,
uknl01,berb vulg,sl,1,,,
uknl01,betu pend,sl,r,,,
uknl01,brac sylv,hl,1,,,
uknl01,cala vari,hl,1,,,
uknl01,care alba,hl,2a,,,
uknl01,care cary,hl,+,,,
uknl01,care flac,hl,1,,,
uknl01,care orni orni,hl,+,,,
uknl01,carp betu,hl,+,,,
uknl01,carp betu,sl,+,,,
uknl01,chae hirs,hl,r,,,
uknl01,cirs oler,hl,1,,,
uknl01,clem vita,hl,+,,,
uknl01,clem vita,sl,1,,,
uknl01,clin vulg vulg,hl,+,,,
uknl01,corn sang sang,hl,+,,,
uknl01,corn sang sang,sl,1,,,
uknl01,cory avel,hl,+,,,
uknl01,cory avel,sl,2a,,,
uknl01,crat laev laev,sl,r,,,
uknl01,crat mono,hl,r,,,
uknl01,crat mono,sl,+,,,
uknl01,dact macu slat,hl,+,,,
uknl01,daph meze,hl,+,,,
uknl01,desc cesp,hl,+,,,
uknl01,euon euro,hl,r,,,
uknl01,eupa cann,hl,+,,,
uknl01,euph cypa,hl,+,,,
uknl01,euph dulc dulc,hl,r,,,
uknl01,fagu sylv,sl,1,,,
uknl01,fagu sylv,tl2,2a,,,
uknl01,frag vesc,hl,+,,,
uknl01,fran alnu,hl,+,,,
uknl01,fran alnu,sl,1,,,
uknl01,frax exce,hl,+,,,
uknl01,gali albu,hl,+,,,
uknl01,hede heli,hl,1,,,
uknl01,hepa nobi,hl,+,,,
uknl01,hype perf,hl,r,,,
uknl01,knau maxi,hl,+,,,
uknl01,lath prat prat,hl,+,,,
uknl01,lath vern,hl,+,,,
uknl01,ligu vulg,hl,+,,,
uknl01,ligu vulg,sl,1,,,
uknl01,list ovat,hl,1,,,
uknl01,loni alpi,hl,+,,,
uknl01,loni xylo,hl,+,,,
uknl01,loni xylo,sl,+,,,
uknl01,luzu sylv sylv,hl,r,,,
uknl01,lysi nemo,hl,r,,,
uknl01,maia bifo,hl,+,,,
uknl01,meli nuta,hl,1,,,
uknl01,merc pere,hl,+,,,
uknl01,pice abie,sl,1,,,
uknl01,pice abie,tl2,3,,,
uknl01,pote erec,hl,+,,,
uknl01,prim elat,hl,+,,,
uknl01,prun padu padu,sl,+,,,
uknl01,pulm offi,hl,r,,,
uknl01,quer robu,hl,r,,,
uknl01,ranu mont,hl,+,,,
uknl01,ranu nemo,hl,+,,,
uknl01,rosa arve,hl,+,,,
uknl01,rubu caes,hl,+,,,
uknl01,salv glut,hl,+,,,
uknl01,sesl caer,hl,+,,,
uknl01,soli giga,hl,r,,,
uknl01,sorb aria,hl,+,,,
uknl01,sorb aria,sl,+,,,
uknl01,sorb aucu aucu,hl,+,,,
uknl01,sorb aucu aucu,sl,r,,,
uknl01,stac sylv,hl,+,,,
uknl01,stel medi,hl,r,,,
uknl01,ulmu glab,hl,+,,,
uknl01,ulmu glab,sl,+,,,
uknl01,vale offi samb,hl,+,,cf.,
uknl01,vero cham cham,hl,r,,,
uknl01,vero offi,hl,+,,,
uknl01,vibu lant,hl,1,,,
uknl01,vibu lant,sl,1,,,
uknl01,vibu opul,hl,+,,,
uknl01,vibu opul,sl,r,,,
uknl01,vinc mino,hl,r,,,
uknl01,viol reic,hl,+,,,
uknl01,viol rivi,hl,+,,,
uknl02,acer pseu,hl,+,,,
uknl02,acer pseu,sl,+,,,
uknl02,acer pseu,tl2,+,,,
uknl02,alnu inca,hl,r,,,
uknl02,alnu inca,sl,+,,,
uknl02,anem nemo,hl,+,,,
uknl02,ange sylv sylv,hl,+,,,
uknl02,apos foet,hl,+,,,
uknl02,asar euro euro,hl,+,,,
uknl02,berb vulg,hl,r,,,
uknl02,berb vulg,sl,1,,,
uknl02,brac sylv,hl,2a,,,
uknl02,cala vari,hl,1,,,
uknl02,camp trac,hl,r,,,
uknl02,care alba,hl,2a,,,
uknl02,care digi,hl,r,,,
uknl02,care flac,hl,1,,,
uknl02,care orni orni,hl,+,,,
uknl02,cirs oler,hl,+,,,
uknl02,clem vita,hl,+,,,
uknl02,clin vulg vulg,hl,+,,,
uknl02,corn sang sang,hl,+,,,
uknl02,corn sang sang,sl,+,,,
uknl02,cory avel,hl,+,,,
uknl02,cory avel,sl,+,,,
uknl02,coto diva,sl,r,,,
uknl02,crat mono,hl,r,,,
uknl02,crat mono,sl,r,,,
uknl02,dact glom glom,hl,+,,,
uknl02,dact macu slat,hl,r,,,
uknl02,daph meze,hl,r,,,
uknl02,desc cesp,hl,1,,,
uknl02,dryo fili,hl,+,,,
uknl02,epip atro,hl,r,,,
uknl02,euon lati,hl,r,,,
uknl02,eupa cann,hl,+,,,
uknl02,euph cypa,hl,+,,,
uknl02,euph dulc dulc,hl,+,,,
uknl02,fagu sylv,hl,r,,,
uknl02,fagu sylv,sl,1,,,
uknl02,fagu sylv,tl2,+,,,
uknl02,fest giga,hl,r,,,
uknl02,frag vesc,hl,+,,,
uknl02,fran alnu,hl,r,,,
uknl02,fran alnu,sl,+,,,
uknl02,frax exce,hl,+,,,
uknl02,frax exce,sl,r,,,
uknl02,gali albu,hl,+,,,
uknl02,hede heli,hl,+,,,
uknl02,knau maxi,hl,1,,,
uknl02,leon hisp hisp,hl,r,,,
uknl02,ligu vulg,hl,r,,,
uknl02,ligu vulg,sl,1,,,
uknl02,linu cath,hl,r,,,
uknl02,list ovat,hl,+,,,
uknl02,loni alpi,hl,r,,,
uknl02,loni alpi,sl,r,,,
uknl02,loni xylo,hl,+,,,
uknl02,loni xylo,sl,1,,,
uknl02,lysi nemo,hl,+,,,
uknl02,meli nuta,hl,2a,,,
uknl02,merc pere,hl,+,,,
uknl02,neot nidu,hl,r,,,
uknl02,pice abie,sl,2a,,,
uknl02,pice abie,tl2,4,,,
uknl02,poa prat,hl,+,,,
uknl02,poly acul,hl,r,,,
uknl02,pote erec,hl,+,,,
uknl02,prun padu padu,hl,r,,,
uknl02,prun padu padu,sl,r,,,
uknl02,pulm offi,hl,+,,,
uknl02,quer robu,hl,r,,,
uknl02,ranu mont,hl,+,,,
uknl02,ranu nemo,hl,+,,,
uknl02,rosa arve,hl,+,,,
uknl02,rubu caes,hl,+,,,
uknl02,rubu sect rubu,hl,+,,,
uknl02,salv glut,hl,2a,,,
uknl02,sesl caer,hl,1,,,
uknl02,sorb aria,hl,r,,,
uknl02,sorb aria,sl,+,,,
uknl02,sorb aucu aucu,hl,+,,,
uknl02,sorb aucu aucu,sl,r,,,
uknl02,symp tube slat,hl,r,,,
uknl02,ulmu glab,hl,r,,,
uknl02,ulmu glab,sl,r,,,
uknl02,vale offi tenu,hl,+,,,
uknl02,vibu lant,hl,+,,,
uknl02,vibu lant,sl,1,,,
uknl02,vibu opul,hl,r,,,
uknl02,vibu opul,sl,r,,,
uknl02,viol reic,hl,+,,,
uknl03,acer pseu,hl,+,,,
uknl03,acer pseu,sl,+,,,
uknl03,acer pseu,tl2,+,,,
uknl03,aego poda,hl,1,,,
uknl03,agro stol,hl,+,,,
uknl03,ajug rept,hl,+,,,
uknl03,alch spec ies,hl,r,,,
uknl03,alli ursi ursi,hl,+,,,
uknl03,alnu inca,hl,r,,,
uknl03,alnu inca,sl,+,,,
uknl03,alnu inca,tl2,3,,,
uknl03,anem nemo,hl,+,,,
uknl03,anem ranu,hl,+,,,
uknl03,ange sylv sylv,hl,1,,,
uknl03,arrh elat,hl,+,,,
uknl03,bell mich,hl,+,,,
uknl03,brac sylv,hl,2a,,,
uknl03,card enne,hl,+,,,
uknl03,care alba,hl,1,,,
uknl03,care flac,hl,1,,,
uknl03,care orni orni,hl,+,,,
uknl03,cera luco,hl,r,,,
uknl03,chae hirs,hl,+,,,
uknl03,cirs oler,hl,+,,,
uknl03,clem vita,hl,+,,,
uknl03,corn sang sang,hl,+,,,
uknl03,corn sang sang,sl,+,,,
uknl03,cory avel,sl,+,,,
uknl03,crep bien,hl,r,,,
uknl03,crep palu,hl,r,,,
uknl03,dact glom glom,hl,+,,,
uknl03,desc cesp,hl,1,,,
uknl03,dryo fili,hl,+,,,
uknl03,euon euro,hl,+,,,
uknl03,euon euro,sl,1,,,
uknl03,euph amyg amyg,hl,+,,,
uknl03,fagu sylv,sl,+,,,
uknl03,fagu sylv,tl2,1,,,
uknl03,fest arun arun,hl,+,,,
uknl03,fest giga,hl,+,,,
uknl03,fest rubr rubr,hl,+,,,
uknl03,fili ulma,hl,+,,,
uknl03,frag vesc,hl,+,,,
uknl03,frax exce,hl,+,,,
uknl03,frax exce,sl,r,,,
uknl03,gale mont,hl,+,,,
uknl03,gali albu,hl,+,,,
uknl03,gera robe,hl,r,,,
uknl03,geum riva,hl,r,,,
uknl03,hede heli,hl,+,,,
uknl03,knau maxi,hl,1,,,
uknl03,lath prat prat,hl,+,,,
uknl03,ligu vulg,hl,r,,,
uknl03,ligu vulg,sl,+,,,
uknl03,list ovat,hl,+,,,
uknl03,loni xylo,hl,r,,,
uknl03,loni xylo,sl,2a,,,
uknl03,lysi nemo,hl,+,,,
uknl03,lysi numm,hl,+,,,
uknl03,matt stru,hl,1,,,
uknl03,meli nuta,hl,+,,,
uknl03,ment long,hl,r,,,
uknl03,oxal acet,hl,+,,,
uknl03,phal arun,hl,+,,,
uknl03,pice abie,sl,+,,,
uknl03,pice abie,tl2,1,,,
uknl03,plan lanc,hl,+,,,
uknl03,poa prat,hl,+,,,
uknl03,popu trem,hl,r,,,
uknl03,popu trem,sl,r,,,
uknl03,prun padu padu,hl,+,,,
uknl03,prun padu padu,sl,+,,,
uknl03,pulm offi,hl,+,,,
uknl03,ranu lanu,hl,+,,,
uknl03,ranu repe,hl,1,,,
uknl03,rubu caes,hl,1,,,
uknl03,sali appe,sl,+,,,
uknl03,sali elea elea,tl2,1,,,
uknl03,sali purp,hl,+,,,
uknl03,sali purp,sl,1,,,
uknl03,sali purp,tl2,3,,,
uknl03,salv glut,hl,1,,,
uknl03,scro nodo,hl,r,,,
uknl03,sesl caer,hl,+,,,
uknl03,symp tube slat,hl,+,,,
uknl03,tara sect rude,hl,+,,,
uknl03,trif prat prat,hl,+,,,
uknl03,vale offi samb,hl,+,,,
uknl03,vale trip,hl,+,,,
uknl03,vero cham cham,hl,+,,,
uknl03,vero urti,hl,+,,,
uknl03,vibu lant,hl,+,,,
uknl03,vibu lant,sl,1,,,
uknl03,vibu opul,hl,r,,,
uknl03,vici crac,hl,+,,,
uknl03,vici sepi,hl,+,,,
uknl03,vinc mino,hl,+,,,
uknl04,acer pseu,sl,+,,,
uknl04,acer pseu,tl2,+,,,
uknl04,ajug rept,hl,+,,,
uknl04,alnu inca,sl,1,,,
uknl04,alnu inca,tl2,2a,,,
uknl04,anem nemo,hl,2a,,,
uknl04,asar euro euro,hl,1,,,
uknl04,berb vulg,sl,1,,,
uknl04,brac sylv,hl,r,,,
uknl04,care alba,hl,1,,,
uknl04,corn sang sang,hl,r,,,
uknl04,cory avel,sl,3,,,
uknl04,dryo fili,hl,+,,,
uknl04,epip hell slat,hl,r,,,
uknl04,euon euro,hl,+,,,
uknl04,fagu sylv,sl,1,,,
uknl04,fran alnu,sl,1,,,
uknl04,frax exce,hl,r,,,
uknl04,frax exce,sl,1,,,
uknl04,gale mont,hl,+,,,
uknl04,hede heli,hl,+,,,
uknl04,hepa nobi,hl,1,,,
uknl04,ligu vulg,sl,1,,,
uknl04,list ovat,hl,+,,,
uknl04,loni xylo,hl,+,,,
uknl04,loni xylo,sl,1,,,
uknl04,meli nuta,hl,+,,,
uknl04,merc pere,hl,+,,,
uknl04,pice abie,sl,2a,,,
uknl04,pice abie,tl2,5,,,
uknl04,prun padu padu,hl,+,,,
uknl04,prun padu padu,sl,+,,,
uknl04,pulm offi,hl,r,,,
uknl04,rubu caes,hl,+,,,
uknl04,salv glut,hl,+,,,
uknl04,ulmu glab,hl,r,,,
uknl04,ulmu glab,sl,r,,,
uknl04,vibu lant,hl,r,,,
uknl04,vibu lant,sl,+,,,
uknl04,vibu opul,hl,r,,,
uknl04,vibu opul,sl,1,,,
uknl05,acer plat,hl,r,,,
uknl05,acer plat,tl1,1,,,
uknl05,acer pseu,hl,r,,,
uknl05,acer pseu,tl1,1,,,
uknl05,acer pseu,tl2,1,,,
uknl05,acta spic,hl,r,,,
uknl05,ajug rept,hl,+,,,
uknl05,alli ursi ursi,hl,+,,,
uknl05,alnu inca,hl,r,,,
uknl05,alnu inca,sl,1,,,
uknl05,alnu inca,tl1,2b,,,
uknl05,alnu inca,tl2,1,,,
uknl05,anem nemo,hl,1,,,
uknl05,ange sylv sylv,hl,+,,,
uknl05,apos foet,hl,+,,,
uknl05,asar euro euro,hl,2a,,,
uknl05,berb vulg,hl,+,,,
uknl05,berb vulg,sl,+,,,
uknl05,brac sylv,hl,2a,,,
uknl05,card enne,hl,+,,,
uknl05,care alba,hl,2b,,,
uknl05,care sylv,hl,+,,,
uknl05,clem vita,hl,+,,,
uknl05,clem vita,sl,+,,,
uknl05,clem vita,tl2,+,,,
uknl05,corn sang sang,hl,+,,,
uknl05,corn sang sang,sl,+,,,
uknl05,cory avel,sl,3,,,
uknl05,crat mono,hl,r,,,
uknl05,crat mono,sl,r,,,
uknl05,desc cesp,hl,1,,,
uknl05,dryo fili,hl,1,,,
uknl05,equi arve,hl,+,,,
uknl05,euon euro,hl,+,,,
uknl05,euon euro,sl,+,,,
uknl05,euph dulc dulc,hl,+,,,
uknl05,fagu sylv,sl,r,,,
uknl05,frax exce,hl,+,,,
uknl05,frax exce,sl,r,,,
uknl05,frax exce,tl1,1,,,
uknl05,gale mont,hl,1,,,
uknl05,hede heli,hl,1,,,
uknl05,hepa nobi,hl,+,,,
uknl05,ligu vulg,hl,+,,,
uknl05,ligu vulg,sl,+,,,
uknl05,list ovat,hl,+,,,
uknl05,loni xylo,hl,+,,,
uknl05,loni xylo,sl,1,,,
uknl05,maia bifo,hl,+,,,
uknl05,meli nuta,hl,+,,,
uknl05,oxal acet,hl,2a,,,
uknl05,pari quad,hl,+,,,
uknl05,pice abie,sl,1,,,
uknl05,pice abie,tl1,3,,,
uknl05,pice abie,tl2,2a,,,
uknl05,poly acul,hl,r,,,
uknl05,prim elat,hl,+,,,
uknl05,pulm offi,hl,+,,,
uknl05,quer robu,hl,r,,,
uknl05,rosa arve,hl,+,,,
uknl05,rubu caes,hl,+,,,
uknl05,rubu sect rubu,hl,+,,,
uknl05,salv glut,hl,+,,,
uknl05,symp tube slat,hl,+,,,
uknl05,thal aqui,hl,r,,,
uknl05,ulmu glab,sl,+,,,
uknl05,ulmu glab,tl1,1,,,
uknl05,ulmu glab,tl2,1,,,
uknl05,vero mont,hl,r,,,
uknl05,vibu lant,hl,+,,,
uknl05,vibu opul,hl,r,,,
uknl05,viol reic,hl,+,,,
uknl06,abie alba,hl,r,,,
uknl06,acer pseu,sl,+,,,
uknl06,acer pseu,tl1,1,,,
uknl06,ajug rept,hl,+,,,
uknl06,alli ursi ursi,hl,+,,,
uknl06,alnu inca,hl,+,,,
uknl06,alnu inca,sl,r,,,
uknl06,anem nemo,hl,1,,,
uknl06,anem ranu,hl,r,,,
uknl06,asar euro euro,hl,1,,,
uknl06,brac sylv,hl,2a,,,
uknl06,care alba,hl,1,,,
uknl06,care flac,hl,1,,,
uknl06,care orni orni,hl,+,,,
uknl06,care sylv,hl,+,,,
uknl06,circ inte,hl,r,,,
uknl06,corn sang sang,hl,+,,,
uknl06,cory avel,sl,+,,,
uknl06,desc cesp,hl,1,,,
uknl06,dryo dila,hl,r,,,
uknl06,dryo fili,hl,+,,,
uknl06,equi arve,hl,+,,,
uknl06,euon euro,hl,+,,,
uknl06,euon euro,sl,+,,,
uknl06,fest giga,hl,r,,,
uknl06,frax exce,hl,+,,,
uknl06,frax exce,sl,+,,,
uknl06,gale mont,hl,1,,,
uknl06,gera robe,hl,r,,,
uknl06,hede heli,hl,+,,,
uknl06,jugl regi,hl,r,,,
uknl06,leuc vern,hl,r,,,
uknl06,list ovat,hl,+,,,
uknl06,loni xylo,hl,+,,,
uknl06,loni xylo,sl,+,,,
uknl06,lysi nemo,hl,+,,,
uknl06,merc pere,hl,+,,,
uknl06,oxal acet,hl,3,,,
uknl06,phal arun,hl,r,,,
uknl06,pice abie,sl,1,,,
uknl06,pice abie,tl1,4,,,
uknl06,pice abie,tl2,1,,,
uknl06,prim elat,hl,+,,,
uknl06,prun padu padu,hl,+,,,
uknl06,prun padu padu,sl,1,,,
uknl06,quer robu,hl,r,,,
uknl06,ranu lanu,hl,+,,,
uknl06,rubu caes,hl,+,,,
uknl06,rubu sect rubu,hl,+,,,
uknl06,sali capr,tl1,1,,,
uknl06,salv glut,hl,+,,,
uknl06,symp tube slat,hl,+,,,
uknl06,ulmu glab,hl,+,,,
uknl06,ulmu glab,tl1,2b,,,
uknl06,ulmu glab,tl2,1,,,
uknl06,vibu opul,hl,r,,,
uknl06,vibu opul,sl,r,,,
uknl06,viol reic,hl,+,,,
uknl07,abie alba,tl1,1,,,
uknl07,acer pseu,hl,r,,,
uknl07,acer pseu,sl,+,,,
uknl07,acer pseu,tl1,1,,,
uknl07,acer pseu,tl2,2b,,,
uknl07,anem nemo,hl,2a,,,
uknl07,berb vulg,hl,r,,,
uknl07,berb vulg,sl,+,,,
uknl07,brac sylv,hl,1,,,
uknl07,care alba,hl,3,,,
uknl07,care flac,hl,+,,,
uknl07,care orni orni,hl,r,,,
uknl07,clem vita,hl,+,,,
uknl07,clem vita,sl,1,,,
uknl07,conv maja maja,hl,r,,,
uknl07,corn sang sang,hl,+,,,
uknl07,corn sang sang,sl,+,,,
uknl07,cory avel,hl,+,,,
uknl07,cory avel,sl,2a,,,
uknl07,cycl purp,hl,+,,,
uknl07,daph meze,hl,r,,,
uknl07,desc cesp,hl,+,,,
uknl07,euon euro,hl,+,,,
uknl07,euon euro,sl,+,,,
uknl07,euph amyg amyg,hl,r,,,
uknl07,euph dulc dulc,hl,+,,,
uknl07,fagu sylv,tl1,3,,,
uknl07,fagu sylv,tl2,3,,,
uknl07,frag vesc,hl,+,,,
uknl07,frax exce,hl,+,,,
uknl07,frax exce,sl,+,,,
uknl07,frax exce,tl2,+,,,
uknl07,gale mont,hl,+,,,
uknl07,hede heli,hl,+,,,
uknl07,hede heli,sl,+,,,
uknl07,hede heli,tl1,+,,,
uknl07,hede heli,tl2,1,,,
uknl07,hepa nobi,hl,1,,,
uknl07,hype mont,hl,r,,,
uknl07,jugl regi,hl,r,,,
uknl07,ligu vulg,hl,2a,,,
uknl07,ligu vulg,sl,2a,,,
uknl07,list ovat,hl,+,,,
uknl07,loni xylo,sl,r,,,
uknl07,meli nuta,hl,+,,,
uknl07,pari quad,hl,r,,,
uknl07,pice abie,sl,2a,,,
uknl07,pice abie,tl1,1,,,
uknl07,pice abie,tl2,+,,,
uknl07,poly mult,hl,+,,,
uknl07,prim elat,hl,+,,,
uknl07,prun aviu slat,tl2,+,,,
uknl07,prun padu padu,hl,r,,,
uknl07,prun padu padu,sl,+,,,
uknl07,quer robu,hl,r,,,
uknl07,rosa arve,hl,+,,,
uknl07,rubu caes,hl,1,,,
uknl07,salv glut,hl,+,,,
uknl07,sorb aucu aucu,sl,r,,,
uknl07,sorb aucu aucu,tl2,r,,,
uknl07,tili plat,hl,+,,,
uknl07,ulmu glab,hl,r,,,
uknl07,ulmu glab,sl,1,,,
uknl07,ulmu glab,tl2,+,,,
uknl07,vibu lant,hl,+,,,
uknl07,vibu lant,sl,+,,,
uknl08,acer pseu,hl,+,,,
uknl08,acer pseu,sl,1,,,
uknl08,acer pseu,tl2,1,,,
uknl08,aego poda,hl,1,,,
uknl08,alli ursi ursi,hl,+,,,
uknl08,alnu inca,sl,1,,,
uknl08,alnu inca,tl2,2b,,,
uknl08,anem nemo,hl,2a,,,
uknl08,anem ranu,hl,r,,,
uknl08,arrh elat,hl,+,,,
uknl08,asar euro euro,hl,1,,,
uknl08,brac sylv,hl,1,,,
uknl08,care alba,hl,1,,,
uknl08,care flac,hl,+,,,
uknl08,care orni orni,hl,r,,,
uknl08,care pend,hl,r,,,
uknl08,care sylv,hl,+,,,
uknl08,clem vita,hl,+,,,
uknl08,clem vita,sl,+,,,
uknl08,corn sang sang,sl,3,,,
uknl08,cory avel,sl,2a,,,
uknl08,cyan mont,hl,r,,,
uknl08,daph meze,hl,r,,,
uknl08,desc cesp,hl,1,,,
uknl08,dryo fili,hl,r,,,
uknl08,equi arve,hl,+,,,
uknl08,euph dulc dulc,hl,+,,,
uknl08,fagu sylv,sl,1,,,
uknl08,fagu sylv,tl2,+,,,
uknl08,fest giga,hl,+,,,
uknl08,fili ulma,hl,r,,,
uknl08,frax exce,hl,+,,,
uknl08,frax exce,sl,1,,,
uknl08,frax exce,tl2,+,,,
uknl08,gale mont,hl,+,,,
uknl08,hede heli,hl,+,,,
uknl08,ligu vulg,hl,1,,,
uknl08,ligu vulg,sl,2a,,,
uknl08,list ovat,hl,+,,,
uknl08,loni xylo,sl,1,,,
uknl08,meli nuta,hl,+,,,
uknl08,phal arun,hl,+,,,
uknl08,pice abie,sl,+,,,
uknl08,poa nemo,hl,r,,,
uknl08,poa prat,hl,+,,,
uknl08,prun padu padu,sl,1,,,
uknl08,pulm offi,hl,+,,,
uknl08,ranu lanu,hl,+,,,
uknl08,rosa cani,sl,r,,,
uknl08,rubu caes,hl,3,,,
uknl08,rubu sect rubu,hl,+,,,
uknl08,sali alba,sl,+,,,
uknl08,sali alba,tl2,1,,,
uknl08,sali capr,sl,1,,,
uknl08,sali purp,sl,+,,,
uknl08,salv glut,hl,+,,,
uknl08,samb nigr,sl,+,,,
uknl08,soli giga,hl,r,,,
uknl08,sorb aria,hl,r,,,
uknl08,sorb aria,sl,r,,,
uknl08,symp tube slat,hl,+,,,
uknl08,tara sect rude,hl,r,,,
uknl08,tili plat,sl,+,,,
uknl08,ulmu glab,hl,r,,,
uknl08,ulmu glab,sl,1,,,
uknl08,vibu lant,sl,1,,,
uknl08,vibu opul,sl,+,,,
uknl08,vinc mino,hl,+,,,
uknl08,viol reic,hl,+,,,
uknl09,acer plat,tl1,1,,,
uknl09,acer plat,tl2,+,,,
uknl09,acer pseu,sl,2a,,,
uknl09,alli ursi ursi,hl,+,,,
uknl09,alnu inca,tl1,1,,,
uknl09,alnu inca,tl2,+,,,
uknl09,brac sylv,hl,+,,,
uknl09,caly sepi,hl,+,,,
uknl09,card hirs,hl,r,,,
uknl09,circ inte,hl,r,,,
uknl09,circ lute lute,hl,+,,,
uknl09,clem vita,hl,+,,,
uknl09,clem vita,sl,+,,,
uknl09,clem vita,tl2,1,,,
uknl09,cory avel,sl,2a,,,
uknl09,crat mono,hl,+,,,
uknl09,crat mono,sl,+,,,
uknl09,euon euro,sl,2a,,,
uknl09,fili ulma,hl,+,,,
uknl09,frax exce,hl,r,,,
uknl09,frax exce,sl,1,,,
uknl09,frax exce,tl2,2b,,,
uknl09,gale mont,hl,+,,,
uknl09,gale psis spec ies,hl,r,,,
uknl09,impa glan,hl,r,,,
uknl09,ligu vulg,hl,+,,,
uknl09,ligu vulg,sl,1,,,
uknl09,loni xylo,hl,r,,,
uknl09,loni xylo,sl,1,,,
uknl09,malu dome,sl,1,,,
uknl09,ment long,hl,+,,,
uknl09,peta hybr,hl,r,,,
uknl09,phal arun,hl,+,,,
uknl09,rubu caes,hl,5,,,
uknl09,rubu idae,hl,+,,,
uknl09,sali alba,tl1,1,,,
uknl09,sali alba,tl2,+,,,
uknl09,sali purp,sl,1,,,
uknl09,samb nigr,sl,2b,,,
uknl09,ulmu glab,hl,r,,,
uknl09,ulmu glab,sl,2b,,,
uknl09,ulmu glab,tl2,2b,,,
uknl09,urti dioi dioi,hl,+,,,
uknl09,vale offi samb,hl,+,,,
uknl09,vibu lant,sl,+,,,
uknl09,vibu opul,sl,+,,,
uknl10,abie alba,hl,r,,,
uknl10,abie alba,sl,+,,,
uknl10,acer plat,hl,+,,,
uknl10,acer plat,sl,r,,,
uknl10,acer pseu,sl,+,,,
uknl10,acer pseu,tl1,3,,,
uknl10,acer pseu,tl2,2b,,,
uknl10,acon lyco vulp,hl,r,,,
uknl10,aego poda,hl,+,,,
uknl10,alli ursi ursi,hl,+,,,
uknl10,anem nemo,hl,2a,,,
uknl10,arun dioi,hl,r,,,
uknl10,asar euro euro,hl,+,,,
uknl10,brac sylv,hl,+,,,
uknl10,care alba,hl,1,,,
uknl10,care digi,hl,r,,,
uknl10,care flac,hl,+,,,
uknl10,care sylv,hl,+,,,
uknl10,carp betu,tl1,2a,,,
uknl10,carp betu,tl2,1,,,
uknl10,corn sang sang,sl,+,,,
uknl10,cory avel,sl,2b,,,
uknl10,daph meze,hl,+,,,
uknl10,desc cesp,hl,+,,,
uknl10,dryo fili,hl,+,,,
uknl10,euon euro,hl,r,,,
uknl10,euon euro,sl,+,,,
uknl10,euon lati,hl,r,,,
uknl10,fagu sylv,sl,+,,,
uknl10,fagu sylv,tl1,1,,,
uknl10,fagu sylv,tl2,2a,,,
uknl10,frax exce,tl1,1,,,
uknl10,frax exce,tl2,1,,,
uknl10,gale mont,hl,+,,,
uknl10,hede heli,hl,+,,,
uknl10,hede heli,sl,r,,,
uknl10,ligu vulg,hl,+,,,
uknl10,ligu vulg,sl,r,,,
uknl10,list ovat,hl,+,,,
uknl10,loni xylo,hl,+,,,
uknl10,loni xylo,sl,1,,,
uknl10,merc pere,hl,+,,,
uknl10,pari quad,hl,+,,,
uknl10,pice abie,hl,1,,,
uknl10,pice abie,sl,1,,,
uknl10,poly acul,hl,+,,,
uknl10,poly mult,hl,r,,,
uknl10,prim elat,hl,+,,,
uknl10,prun aviu slat,tl1,1,,,
uknl10,prun padu padu,sl,1,,,
uknl10,pulm offi,hl,1,,,
uknl10,rosa arve,hl,r,,,
uknl10,rubu caes,hl,+,,,
uknl10,rubu sect rubu,hl,+,,,
uknl10,samb nigr,hl,r,,,
uknl10,samb nigr,sl,r,,,
uknl10,stac sylv,hl,r,,,
uknl10,symp tube slat,hl,+,,,
uknl10,tili cord,tl2,+,,,
uknl10,tili plat,sl,+,,,
uknl10,ulmu glab,sl,1,,,
uknl10,ulmu glab,tl1,2b,,,
uknl10,ulmu glab,tl2,2a,,,
uknl10,vibu lant,hl,r,,,
uknl10,vibu lant,sl,r,,,
uknl10,vibu opul,hl,+,,,
uknl10,vibu opul,sl,+,,,
uknl10,vinc mino,hl,+,,,
uknl10,viol reic,hl,+,,,
uknl11,abie alba,hl,+,,,
uknl11,abie alba,sl,1,,,
uknl11,acer pseu,tl2,2a,,,
uknl11,agro capi,hl,r,,,
uknl11,ajug rept,hl,r,,,
uknl11,alnu inca,tl1,2a,,,
uknl11,alnu inca,tl2,1,,,
uknl11,arrh elat,hl,r,,,
uknl11,arun dioi,hl,r,,,
uknl11,brac sylv,hl,2a,,,
uknl11,brom bene,hl,r,,,
uknl11,cala vari,hl,+,,,
uknl11,care alba,hl,+,,,
uknl11,care flac,hl,+,,,
uknl11,care orni orni,hl,1,,,
uknl11,carp betu,hl,r,,,
uknl11,clin vulg vulg,hl,r,,,
uknl11,corn sang sang,hl,+,,,
uknl11,corn sang sang,sl,1,,,
uknl11,crat mono,sl,r,,,
uknl11,dact glom glom,hl,+,,,
uknl11,desc cesp,hl,2b,,,
uknl11,eric carn,hl,r,,,
uknl11,euon euro,hl,+,,,
uknl11,euon euro,sl,+,,,
uknl11,fest arun arun,hl,2a,,,
uknl11,fest rubr rubr,hl,+,,,
uknl11,fili ulma,hl,r,,,
uknl11,frax exce,tl1,+,,,
uknl11,frax exce,tl2,+,,,
uknl11,gale mont,hl,+,,,
uknl11,gali albu,hl,+,,,
uknl11,gera robe,hl,+,,,
uknl11,geum riva,hl,r,,,
uknl11,knau maxi,hl,1,,,
uknl11,ligu vulg,hl,1,,,
uknl11,ligu vulg,sl,1,,,
uknl11,list ovat,hl,r,,,
uknl11,lysi nemo,hl,+,,,
uknl11,meli nuta,hl,1,,,
uknl11,ment long,hl,+,,,
uknl11,mili effu effu,hl,+,,,
uknl11,orig vulg,hl,+,,,
uknl11,phal arun,hl,+,,,
uknl11,pinu sylv,tl1,r,,,
uknl11,plan lanc,hl,+,,,
uknl11,poa nemo,hl,+,,,
uknl11,poa triv,hl,+,,,
uknl11,poly acul,hl,r,,,
uknl11,rosa cani,hl,r,,,
uknl11,rubu caes,hl,2a,,,
uknl11,sali alba,tl1,+,,,
uknl11,sali appe,sl,r,,,
uknl11,sali elea elea,sl,+,,,
uknl11,sali elea elea,tl1,3,,,
uknl11,sali elea elea,tl2,1,,,
uknl11,sali myrs,sl,r,,,
uknl11,sali tria amyg,sl,r,,,
uknl11,salv glut,hl,+,,,
uknl11,sene ovat ovat,hl,r,,,
uknl11,sesl caer,hl,r,,,
uknl11,tara sect rude,hl,+,,,
uknl11,thal aqui,hl,r,,,
uknl11,tili plat,sl,+,,,
uknl11,trif medi medi,hl,+,,,
uknl11,ulmu glab,sl,+,,,
uknl11,ulmu glab,tl1,1,,,
uknl11,ulmu glab,tl2,+,,,
uknl11,vale offi samb,hl,+,,cf.,
uknl11,vero urti,hl,+,,,
uknl11,vibu lant,hl,+,,,
uknl11,vibu lant,sl,+,,,
uknl11,vibu opul,hl,+,,,
uknl11,vibu opul,sl,+,,,
uknl11,vici sepi,hl,r,,,
uknl11,viol reic,hl,+,,,
uknl12,abie alba,hl,+,,,
uknl12,abie alba,tl1,2b,,,
uknl12,abie alba,tl2,1,,,
uknl12,acer plat,hl,r,,,
uknl12,acer pseu,hl,+,,,
uknl12,acer pseu,sl,r,,,
uknl12,acer pseu,tl1,1,,,
uknl12,acer pseu,tl2,2b,,,
uknl12,anem nemo,hl,+,,,
uknl12,asar euro euro,hl,1,,,
uknl12,athy fili,hl,r,,,
uknl12,brac sylv,hl,+,,,
uknl12,card enne,hl,+,,,
uknl12,care alba,hl,3,,,
uknl12,care digi,hl,1,,,
uknl12,care flac,hl,r,,,
uknl12,care pall,hl,r,,,
uknl12,cirs oler,hl,+,,,
uknl12,cory avel,hl,+,,,
uknl12,cycl purp,hl,+,,,
uknl12,dryo cart,hl,r,,,
uknl12,dryo fili,hl,+,,,
uknl12,epip hell slat,hl,r,,cf.,
uknl12,eupa cann,hl,r,,,
uknl12,euph dulc dulc,hl,+,,,
uknl12,fagu sylv,hl,r,,,
uknl12,fagu sylv,sl,2a,,,
uknl12,fagu sylv,tl1,2a,,,
uknl12,fagu sylv,tl2,2a,,,
uknl12,frax exce,hl,+,,,
uknl12,frax exce,sl,r,,,
uknl12,gale flav,hl,1,,,
uknl12,hepa nobi,hl,1,,,
uknl12,hype hirs,hl,r,,,
uknl12,impa glan,hl,r,,,
uknl12,lact mura,hl,r,,,
uknl12,loni alpi,hl,+,,,
uknl12,loni nigr,hl,+,,,
uknl12,loni xylo,hl,r,,,
uknl12,meli nuta,hl,1,,,
uknl12,merc pere,hl,1,,,
uknl12,moeh musc,hl,+,,,
uknl12,oxal acet,hl,1,,,
uknl12,pheg conn,hl,+,,,
uknl12,pice abie,hl,r,,,
uknl12,pice abie,tl2,1,,,
uknl12,poly acul,hl,+,,,
uknl12,quer robu,hl,r,,,
uknl12,rubu idae,hl,+,,,
uknl12,rubu sect rubu,hl,+,,,
uknl12,samb nigr,hl,r,,,
uknl12,sesl caer,hl,r,,,
uknl12,ulmu glab,hl,+,,,
uknl12,vero urti,hl,r,,,
uknl12,vinc mino,hl,3,,,
uknl12,viol reic,hl,+,,,
uknl13,abie alba,hl,r,,,
uknl13,abie alba,tl1,1,,,
uknl13,abie alba,tl2,1,,,
uknl13,acer pseu,hl,+,,,
uknl13,acer pseu,sl,+,,,
uknl13,acer pseu,tl1,2b,,,
uknl13,acer pseu,tl2,2b,,,
uknl13,ajug rept,hl,r,,,
uknl13,anem nemo,hl,+,,,
uknl13,asar euro euro,hl,+,,,
uknl13,aspl tric quad,hl,r,,,
uknl13,athy fili,hl,+,,,
uknl13,card enne,hl,r,,,
uknl13,care alba,hl,4,,,
uknl13,care digi,hl,1,,,
uknl13,cory avel,hl,+,,,
uknl13,cory avel,sl,+,,,
uknl13,cycl purp,hl,+,,,
uknl13,dryo cart,hl,+,,,
uknl13,dryo fili,hl,r,,,
uknl13,euph dulc dulc,hl,+,,,
uknl13,fagu sylv,sl,1,,,
uknl13,fagu sylv,tl1,3,,,
uknl13,fagu sylv,tl2,2a,,,
uknl13,frax exce,hl,+,,,
uknl13,gale flav,hl,1,,,
uknl13,gali sylv,hl,+,,,
uknl13,hede heli,hl,1,,,
uknl13,hepa nobi,hl,1,,,
uknl13,hype hirs,hl,r,,,
uknl13,hype mont,hl,r,,,
uknl13,list ovat,hl,+,,,
uknl13,loni xylo,hl,r,,,
uknl13,merc pere,hl,1,,,
uknl13,moeh musc,hl,+,,,
uknl13,oxal acet,hl,1,,,
uknl13,pice abie,tl1,1,,,
uknl13,pice abie,tl2,2a,,,
uknl13,prim elat,hl,r,,,
uknl13,prun aviu slat,hl,r,,,
uknl13,quer robu,hl,r,,,
uknl13,rubu sect rubu,hl,+,,,
uknl13,samb nigr,hl,r,,,
uknl13,ulmu glab,hl,+,,,
uknl13,vinc mino,hl,2b,,,
uknl14,abie alba,hl,+,,,
uknl14,abie alba,sl,r,,,
uknl14,abie alba,tl1,2b,,,
uknl14,acer plat,sl,r,,,
uknl14,acer pseu,hl,+,,,
uknl14,acer pseu,sl,+,,,
uknl14,acer pseu,tl2,2b,,,
uknl14,asar euro euro,hl,+,,,
uknl14,aspl tric quad,hl,+,,,
uknl14,athy fili,hl,+,,,
uknl14,card enne,hl,+,,,
uknl14,care alba,hl,2b,,,
uknl14,care digi,hl,1,,,
uknl14,cory avel,hl,r,,,
uknl14,cory avel,sl,1,,,
uknl14,dryo cart,hl,1,,,
uknl14,dryo fili,hl,1,,,
uknl14,epip hell slat,hl,r,,cf.,
uknl14,fagu sylv,hl,+,,,
uknl14,fagu sylv,sl,3,,,
uknl14,fagu sylv,tl1,2a,,,
uknl14,fagu sylv,tl2,1,,,
uknl14,frax exce,hl,r,,,
uknl14,gale flav,hl,+,,,
uknl14,gali sylv,hl,r,,,
uknl14,gymn robe,hl,r,,,
uknl14,hepa nobi,hl,+,,,
uknl14,loni alpi,hl,r,,,
uknl14,loni nigr,hl,r,,,
uknl14,loni nigr,sl,r,,,
uknl14,loni xylo,hl,r,,,
uknl14,loni xylo,sl,r,,,
uknl14,meli nuta,hl,+,,,
uknl14,merc pere,hl,+,,,
uknl14,moeh musc,hl,+,,,
uknl14,pari quad,hl,r,,,
uknl14,pheg conn,hl,r,,,
uknl14,pice abie,hl,+,,,
uknl14,pice abie,sl,2a,,,
uknl14,pice abie,tl1,2b,,,
uknl14,pice abie,tl2,1,,,
uknl14,poly acul,hl,r,,,
uknl14,poly vulg,hl,r,,,
uknl14,vacc myrt,hl,+,,,
uknl14,vero urti,hl,+,,,
uknl14,vinc mino,hl,2a,,,
uknl15,acer pseu,hl,+,,,
uknl15,acer pseu,tl1,+,,,
uknl15,acer pseu,tl2,1,,,
uknl15,anem nemo,hl,+,,,
uknl15,asar euro euro,hl,1,,,
uknl15,athy fili,hl,+,,,
uknl15,card enne,hl,2a,,,
uknl15,care alba,hl,2a,,,
uknl15,care digi,hl,+,,,
uknl15,cory avel,sl,r,,,
uknl15,cycl purp,hl,r,,,
uknl15,daph meze,hl,r,,,
uknl15,dryo cart,hl,+,,,
uknl15,dryo fili,hl,+,,,
uknl15,epip hell slat,hl,r,,cf.,
uknl15,fagu sylv,hl,r,,,
uknl15,fagu sylv,sl,+,,,
uknl15,fagu sylv,tl1,4,,,
uknl15,fagu sylv,tl2,2a,,,
uknl15,frax exce,hl,1,,,
uknl15,gale flav,hl,+,,,
uknl15,gali sylv,hl,r,,,
uknl15,hede heli,hl,+,,,
uknl15,hepa nobi,hl,+,,,
uknl15,jugl regi,hl,r,,,
uknl15,lari deci deci,tl1,1,,,
uknl15,merc pere,hl,2a,,,
uknl15,oxal acet,hl,1,,,
uknl15,pari quad,hl,r,,,
uknl15,pice abie,hl,+,,,
uknl15,pice abie,tl1,2a,,,
uknl15,pice abie,tl2,1,,,
uknl15,poly acul,hl,1,,,
uknl15,poly mult,hl,r,,,
uknl15,vinc mino,hl,1,,,
uknl15,viol reic,hl,+,,,
uknl16,abie alba,hl,+,,,
uknl16,abie alba,sl,r,,,
uknl16,abie alba,tl1,2a,,,
uknl16,abie alba,tl2,1,,,
uknl16,acer pseu,hl,r,,,
uknl16,acer pseu,tl2,1,,,
uknl16,asar euro euro,hl,+,,,
uknl16,aspl scol scol,hl,1,,,
uknl16,aspl tric quad,hl,+,,,
uknl16,aspl viri,hl,+,,,
uknl16,athy fili,hl,+,,,
uknl16,care alba,hl,+,,,
uknl16,care digi,hl,1,,,
uknl16,care orni orni,hl,+,,,
uknl16,care sylv,hl,r,,,
uknl16,cory avel,hl,+,,,
uknl16,cory avel,sl,2b,,,
uknl16,dryo cart,hl,+,,,
uknl16,dryo dila,hl,2b,,,
uknl16,epil mont,hl,r,,,
uknl16,fagu sylv,sl,1,,,
uknl16,fagu sylv,tl2,2a,,,
uknl16,frax exce,hl,r,,,
uknl16,frax exce,sl,r,,,
uknl16,gali sylv,hl,+,,,
uknl16,gera robe,hl,+,,,
uknl16,gymn dryo,hl,1,,,
uknl16,loni nigr,hl,+,,,
uknl16,loni nigr,sl,r,,,
uknl16,luzu pilo,hl,+,,,
uknl16,lyco anno,hl,2a,,,
uknl16,maia bifo,hl,+,,,
uknl16,meli nuta,hl,r,,,
uknl16,merc pere,hl,+,,,
uknl16,moeh musc,hl,1,,,
uknl16,oxal acet,hl,2a,,,
uknl16,pheg conn,hl,+,,,
uknl16,pice abie,sl,1,,,
uknl16,pice abie,tl1,3,,,
uknl16,pice abie,tl2,2a,,,
uknl16,poly acul,hl,+,,,
uknl16,poly vulg,hl,+,,,
uknl16,ribe alpi,hl,r,,,
uknl16,ribe alpi,sl,r,,,
uknl16,rubu idae,hl,+,,,
uknl16,sali appe,sl,r,,,
uknl16,samb race,sl,r,,,
uknl16,sesl caer,hl,r,,,
uknl16,vacc myrt,hl,1,,,
uknl16,vero urti,hl,r,,,
uknl16,vinc mino,hl,+,,,
uknl17,abie alba,hl,+,,,
uknl17,abie alba,sl,r,,,
uknl17,abie alba,tl1,+,,,
uknl17,acer plat,sl,r,,,
uknl17,acer plat,tl2,1,,,
uknl17,acer pseu,hl,+,,,
uknl17,acer pseu,sl,1,,,
uknl17,acer pseu,tl1,1,,,
uknl17,acta spic,hl,r,,,
uknl17,asar euro euro,hl,+,,,
uknl17,aspl scol scol,hl,r,,,
uknl17,aspl tric quad,hl,r,,,
uknl17,aspl viri,hl,+,,,
uknl17,athy fili,hl,+,,,
uknl17,cala vari,hl,r,,,
uknl17,care alba,hl,1,,,
uknl17,care digi,hl,+,,,
uknl17,cory avel,sl,+,,,
uknl17,daph meze,hl,r,,,
uknl17,dryo cart,hl,+,,,
uknl17,dryo dila,hl,2a,,,
uknl17,dryo fili,hl,r,,,
uknl17,fagu sylv,sl,+,,,
uknl17,fagu sylv,tl2,2a,,,
uknl17,frax exce,hl,+,,,
uknl17,gale flav,hl,+,,,
uknl17,gale psis spec ies,hl,r,,,
uknl17,gali sylv,hl,r,,,
uknl17,gera robe,hl,+,,,
uknl17,hepa nobi,hl,+,,,
uknl17,lact mura,hl,+,,,
uknl17,loni alpi,hl,r,,,
uknl17,loni nigr,hl,1,,,
uknl17,loni nigr,sl,1,,,
uknl17,loni xylo,hl,+,,,
uknl17,luzu pilo,hl,+,,,
uknl17,lyco anno,hl,1,,,
uknl17,maia bifo,hl,+,,,
uknl17,merc pere,hl,+,,,
uknl17,moeh musc,hl,+,,,
uknl17,oxal acet,hl,1,,,
uknl17,pari quad,hl,r,,,
uknl17,pice abie,hl,+,,,
uknl17,pice abie,sl,+,,,
uknl17,pice abie,tl1,3,,,
uknl17,pice abie,tl2,1,,,
uknl17,poly acul,hl,+,,,
uknl17,rubu saxa,hl,+,,,
uknl17,samb race,hl,+,,,
uknl17,sesl caer,hl,+,,,
uknl17,soli virg virg,hl,+,,,
uknl17,vacc myrt,hl,+,,,
uknl17,vacc viti,hl,r,,,
uknl17,vale trip,hl,r,,,
uknl17,vero urti,hl,r,,,
uknl17,vinc mino,hl,3,,,
uknl18,acer pseu,hl,+,,,
uknl18,acer pseu,sl,+,,,
uknl18,acer pseu,tl1,1,,,
uknl18,acon lyco vulp,hl,r,,,
uknl18,aego poda,hl,2b,,,
uknl18,alli ursi ursi,hl,+,,,
uknl18,alnu inca,hl,+,,,
uknl18,alnu inca,sl,1,,,
uknl18,alnu inca,tl1,2a,,,
uknl18,alnu inca,tl2,2b,,,
uknl18,ange sylv sylv,hl,+,,,
uknl18,arrh elat,hl,r,,,
uknl18,asar euro euro,hl,1,,,
uknl18,athy fili,hl,+,,,
uknl18,brac sylv,hl,2a,,,
uknl18,care alba,hl,r,,,
uknl18,care flac,hl,r,,,
uknl18,care orni orni,hl,r,,,
uknl18,circ lute lute,hl,+,,,
uknl18,cirs oler,hl,1,,,
uknl18,cory avel,hl,+,,,
uknl18,cory avel,tl2,2a,,,
uknl18,dact glom glom,hl,r,,,
uknl18,desc cesp,hl,1,,,
uknl18,elym cani,hl,1,,,
uknl18,equi arve,hl,r,,,
uknl18,euon euro,hl,+,,,
uknl18,fagu sylv,tl1,1,,,
uknl18,fall japo,sl,r,,,
uknl18,fest giga,hl,+,,,
uknl18,fili ulma,hl,+,,,
uknl18,frax exce,hl,+,,,
uknl18,frax exce,tl1,1,,,
uknl18,gale mont,hl,2a,,,
uknl18,gali albu,hl,+,,,
uknl18,gera robe,hl,+,,,
uknl18,geum riva,hl,+,,,
uknl18,geum urba,hl,+,,,
uknl18,glec hede,hl,+,,,
uknl18,hede heli,hl,+,,,
uknl18,hede heli,sl,+,,,
uknl18,hede heli,tl2,1,,,
uknl18,impa glan,hl,r,,,
uknl18,impa parv,hl,+,,,
uknl18,lami macu,hl,+,,,
uknl18,leuc vern,hl,r,,,
uknl18,lysi nemo,hl,1,,,
uknl18,matt stru,hl,1,,,
uknl18,meli nuta,hl,+,,,
uknl18,merc pere,hl,+,,,
uknl18,moli arun,hl,r,,,
uknl18,oxal acet,hl,1,,,
uknl18,phal arun,hl,+,,,
uknl18,pice abie,hl,+,,,
uknl18,pice abie,sl,r,,,
uknl18,pice abie,tl1,2b,,,
uknl18,pice abie,tl2,1,,,
uknl18,poa nemo,hl,r,,,
uknl18,poa triv,hl,1,,,
uknl18,prun padu padu,hl,+,,,
uknl18,prun padu padu,sl,+,,,
uknl18,ranu lanu,hl,+,,,
uknl18,ranu repe,hl,+,,,
uknl18,rubu caes,hl,2a,,,
uknl18,salv glut,hl,r,,,
uknl18,samb nigr,sl,r,,,
uknl18,scro nodo,hl,r,,,
uknl18,soli cana,hl,+,,,
uknl18,stac sylv,hl,1,,,
uknl18,stel nemo,hl,+,,,
uknl18,ulmu glab,hl,+,,,
uknl18,ulmu glab,sl,+,,,
uknl18,ulmu glab,tl2,3,,,
uknl18,vibu opul,hl,+,,,
uknl18,viol reic,hl,+,,,
uknl18,viol rivi,hl,+,,,
uknl19,abie alba,hl,r,,,
uknl19,abie alba,tl2,1,,,
uknl19,acer pseu,hl,+,,,
uknl19,acer pseu,sl,2a,,,
uknl19,acer pseu,tl1,2a,,,
uknl19,acer pseu,tl2,1,,,
uknl19,acta spic,hl,r,,,
uknl19,anem nemo,hl,+,,,
uknl19,asar euro euro,hl,1,,,
uknl19,aspl viri,hl,r,,,
uknl19,brac sylv,hl,2a,,,
uknl19,care alba,hl,1,,,
uknl19,care digi,hl,+,,,
uknl19,cirs oler,hl,+,,,
uknl19,clem vita,hl,+,,,
uknl19,clem vita,sl,+,,,
uknl19,clem vita,tl2,1,,,
uknl19,cory avel,hl,r,,,
uknl19,cory avel,sl,2a,,,
uknl19,daph meze,hl,r,,,
uknl19,desc cesp,hl,+,,,
uknl19,dryo fili,hl,1,,,
uknl19,euon euro,hl,r,,,
uknl19,fagu sylv,sl,r,,,
uknl19,fagu sylv,tl2,1,,,
uknl19,frax exce,hl,+,,,
uknl19,frax exce,sl,r,,,
uknl19,frax exce,tl2,1,,,
uknl19,gale mont,hl,2a,,,
uknl19,loni xylo,hl,+,,,
uknl19,loni xylo,sl,1,,,
uknl19,lysi nemo,hl,r,,,
uknl19,merc pere,hl,1,,,
uknl19,oxal acet,hl,1,,,
uknl19,pice abie,tl1,3,,,
uknl19,pice abie,tl2,2b,,,
uknl19,poly acul,hl,+,,,
uknl19,prun padu padu,hl,+,,,
uknl19,prun padu padu,sl,r,,,
uknl19,pulm offi,hl,+,,,
uknl19,ribe alpi,hl,r,,,
uknl19,rubu caes,hl,+,,,
uknl19,samb nigr,hl,+,,,
uknl19,thal aqui,hl,r,,,
uknl19,tili cord,hl,r,,,
uknl19,tili cord,sl,r,,,
uknl19,tili cord,tl1,2a,,,
uknl19,ulmu glab,hl,+,,,
uknl19,ulmu glab,sl,2b,,,
uknl19,ulmu glab,tl2,2a,,,
uknl19,vero urti,hl,+,,,
uknl19,vibu opul,hl,r,,,
uknl19,vinc mino,hl,4,,,
uknl19,viol reic,hl,+,,,
uknl20,acer pseu,hl,+,,,
uknl20,acer pseu,sl,2a,,,
uknl20,acer pseu,tl2,2a,,,
uknl20,aego poda,hl,2a,,,
uknl20,ajug rept,hl,+,,,
uknl20,alli ursi ursi,hl,r,,,
uknl20,alnu inca,hl,+,,,
uknl20,alnu inca,tl1,2b,,,
uknl20,alnu inca,tl2,2a,,,
uknl20,anem nemo,hl,+,,,
uknl20,anem ranu,hl,r,,,
uknl20,asar euro euro,hl,+,,,
uknl20,brac sylv,hl,1,,,
uknl20,care digi,hl,+,,,
uknl20,care flac,hl,+,,,
uknl20,circ lute lute,hl,+,,,
uknl20,cirs oler,hl,+,,,
uknl20,clem vita,hl,1,,,
uknl20,corn sang sang,hl,+,,,
uknl20,cory avel,hl,+,,,
uknl20,cory avel,sl,1,,,
uknl20,daph meze,hl,r,,,
uknl20,desc cesp,hl,1,,,
uknl20,dryo borr,hl,r,,,
uknl20,dryo fili,hl,r,,,
uknl20,equi arve,hl,r,,,
uknl20,euon euro,hl,r,,,
uknl20,fagu sylv,hl,r,,,
uknl20,fest giga,hl,r,,,
uknl20,frax exce,hl,+,,,
uknl20,frax exce,tl2,+,,,
uknl20,gale mont,hl,1,,,
uknl20,gera robe,hl,+,,,
uknl20,glec hede,hl,+,,,
uknl20,hede heli,hl,+,,,
uknl20,hede heli,sl,+,,,
uknl20,loni xylo,hl,+,,,
uknl20,loni xylo,sl,2a,,,
uknl20,luna redi,hl,r,,,
uknl20,lysi nemo,hl,r,,,
uknl20,matt stru,hl,r,,,
uknl20,merc pere,hl,2b,,,
uknl20,oxal acet,hl,2a,,,
uknl20,peta albu,hl,r,,,
uknl20,phal arun,hl,+,,,
uknl20,pice abie,hl,+,,,
uknl20,pice abie,sl,2a,,,
uknl20,pice abie,tl1,3,,,
uknl20,pice abie,tl2,2a,,,
uknl20,poly acul,hl,r,,,
uknl20,prim elat,hl,+,,,
uknl20,prun padu padu,hl,+,,,
uknl20,prun padu padu,sl,1,,,
uknl20,rubu caes,hl,+,,,
uknl20,sali elea elea,tl1,1,,,
uknl20,sali elea elea,tl2,+,,,
uknl20,salv glut,hl,r,,,
uknl20,stac sylv,hl,+,,,
uknl20,stel nemo,hl,+,,,
uknl20,symp tube slat,hl,r,,,
uknl20,ulmu glab,hl,+,,,
uknl20,vale offi samb,hl,r,,,
uknl21,aego poda,hl,+,,,
uknl21,ajug rept,hl,+,,,
uknl21,alch spec ies,hl,r,,,
uknl21,alnu inca,hl,+,,,
uknl21,alnu inca,sl,1,,,
uknl21,anth odor,hl,+,,,
uknl21,arrh elat,hl,+,,,
uknl21,bell pere,hl,r,,,
uknl21,berb vulg,hl,r,,,
uknl21,brac sylv,hl,+,,,
uknl21,cala vari,hl,+,,,
uknl21,care orni orni,hl,r,,,
uknl21,cera holo,hl,+,,,
uknl21,chae hirs,hl,r,,,
uknl21,cirs oler,hl,+,,,
uknl21,cirs palu,hl,r,,,
uknl21,clem vita,hl,+,,,
uknl21,dact glom glom,hl,r,,,
uknl21,desc cesp,hl,+,,,
uknl21,elym cani,hl,+,,,
uknl21,fest arun arun,hl,2a,,,
uknl21,fest rubr rubr,hl,1,,,
uknl21,frag vesc,hl,r,,,
uknl21,gali albu,hl,+,,,
uknl21,leon hisp hisp,hl,+,,,
uknl21,leuc ircu,hl,r,,,
uknl21,linu cath,hl,r,,,
uknl21,lotu corn,hl,+,,,
uknl21,medi lupu,hl,+,,,
uknl21,peta hybr,hl,r,,,
uknl21,phal arun,hl,+,,,
uknl21,phys opul,hl,r,,,
uknl21,plan lanc,hl,r,,,
uknl21,plan majo slat,hl,r,,,
uknl21,poa prat,hl,1,,,
uknl21,poa triv,hl,+,,,
uknl21,pote erec,hl,r,,,
uknl21,prun vulg,hl,1,,,
uknl21,ranu repe,hl,+,,,
uknl21,rubu caes,hl,1,,,
uknl21,sali elea elea,hl,2b,,,
uknl21,sali elea elea,sl,+,,,
uknl21,sesl caer,hl,r,,,
uknl21,soli cana,hl,+,,,
uknl21,soli giga,hl,+,,,
uknl21,tara sect rude,hl,+,,,
uknl21,trif repe repe,hl,+,,,
uknl21,tuss farf,hl,r,,,
uknl21,vero cham cham,hl,r,,,
uknl21,vero urti,hl,r,,,
uknl22,acer plat,hl,+,,,
uknl22,acer pseu,hl,+,,,
uknl22,acer pseu,sl,2a,,,
uknl22,acer pseu,tl2,2a,,,
uknl22,adox mosc,hl,1,,,
uknl22,aego poda,hl,2a,,,
uknl22,ajug rept,hl,+,,,
uknl22,alli ursi ursi,hl,r,,,
uknl22,alnu inca,hl,+,,,
uknl22,alnu inca,sl,+,,,
uknl22,alnu inca,tl1,3,,,
uknl22,alnu inca,tl2,2a,,,
uknl22,anem nemo,hl,+,,,
uknl22,anem ranu,hl,r,,,
uknl22,asar euro euro,hl,+,,,
uknl22,brac sylv,hl,1,,,
uknl22,card flex,hl,+,,,
uknl22,card impa,hl,+,,,
uknl22,cirs oler,hl,1,,,
uknl22,clem vita,hl,+,,,
uknl22,clem vita,sl,+,,,
uknl22,cycl purp,hl,r,,,
uknl22,desc cesp,hl,+,,,
uknl22,equi arve,hl,+,,,
uknl22,euon euro,hl,+,,,
uknl22,euon euro,sl,+,,,
uknl22,fall japo,hl,+,,,
uknl22,frax exce,hl,+,,,
uknl22,frax exce,tl1,1,,,
uknl22,frax exce,tl2,+,,,
uknl22,gale mont,hl,2a,,,
uknl22,gera robe,hl,+,,,
uknl22,glec hede,hl,+,,,
uknl22,hede heli,hl,+,,,
uknl22,impa parv,hl,+,,,
uknl22,lami macu,hl,r,,,
uknl22,loni xylo,hl,+,,,
uknl22,loni xylo,sl,+,,,
uknl22,lysi nemo,hl,+,,,
uknl22,matt stru,hl,4,,,
uknl22,merc pere,hl,+,,,
uknl22,moeh trin,hl,+,,,
uknl22,oxal acet,hl,1,,,
uknl22,peta albu,hl,r,,,
uknl22,phal arun,hl,+,,,
uknl22,pice abie,hl,+,,,
uknl22,pice abie,tl1,1,,,
uknl22,pice abie,tl2,1,,,
uknl22,poa triv,hl,+,,,
uknl22,prun padu padu,hl,+,,,
uknl22,prun padu padu,sl,1,,,
uknl22,rubu caes,hl,1,,,
uknl22,sali elea elea,tl1,1,,,
uknl22,salv glut,hl,r,,,
uknl22,samb nigr,sl,1,,,
uknl22,stac sylv,hl,+,,,
uknl22,stel nemo,hl,+,,,
uknl22,symp tube slat,hl,+,,,
uknl22,ulmu glab,tl2,+,,,
uknl22,urti dioi dioi,hl,+,,,
uknl22,vibu lant,hl,+,,,
uknl22,vibu lant,sl,r,,,
uknl23,acer pseu,hl,1,,,
uknl23,acer pseu,sl,2a,,,
uknl23,acer pseu,tl2,2b,,,
uknl23,acon lyco vulp,hl,r,,,
uknl23,aego poda,hl,2b,,,
uknl23,ajug rept,hl,+,,,
uknl23,alli ursi ursi,hl,+,,,
uknl23,anem nemo,hl,+,,,
uknl23,anem ranu,hl,r,,,
uknl23,ange sylv sylv,hl,+,,,
uknl23,asar euro euro,hl,+,,,
uknl23,brac sylv,hl,2b,,,
uknl23,care alba,hl,2a,,,
uknl23,care digi,hl,r,,,
uknl23,care orni orni,hl,+,,,
uknl23,care sylv,hl,+,,,
uknl23,circ inte,hl,+,,,
uknl23,circ lute lute,hl,+,,,
uknl23,cirs oler,hl,+,,,
uknl23,clem vita,hl,+,,,
uknl23,corn sang sang,hl,+,,,
uknl23,cory avel,hl,+,,,
uknl23,cory avel,sl,1,,,
uknl23,cory avel,tl2,1,,,
uknl23,daph meze,hl,r,,,
uknl23,desc cesp,hl,1,,,
uknl23,dryo fili,hl,r,,,
uknl23,euon euro,hl,+,,,
uknl23,euon euro,sl,+,,,
uknl23,fagu sylv,hl,r,,,
uknl23,fagu sylv,sl,r,,,
uknl23,fagu sylv,tl2,1,,,
uknl23,fili ulma,hl,+,,,
uknl23,frax exce,hl,+,,,
uknl23,frax exce,tl2,1,,,
uknl23,gale mont,hl,1,,,
uknl23,geum urba,hl,+,,,
uknl23,hede heli,hl,+,,,
uknl23,ligu vulg,hl,r,,,
uknl23,list ovat,hl,r,,,
uknl23,loni xylo,hl,1,,,
uknl23,loni xylo,sl,1,,,
uknl23,lysi nemo,hl,+,,,
uknl23,meli nuta,hl,+,,,
uknl23,merc pere,hl,1,,,
uknl23,oxal acet,hl,2a,,,
uknl23,peta albu,hl,+,,,
uknl23,pice abie,hl,+,,,
uknl23,pice abie,sl,+,,,
uknl23,pice abie,tl1,3,,,
uknl23,pice abie,tl2,2a,,,
uknl23,prim elat,hl,+,,,
uknl23,prun aviu slat,hl,r,,,
uknl23,prun padu padu,hl,+,,,
uknl23,prun padu padu,sl,+,,,
uknl23,pulm offi,hl,r,,,
uknl23,ranu lanu,hl,r,,,
uknl23,rubu caes,hl,1,,,
uknl23,salv glut,hl,2a,,,
uknl23,samb nigr,sl,1,,,
uknl23,stac sylv,hl,+,,,
uknl23,symp tube slat,hl,+,,,
uknl23,thal aqui,hl,r,,,
uknl23,ulmu glab,hl,+,,,
uknl23,ulmu glab,sl,+,,,
uknl23,ulmu glab,tl2,2b,,,
uknl23,vero mont,hl,+,,,
uknl23,vibu lant,hl,1,,,
uknl23,vibu opul,hl,+,,,
uknl23,vibu opul,sl,+,,,
uknl23,viol reic,hl,+,,,
uknl24,acer pseu,hl,+,,,
uknl24,acer pseu,sl,1,,,
uknl24,aego poda,hl,2a,,,
uknl24,alli ursi ursi,hl,r,,,
uknl24,alnu inca,hl,+,,,
uknl24,alnu inca,sl,2a,,,
uknl24,brac sylv,hl,2a,,,
uknl24,camp coch,hl,r,,,
uknl24,care acut rmis,hl,+,,,
uknl24,care flac,hl,1,,,
uknl24,care muri sstr,hl,r,,,
uknl24,care sylv,hl,+,,,
uknl24,cera holo,hl,+,,,
uknl24,chae hirs,hl,+,,,
uknl24,cirs oler,hl,+,,,
uknl24,clin vulg vulg,hl,+,,,
uknl24,cory avel,sl,+,,,
uknl24,dact glom glom,hl,+,,,
uknl24,desc cesp,hl,1,,,
uknl24,elym cani,hl,+,,,
uknl24,epip hell slat,hl,r,,,
uknl24,equi arve,hl,+,,,
uknl24,eupa cann,hl,+,,,
uknl24,fall japo,hl,r,,,
uknl24,fest arun arun,hl,2b,,,
uknl24,fili ulma,hl,+,,,
uknl24,frag vesc,hl,+,,,
uknl24,gali albu,hl,+,,,
uknl24,gera robe,hl,+,,,
uknl24,impa glan,hl,1,,,
uknl24,knau maxi,hl,r,,,
uknl24,lath prat prat,hl,+,,,
uknl24,leuc vern,hl,r,,,
uknl24,linu cath,hl,r,,,
uknl24,loni pile,hl,r,,,
uknl24,matt stru,hl,+,,,
uknl24,meli nuta,hl,+,,,
uknl24,ment long,hl,2a,,,
uknl24,moli arun,hl,1,,,
uknl24,orig vulg,hl,+,,,
uknl24,peta hybr,hl,1,,,
uknl24,phal arun,hl,2a,,,
uknl24,phyt spic spic,hl,+,,,
uknl24,pice abie,hl,+,,,
uknl24,poa nemo,hl,1,,,
uknl24,poa triv,hl,1,,,
uknl24,pote erec,hl,+,,,
uknl24,ranu repe,hl,r,,,
uknl24,rubu caes,hl,2b,,,
uknl24,rubu sect rubu,hl,+,,,
uknl24,sali appe,hl,r,,,
uknl24,sali elea elea,hl,r,,,
uknl24,sali myrs,hl,r,,,
uknl24,samb nigr,hl,+,,,
uknl24,samb nigr,sl,r,,,
uknl24,scro nodo,hl,+,,,
uknl24,soli cana,hl,+,,,
uknl24,soli giga,hl,1,,,
uknl24,thym prae poly,hl,r,,,
uknl24,trif medi medi,hl,r,,,
uknl24,urti dioi dioi,hl,+,,,
uknl24,vale offi samb,hl,+,,,
uknl24,vibu lant,hl,+,,,
uknl24,vici sepi,hl,r,,,
uknl24,vinc mino,hl,+,,,
uknl25,acer pseu,hl,2b,,,
uknl25,acer pseu,sl,1,,,
uknl25,acon lyco vulp,hl,r,,,
uknl25,aego poda,hl,2a,,,
uknl25,ajug rept,hl,+,,,
uknl25,alli ursi ursi,hl,+,,,
uknl25,anem nemo,hl,+,,,
uknl25,arun dioi,hl,r,,,
uknl25,asar euro euro,hl,1,,,
uknl25,berb vulg,hl,r,,,
uknl25,brac sylv,hl,2b,,,
uknl25,cala vari,hl,2a,,,
uknl25,camp trac,hl,+,,,
uknl25,care alba,hl,2b,,,
uknl25,care flac,hl,1,,,
uknl25,care sylv,hl,1,,,
uknl25,chae hirs,hl,+,,,
uknl25,circ inte,hl,+,,,
uknl25,circ lute lute,hl,+,,,
uknl25,cirs oler,hl,+,,,
uknl25,clem vita,hl,+,,,
uknl25,clem vita,sl,+,,,
uknl25,clin vulg vulg,hl,+,,,
uknl25,cory avel,hl,+,,,
uknl25,cory avel,sl,1,,,
uknl25,dact macu slat,hl,r,,,
uknl25,daph meze,hl,r,,,
uknl25,desc cesp,hl,1,,,
uknl25,euon euro,hl,+,,,
uknl25,euph amyg amyg,hl,+,,,
uknl25,euph dulc dulc,hl,+,,,
uknl25,fagu sylv,hl,1,,,
uknl25,fest giga,hl,+,,,
uknl25,frax exce,hl,1,,,
uknl25,gale mont,hl,1,,,
uknl25,gali albu,hl,r,,,
uknl25,hede heli,hl,+,,,
uknl25,hepa nobi,hl,+,,,
uknl25,ligu vulg,hl,+,,,
uknl25,list ovat,hl,+,,,
uknl25,loni xylo,hl,+,,,
uknl25,loni xylo,sl,1,,,
uknl25,lysi nemo,hl,+,,,
uknl25,merc pere,hl,+,,,
uknl25,moli arun,hl,1,,,
uknl25,neot nidu,hl,r,,,
uknl25,oxal acet,hl,+,,,
uknl25,pari quad,hl,+,,,
uknl25,peta albu,hl,+,,,
uknl25,peta hybr,hl,1,,,
uknl25,phyt spic spic,hl,r,,,
uknl25,pice abie,tl1,5,,,
uknl25,poly acul,hl,r,,,
uknl25,prim elat,hl,+,,,
uknl25,prun vulg,hl,+,,,
uknl25,ranu lanu,hl,+,,,
uknl25,ranu nemo,hl,+,,,
uknl25,rosa arve,hl,r,,,
uknl25,rubu caes,hl,+,,,
uknl25,salv glut,hl,1,,,
uknl25,sani euro,hl,1,,,
uknl25,stac sylv,hl,r,,,
uknl25,symp tube slat,hl,+,,,
uknl25,tili plat,hl,r,,,
uknl25,tuss farf,hl,+,,,
uknl25,ulmu glab,hl,+,,,
uknl25,ulmu glab,sl,r,,,
uknl25,vero urti,hl,+,,,
uknl25,vibu lant,hl,+,,,
uknl25,vibu opul,hl,+,,,
uknl25,vibu opul,sl,+,,,
uknl25,vinc mino,hl,+,,,
uknl26,acer plat,hl,r,,,
uknl26,acer pseu,hl,2a,,,
uknl26,acer pseu,sl,+,,,
uknl26,acer pseu,tl1,1,,,
uknl26,acer pseu,tl2,2a,,,
uknl26,aego poda,hl,1,,,
uknl26,ajug rept,hl,+,,,
uknl26,anem nemo,hl,+,,,
uknl26,apos foet,hl,+,,,
uknl26,asar euro euro,hl,1,,,
uknl26,astr majo,hl,r,,,
uknl26,athy fili,hl,r,,,
uknl26,brac sylv,hl,2a,,,
uknl26,camp trac,hl,r,,,
uknl26,care alba,hl,4,,,
uknl26,care sylv,hl,+,,,
uknl26,chae hirs,hl,+,,,
uknl26,clin vulg vulg,hl,+,,,
uknl26,conv maja maja,hl,r,,,
uknl26,cory avel,hl,+,,,
uknl26,cory avel,sl,3,,,
uknl26,cycl purp,hl,+,,,
uknl26,dact macu slat,hl,r,,,
uknl26,daph meze,hl,1,,,
uknl26,desc cesp,hl,+,,,
uknl26,dryo fili,hl,r,,,
uknl26,euon euro,hl,1,,,
uknl26,euon euro,sl,1,,,
uknl26,euph dulc dulc,hl,+,,,
uknl26,fagu sylv,hl,r,,,
uknl26,frag vesc,hl,+,,,
uknl26,frax exce,hl,+,,,
uknl26,frax exce,sl,r,,,
uknl26,frax exce,tl2,+,,,
uknl26,gale mont,hl,2a,,,
uknl26,gale psis spec ies,hl,+,,,
uknl26,geum urba,hl,r,,,
uknl26,glec hede,hl,+,,,
uknl26,hede heli,hl,+,,,
uknl26,hede heli,sl,+,,,
uknl26,hede heli,tl1,2a,,,
uknl26,hede heli,tl2,2a,,,
uknl26,hepa nobi,hl,+,,,
uknl26,jugl regi,hl,r,,,
uknl26,jugl regi,sl,1,,,
uknl26,ligu vulg,hl,1,,,
uknl26,ligu vulg,sl,+,,,
uknl26,list ovat,hl,r,,,
uknl26,loni xylo,hl,r,,,
uknl26,loni xylo,sl,1,,,
uknl26,maia bifo,hl,r,,,
uknl26,meli nuta,hl,+,,,
uknl26,merc pere,hl,1,,,
uknl26,oxal acet,hl,1,,,
uknl26,pari quad,hl,+,,,
uknl26,pice abie,tl1,4,,,
uknl26,pice abie,tl2,1,,,
uknl26,plat bifo,hl,r,,,
uknl26,poa nemo,hl,+,,,
uknl26,prim elat,hl,+,,,
uknl26,rubu caes,hl,1,,,
uknl26,rubu saxa,hl,r,,,
uknl26,rubu sect rubu,hl,+,,,
uknl26,sorb aria,hl,r,,,
uknl26,ulmu glab,hl,+,,,
uknl26,ulmu glab,sl,r,,,
uknl26,ulmu glab,tl2,1,,,
uknl26,vibu opul,hl,+,,,
uknl26,vibu opul,sl,r,,,
uknl26,vinc mino,hl,+,,,
uknl26,viol reic,hl,+,,,
uknl27,acer pseu,sl,+,,,
uknl27,acer pseu,tl1,2a,,,
uknl27,acer pseu,tl2,1,,,
uknl27,aego poda,hl,+,,,
uknl27,anem nemo,hl,+,,,
uknl27,asar euro euro,hl,+,,,
uknl27,athy fili,hl,r,,,
uknl27,berb vulg,sl,1,,,
uknl27,brac sylv,hl,1,,,
uknl27,camp trac,hl,r,,,
uknl27,care alba,hl,4,,,
uknl27,care flac,hl,+,,,
uknl27,care sylv,hl,+,,,
uknl27,cirs oler,hl,r,,,
uknl27,cirs palu,hl,r,,,
uknl27,clem vita,hl,+,,,
uknl27,clin vulg vulg,hl,r,,,
uknl27,cory avel,hl,+,,,
uknl27,cory avel,sl,2a,,,
uknl27,crat mono,sl,+,,,
uknl27,cycl purp,hl,+,,,
uknl27,daph meze,hl,+,,,
uknl27,desc cesp,hl,+,,,
uknl27,euon euro,hl,+,,,
uknl27,euon euro,sl,1,,,
uknl27,eupa cann,hl,+,,,
uknl27,euph amyg amyg,hl,r,,,
uknl27,euph dulc dulc,hl,r,,,
uknl27,fagu sylv,sl,r,,,
uknl27,fagu sylv,tl2,2a,,,
uknl27,fest giga,hl,r,,,
uknl27,frag vesc,hl,+,,,
uknl27,frax exce,hl,+,,,
uknl27,frax exce,tl2,+,,,
uknl27,gale mont,hl,2a,,,
uknl27,hede heli,hl,+,,,
uknl27,hepa nobi,hl,+,,,
uknl27,impa parv,hl,r,,,
uknl27,jugl regi,hl,+,,,
uknl27,jugl regi,sl,1,,,
uknl27,ligu vulg,hl,+,,,
uknl27,ligu vulg,sl,r,,,
uknl27,list ovat,hl,+,,,
uknl27,lysi nemo,hl,+,,,
uknl27,maia bifo,hl,r,,,
uknl27,meli nuta,hl,+,,,
uknl27,merc pere,hl,+,,,
uknl27,oxal acet,hl,+,,,
uknl27,pari quad,hl,r,,,
uknl27,pice abie,tl1,3,,,
uknl27,pice abie,tl2,1,,,
uknl27,prim elat,hl,1,,,
uknl27,prun vulg,hl,r,,,
uknl27,rubu caes,hl,2a,,,
uknl27,salv glut,hl,1,,,
uknl27,sani euro,hl,+,,,
uknl27,sorb aria,hl,r,,,
uknl27,stac sylv,hl,r,,,
uknl27,ulmu glab,hl,+,,,
uknl27,ulmu glab,sl,2b,,,
uknl27,ulmu glab,tl2,2b,,,
uknl27,vibu lant,hl,r,,,
uknl27,vibu lant,sl,r,,,
uknl27,viol reic,hl,+,,,
uknl28,acer pseu,hl,3,,,
uknl28,acer pseu,sl,2b,,,
uknl28,acer pseu,tl2,1,,,
uknl28,aego poda,hl,1,,,
uknl28,ajug rept,hl,+,,,
uknl28,anem nemo,hl,+,,,
uknl28,apos foet,hl,+,,,
uknl28,arrh elat,hl,r,,,
uknl28,asar euro euro,hl,+,,,
uknl28,astr majo,hl,r,,,
uknl28,athy fili,hl,+,,,
uknl28,brac sylv,hl,2a,,,
uknl28,camp trac,hl,+,,,
uknl28,care alba,hl,3,,,
uknl28,care flac,hl,+,,,
uknl28,care sylv,hl,1,,,
uknl28,cirs oler,hl,r,,,
uknl28,clin vulg vulg,hl,+,,,
uknl28,cory avel,sl,2b,,,
uknl28,dact glom glom,hl,r,,,
uknl28,dact macu slat,hl,r,,,
uknl28,daph meze,hl,+,,,
uknl28,desc cesp,hl,2a,,,
uknl28,euon euro,hl,+,,,
uknl28,euon euro,sl,r,,,
uknl28,euph dulc dulc,hl,+,,,
uknl28,fagu sylv,sl,+,,,
uknl28,fili ulma,hl,r,,,
uknl28,frag vesc,hl,+,,,
uknl28,frax exce,hl,1,,,
uknl28,gale mont,hl,1,,,
uknl28,gera robe,hl,+,,,
uknl28,geum urba,hl,+,,,
uknl28,hede heli,hl,1,,,
uknl28,hede heli,sl,1,,,
uknl28,hede heli,tl2,1,,,
uknl28,hepa nobi,hl,+,,,
uknl28,hype hirs,hl,r,,,
uknl28,hype tetr,hl,r,,,
uknl28,ligu vulg,hl,+,,,
uknl28,list ovat,hl,+,,,
uknl28,loni xylo,hl,+,,,
uknl28,loni xylo,sl,1,,,
uknl28,lysi nemo,hl,1,,,
uknl28,merc pere,hl,r,,,
uknl28,oxal acet,hl,+,,,
uknl28,pari quad,hl,r,,,
uknl28,phle prat,hl,r,,,
uknl28,pice abie,tl1,3,,,
uknl28,pice abie,tl2,2a,,,
uknl28,poa nemo,hl,r,,,
uknl28,prim elat,hl,+,,,
uknl28,ranu acri acri,hl,r,,,
uknl28,rubu caes,hl,2a,,,
uknl28,salv glut,hl,+,,,
uknl28,sani euro,hl,+,,,
uknl28,soli giga,hl,r,,,
uknl28,stac sylv,hl,+,,,
uknl28,symp tube slat,hl,r,,,
uknl28,ulmu glab,hl,1,,,
uknl28,ulmu glab,sl,2a,,,
uknl28,vibu opul,hl,r,,,
uknl28,viol reic,hl,+,,,
uknl29,abie alba,hl,r,,,
uknl29,abie alba,tl2,1,,,
uknl29,acer pseu,hl,3,,,
uknl29,acer pseu,sl,1,,,
uknl29,acer pseu,tl2,2b,,,
uknl29,aego poda,hl,+,,,
uknl29,ajug rept,hl,r,,,
uknl29,anem nemo,hl,+,,,
uknl29,apos foet,hl,+,,,
uknl29,asar euro euro,hl,1,,,
uknl29,brac sylv,hl,+,,,
uknl29,camp trac,hl,+,,,
uknl29,care alba,hl,2b,,,
uknl29,care sylv,hl,+,,,
uknl29,cirs oler,hl,+,,,
uknl29,cory avel,hl,1,,,
uknl29,cory avel,sl,3,,,
uknl29,crat mono,hl,+,,,
uknl29,cycl purp,hl,+,,,
uknl29,daph meze,hl,r,,,
uknl29,euph amyg amyg,hl,+,,,
uknl29,fagu sylv,hl,1,,,
uknl29,fagu sylv,sl,r,,,
uknl29,frag vesc,hl,+,,,
uknl29,frax exce,hl,1,,,
uknl29,frax exce,sl,r,,,
uknl29,gale mont,hl,+,,,
uknl29,geum urba,hl,+,,,
uknl29,hepa nobi,hl,1,,,
uknl29,list ovat,hl,+,,,
uknl29,loni xylo,hl,+,,,
uknl29,loni xylo,sl,r,,,
uknl29,lysi nemo,hl,+,,,
uknl29,maia bifo,hl,1,,,
uknl29,meli nuta,hl,r,,,
uknl29,ment long,hl,r,,,
uknl29,merc pere,hl,3,,,
uknl29,neot nidu,hl,r,,,
uknl29,oxal acet,hl,1,,,
uknl29,pari quad,hl,+,,,
uknl29,pice abie,tl1,3,,,
uknl29,pice abie,tl2,3,,,
uknl29,poly mult,hl,r,,,
uknl29,prim elat,hl,1,,,
uknl29,rosa arve,hl,+,,,
uknl29,rubu caes,hl,+,,,
uknl29,salv glut,hl,+,,,
uknl29,sani euro,hl,+,,,
uknl29,sorb aucu aucu,hl,r,,,
uknl29,ulmu glab,hl,+,,,
uknl29,ulmu glab,sl,2b,,,
uknl29,vibu opul,hl,r,,,
uknl29,vinc mino,hl,1,,,
uknl29,viol reic,hl,+,,,
uknl30,acer pseu,sl,+,,,
uknl30,acer pseu,tl2,3,,,
uknl30,aego poda,hl,1,,,
uknl30,agro stol,hl,+,,,
uknl30,ajug rept,hl,+,,,
uknl30,anem nemo,hl,+,,,
uknl30,apos foet,hl,+,,,
uknl30,asar euro euro,hl,+,,,
uknl30,athy fili,hl,r,,,
uknl30,bell pere,hl,+,,,
uknl30,berb vulg,sl,1,,,
uknl30,brac rupe rupe,hl,1,,,
uknl30,brac sylv,hl,1,,,
uknl30,cala vari,hl,+,,,
uknl30,camp trac,hl,+,,,
uknl30,care alba,hl,3,,,
uknl30,care flav flav,hl,r,,,
uknl30,care orni orni,hl,+,,,
uknl30,care pall,hl,+,,,
uknl30,care sylv,hl,+,,,
uknl30,carp betu,hl,r,,,
uknl30,carp betu,sl,r,,,
uknl30,cera holo,hl,r,,,
uknl30,chae hirs,hl,+,,,
uknl30,cirs palu,hl,r,,,
uknl30,clin vulg vulg,hl,+,,,
uknl30,corn sang sang,hl,r,,,
uknl30,cory avel,hl,+,,,
uknl30,cory avel,sl,2a,,,
uknl30,crat mono,hl,+,,,
uknl30,crat mono,sl,2a,,,
uknl30,cycl purp,hl,+,,,
uknl30,desc cesp,hl,1,,,
uknl30,epip hell slat,hl,r,,,
uknl30,eupa cann,hl,+,,,
uknl30,euph amyg amyg,hl,+,,,
uknl30,euph cypa,hl,+,,,
uknl30,euph dulc dulc,hl,+,,,
uknl30,fili ulma,hl,r,,,
uknl30,fran alnu,hl,r,,,
uknl30,frax exce,hl,r,,,
uknl30,frax exce,sl,r,,,
uknl30,gali albu,hl,+,,,
uknl30,gymn robe,hl,+,,,
uknl30,hede heli,hl,+,,,
uknl30,hepa nobi,hl,+,,,
uknl30,hype hirs,hl,+,,,
uknl30,knau maxi,hl,r,,,
uknl30,ligu vulg,hl,1,,,
uknl30,ligu vulg,sl,2b,,,
uknl30,list ovat,hl,+,,,
uknl30,lysi nemo,hl,+,,,
uknl30,lysi numm,hl,+,,,
uknl30,lysi vulg,hl,r,,,
uknl30,meli nuta,hl,r,,,
uknl30,ment vert,hl,+,,,
uknl30,pari quad,hl,r,,,
uknl30,pice abie,sl,2a,,,
uknl30,pice abie,tl1,2b,,,
uknl30,pice abie,tl2,2b,,,
uknl30,pimp majo majo,hl,+,,,
uknl30,plan lanc,hl,+,,,
uknl30,plan majo slat,hl,+,,,
uknl30,plan medi,hl,+,,,
uknl30,poly cham,hl,+,,,
uknl30,poly mult,hl,r,,,
uknl30,pote erec,hl,+,,,
uknl30,prim elat,hl,1,,,
uknl30,prun aviu slat,hl,r,,,
uknl30,prun spin,hl,r,,,
uknl30,prun spin,sl,r,,,
uknl30,prun vulg,hl,1,,,
uknl30,ranu acri acri,hl,+,,,
uknl30,ranu mont,hl,+,,,
uknl30,ranu nemo,hl,+,,,
uknl30,rosa arve,hl,2a,,,
uknl30,rosa cani,hl,r,,,
uknl30,rosa cani,sl,r,,,
uknl30,salv glut,hl,2b,,,
uknl30,sani euro,hl,+,,,
uknl30,taxu bacc,tl2,1,,,
uknl30,trif prat prat,hl,+,,,
uknl30,ulmu glab,hl,+,,,
uknl30,vacc myrt,hl,r,,,
uknl30,vale dioi dioi,hl,r,,,
uknl30,vibu lant,hl,r,,,
uknl30,vibu lant,sl,1,,,
uknl30,vinc mino,hl,+,,,
uknl30,viol bifl,hl,+,,,
uknl30,viol hirt,hl,+,,,
uknl30,viol reic,hl,+,,,
uknl31,achi mill aggr,hl,+,,,
uknl31,agro stol,hl,1,,,
uknl31,alch spec ies,hl,+,,,
uknl31,alnu inca,hl,r,,,
uknl31,alnu inca,tl2,1,,,
uknl31,arct nemo,hl,r,,cf.,
uknl31,bell pere,hl,+,,,
uknl31,brac sylv,hl,+,,,
uknl31,calt palu,hl,+,,,
uknl31,care flac,hl,+,,,
uknl31,care flav flav,hl,1,,,
uknl31,care pall,hl,+,,,
uknl31,care sylv,hl,+,,,
uknl31,cent jace jace,hl,r,,,
uknl31,cirs palu,hl,1,,,
uknl31,desc cesp,hl,2a,,,
uknl31,fest rubr rubr,hl,1,,,
uknl31,frag vesc,hl,+,,,
uknl31,fran alnu,sl,+,,,
uknl31,gali palu palu,hl,r,,,
uknl31,gera robe,hl,+,,,
uknl31,geum urba,hl,+,,,
uknl31,glec hede,hl,+,,,
uknl31,hede heli,hl,+,,,
uknl31,hype perf,hl,+,,,
uknl31,junc arti,hl,r,,,
uknl31,junc infl,hl,+,,,
uknl31,leon hisp hisp,hl,1,,,
uknl31,ligu vulg,hl,r,,,
uknl31,ligu vulg,sl,1,,,
uknl31,linu cath,hl,+,,,
uknl31,lotu corn,hl,+,,,
uknl31,lyco euro euro,hl,1,,,
uknl31,lysi nemo,hl,+,,,
uknl31,lysi numm,hl,2a,,,
uknl31,ment long,hl,r,,,
uknl31,ment vert,hl,1,,,
uknl31,oxal acet,hl,+,,,
uknl31,pice abie,hl,r,,,
uknl31,pimp majo majo,hl,+,,,
uknl31,plan lanc,hl,+,,,
uknl31,plan majo slat,hl,+,,,
uknl31,pote anse anse,hl,+,,,
uknl31,pote erec,hl,+,,,
uknl31,pote rept,hl,+,,,
uknl31,prun vulg,hl,2b,,,
uknl31,ranu acri acri,hl,+,,,
uknl31,ranu mont,hl,r,,,
uknl31,ranu repe,hl,1,,,
uknl31,sali elea elea,sl,+,,,
uknl31,sali elea elea,tl2,2a,,,
uknl31,sali purp,hl,+,,,
uknl31,sali purp,sl,3,,,
uknl31,sali purp,tl2,+,,,
uknl31,salv glut,hl,+,,,
uknl31,stac sylv,hl,+,,,
uknl31,tara sect rude,hl,+,,,
uknl31,trif prat prat,hl,+,,,
uknl31,trif repe repe,hl,1,,,
uknl31,tuss farf,hl,+,,,
uknl31,vale dioi dioi,hl,1,,,
uknl31,vibu lant,sl,1,,,
uknl31,viol hirt,hl,r,,,
uknl31,viol reic,hl,1,,,
uknl32,acer pseu,hl,+,,,
uknl32,acer pseu,tl1,3,,,
uknl32,acer pseu,tl2,2b,,,
uknl32,aego poda,hl,1,,,
uknl32,ajug rept,hl,+,,,
uknl32,anem nemo,hl,+,,,
uknl32,apos foet,hl,+,,,
uknl32,asar euro euro,hl,1,,,
uknl32,brac sylv,hl,1,,,
uknl32,camp trac,hl,+,,,
uknl32,care alba,hl,2b,,,
uknl32,care flac,hl,+,,,
uknl32,care flav flav,hl,+,,,
uknl32,care orni orni,hl,+,,,
uknl32,care pall,hl,+,,,
uknl32,care remo remo,hl,1,,,
uknl32,care sylv,hl,1,,,
uknl32,carp betu,tl2,1,,,
uknl32,cent jace jace,hl,+,,,
uknl32,chae hirs,hl,+,,,
uknl32,cirs palu,hl,+,,,
uknl32,clin vulg vulg,hl,+,,,
uknl32,cycl purp,hl,1,,,
uknl32,desc cesp,hl,2b,,,
uknl32,euph amyg amyg,hl,+,,,
uknl32,fili ulma,hl,+,,,
uknl32,frag vesc,hl,+,,,
uknl32,frax exce,hl,+,,,
uknl32,gali albu,hl,+,,,
uknl32,hede heli,hl,+,,,
uknl32,hede heli,sl,1,,,
uknl32,hepa nobi,hl,+,,,
uknl32,leon hisp hisp,hl,+,,,
uknl32,ligu vulg,hl,+,,,
uknl32,ligu vulg,sl,+,,,
uknl32,list ovat,hl,+,,,
uknl32,lysi nemo,hl,+,,,
uknl32,lysi numm,hl,1,,,
uknl32,ment vert,hl,1,,,
uknl32,myos scor scor,hl,+,,,
uknl32,neot nidu,hl,+,,,
uknl32,oxal acet,hl,+,,,
uknl32,pari quad,hl,+,,,
uknl32,pice abie,sl,1,,,
uknl32,pice abie,tl1,3,,,
uknl32,pice abie,tl2,2b,,,
uknl32,pimp majo majo,hl,1,,,
uknl32,pote erec,hl,+,,,
uknl32,prim elat,hl,+,,,
uknl32,prun vulg,hl,2a,,,
uknl32,ranu acri acri,hl,+,,,
uknl32,ranu mont,hl,+,,,
uknl32,ranu nemo,hl,+,,,
uknl32,ranu repe,hl,+,,,
uknl32,salv glut,hl,1,,,
uknl32,sani euro,hl,+,,,
uknl32,stac sylv,hl,+,,,
uknl32,tara sect rude,hl,+,,,
uknl32,thym pule pule,hl,+,,,
uknl32,trif prat prat,hl,+,,,
uknl32,tuss farf,hl,+,,,
uknl32,ulmu glab,hl,+,,,
uknl32,ulmu glab,tl2,2a,,,
uknl32,vale dioi dioi,hl,+,,,
uknl32,vibu lant,sl,+,,,
uknl32,vinc mino,hl,+,,,
uknl32,viol hirt,hl,+,,,
uknl32,viol reic,hl,+,,,
uknl33,abie alba,hl,r,,,
uknl33,acer pseu,hl,+,,,
uknl33,acer pseu,tl1,3,,,
uknl33,acer pseu,tl2,1,,,
uknl33,aego poda,hl,1,,,
uknl33,ajug rept,hl,+,,,
uknl33,anem nemo,hl,1,,,
uknl33,apos foet,hl,1,,,
uknl33,asar euro euro,hl,1,,,
uknl33,brac sylv,hl,2a,,,
uknl33,briz medi,hl,r,,,
uknl33,camp trac,hl,+,,,
uknl33,care alba,hl,3,,,
uknl33,care pall,hl,r,,,
uknl33,care remo remo,hl,+,,,
uknl33,care sylv,hl,+,,,
uknl33,chae hirs,hl,+,,,
uknl33,cirs oler,hl,+,,,
uknl33,cirs palu,hl,r,,,
uknl33,clin vulg vulg,hl,+,,,
uknl33,cory avel,hl,r,,,
uknl33,cycl purp,hl,+,,,
uknl33,dact macu slat,hl,r,,,
uknl33,desc cesp,hl,2a,,,
uknl33,eupa cann,hl,+,,,
uknl33,euph amyg amyg,hl,+,,,
uknl33,euph cypa,hl,r,,,
uknl33,frag vesc,hl,r,,,
uknl33,frax exce,hl,r,,,
uknl33,gale mont,hl,+,,,
uknl33,gali albu,hl,+,,,
uknl33,geum riva,hl,r,,,
uknl33,hede heli,hl,+,,,
uknl33,hepa nobi,hl,+,,,
uknl33,homo alpi,hl,r,,,
uknl33,leon hisp hisp,hl,r,,,
uknl33,list ovat,hl,r,,,
uknl33,lysi nemo,hl,1,,,
uknl33,lysi numm,hl,+,,,
uknl33,orig vulg,hl,r,,,
uknl33,oxal acet,hl,+,,,
uknl33,pice abie,hl,r,,,
uknl33,pice abie,sl,2a,,,
uknl33,pice abie,tl1,3,,,
uknl33,pice abie,tl2,2a,,,
uknl33,pimp majo majo,hl,+,,,
uknl33,plan lanc,hl,r,,,
uknl33,pote erec,hl,+,,,
uknl33,prim elat,hl,1,,,
uknl33,ranu acri acri,hl,+,,,
uknl33,ranu mont,hl,+,,,
uknl33,salv glut,hl,2a,,,
uknl33,sani euro,hl,1,,,
uknl33,stac sylv,hl,+,,,
uknl33,thym pule pule,hl,+,,,
uknl33,tuss farf,hl,+,,,
uknl33,ulmu glab,hl,+,,,
uknl33,ulmu glab,sl,r,,,
uknl33,vibu lant,hl,r,,,
uknl33,vinc mino,hl,+,,,
uknl33,viol bifl,hl,r,,,
uknl33,viol reic,hl,+,,,
uknl34,acer pseu,hl,+,,,
uknl34,acer pseu,tl1,3,,,
uknl34,acer pseu,tl2,1,,,
uknl34,ajug rept,hl,+,,,
uknl34,alch spec ies,hl,r,,,
uknl34,anem nemo,hl,+,,,
uknl34,apos foet,hl,1,,,
uknl34,astr majo,hl,r,,,
uknl34,brac sylv,hl,2a,,,
uknl34,camp trac,hl,+,,,
uknl34,care alba,hl,3,,,
uknl34,care flac,hl,+,,,
uknl34,care flav flav,hl,r,,,
uknl34,care sylv,hl,1,,,
uknl34,cent jace jace,hl,r,,,
uknl34,chae hirs,hl,+,,,
uknl34,clin vulg vulg,hl,+,,,
uknl34,cory avel,hl,r,,,
uknl34,cory avel,sl,1,,,
uknl34,cycl purp,hl,+,,,
uknl34,dact macu slat,hl,r,,,
uknl34,desc cesp,hl,2a,,,
uknl34,eupa cann,hl,r,,,
uknl34,fest giga,hl,+,,,
uknl34,fili ulma,hl,r,,,
uknl34,frag vesc,hl,+,,,
uknl34,frax exce,hl,+,,,
uknl34,frax exce,tl1,2a,,,
uknl34,frax exce,tl2,1,,,
uknl34,gali albu,hl,+,,,
uknl34,hepa nobi,hl,+,,,
uknl34,leon hisp hisp,hl,r,,,
uknl34,ligu vulg,hl,r,,,
uknl34,ligu vulg,sl,r,,,
uknl34,lysi nemo,hl,1,,,
uknl34,lysi numm,hl,+,,,
uknl34,ment vert,hl,+,,,
uknl34,oxal acet,hl,+,,,
uknl34,pari quad,hl,+,,,
uknl34,phyt spic spic,hl,+,,,
uknl34,pice abie,hl,+,,,
uknl34,pice abie,sl,2a,,,
uknl34,pice abie,tl1,2b,,,
uknl34,pice abie,tl2,2a,,,
uknl34,pimp majo majo,hl,2a,,,
uknl34,plan majo slat,hl,r,,,
uknl34,poly amar ella,hl,r,,,
uknl34,poly cham,hl,+,,,
uknl34,pote erec,hl,+,,,
uknl34,prim elat,hl,1,,,
uknl34,prun vulg,hl,1,,,
uknl34,pulm offi,hl,+,,,
uknl34,ranu acri acri,hl,+,,,
uknl34,ranu nemo,hl,+,,,
uknl34,salv glut,hl,2b,,,
uknl34,sani euro,hl,+,,,
uknl34,sesl caer,hl,r,,,
uknl34,symp tube slat,hl,+,,,
uknl34,trif prat prat,hl,r,,,
uknl34,ulmu glab,hl,r,,,
uknl34,viol hirt,hl,+,,,
uknl35,acer pseu,tl1,3,,,
uknl35,acer pseu,tl2,2a,,,
uknl35,aego poda,hl,1,,,
uknl35,ajug rept,hl,+,,,
uknl35,anem nemo,hl,1,,,
uknl35,apos foet,hl,+,,,
uknl35,asar euro euro,hl,+,,,
uknl35,athy fili,hl,r,,,
uknl35,brac sylv,hl,2a,,,
uknl35,camp trac,hl,+,,,
uknl35,care alba,hl,3,,,
uknl35,care flav flav,hl,+,,,
uknl35,care sylv,hl,1,,,
uknl35,carp betu,hl,r,,,
uknl35,chae hirs,hl,+,,,
uknl35,corn sang sang,hl,+,,,
uknl35,cory avel,hl,+,,,
uknl35,cory avel,sl,1,,,
uknl35,cycl purp,hl,+,,,
uknl35,daph meze,hl,r,,,
uknl35,desc cesp,hl,2a,,,
uknl35,euph amyg amyg,hl,+,,,
uknl35,euph dulc dulc,hl,+,,,
uknl35,fagu sylv,hl,r,,,
uknl35,frag vesc,hl,1,,,
uknl35,frax exce,hl,+,,,
uknl35,gale mont,hl,+,,,
uknl35,hede heli,hl,+,,,
uknl35,hepa nobi,hl,+,,,
uknl35,list ovat,hl,r,,,
uknl35,lysi nemo,hl,+,,,
uknl35,lysi numm,hl,+,,,
uknl35,ment vert,hl,+,,,
uknl35,oxal acet,hl,+,,,
uknl35,phyt spic spic,hl,+,,,
uknl35,pice abie,tl1,3,,,
uknl35,pice abie,tl2,2a,,,
uknl35,pimp majo majo,hl,1,,,
uknl35,plat bifo,hl,r,,,
uknl35,poly cham,hl,+,,,
uknl35,pote erec,hl,+,,,
uknl35,prim elat,hl,+,,,
uknl35,prun vulg,hl,1,,,
uknl35,rosa arve,hl,r,,,
uknl35,salv glut,hl,2b,,,
uknl35,sani euro,hl,1,,,
uknl35,thym pule pule,hl,r,,,
uknl35,tili plat,tl2,2a,,,
uknl35,ulmu glab,hl,+,,,
uknl35,vinc mino,hl,+,,,
uknl35,viol hirt,hl,+,,,
uknl35,viol reic,hl,+,,,
uknl35,viol rivi,hl,+,,,
uknl36,acer plat,hl,r,,,
uknl36,acer plat,sl,r,,,
uknl36,acer pseu,hl,2a,,,
uknl36,acer pseu,sl,1,,,
uknl36,acer pseu,tl1,2b,,,
uknl36,acer pseu,tl2,1,,,
uknl36,aego poda,hl,1,,,
uknl36,alli ursi ursi,hl,1,,,
uknl36,alnu inca,hl,r,,,
uknl36,alnu inca,tl2,2a,,,
uknl36,anem nemo,hl,+,,,
uknl36,ange sylv sylv,hl,r,,,
uknl36,asar euro euro,hl,+,,,
uknl36,brac sylv,hl,1,,,
uknl36,care alba,hl,3,,,
uknl36,care digi,hl,+,,,
uknl36,care flac,hl,+,,,
uknl36,care sylv,hl,+,,,
uknl36,circ inte,hl,+,,,
uknl36,cirs oler,hl,1,,,
uknl36,clem vita,hl,+,,,
uknl36,cory avel,sl,3,,,
uknl36,crat mono,hl,r,,,
uknl36,crat mono,sl,+,,,
uknl36,daph meze,hl,r,,,
uknl36,desc cesp,hl,1,,,
uknl36,euph dulc dulc,hl,+,,,
uknl36,fagu sylv,sl,+,,,
uknl36,frag vesc,hl,r,,,
uknl36,frax exce,hl,+,,,
uknl36,frax exce,tl2,1,,,
uknl36,gale mont,hl,1,,,
uknl36,hede heli,hl,+,,,
uknl36,hede heli,sl,1,,,
uknl36,hede heli,tl2,+,,,
uknl36,hepa nobi,hl,+,,,
uknl36,leuc vern,hl,+,,,
uknl36,ligu vulg,hl,1,,,
uknl36,ligu vulg,sl,1,,,
uknl36,list ovat,hl,+,,,
uknl36,loni xylo,hl,+,,,
uknl36,lysi nemo,hl,+,,,
uknl36,merc pere,hl,+,,,
uknl36,oxal acet,hl,+,,,
uknl36,peta albu,hl,+,,,
uknl36,pice abie,hl,r,,,
uknl36,pice abie,sl,1,,,
uknl36,pice abie,tl1,2a,,,
uknl36,pice abie,tl2,2a,,,
uknl36,prim elat,hl,r,,,
uknl36,prun padu padu,hl,r,,,
uknl36,prun padu padu,sl,+,,,
uknl36,rubu caes,hl,1,,,
uknl36,salv glut,hl,+,,,
uknl36,sani euro,hl,+,,,
uknl36,sorb aria,hl,r,,,
uknl36,ulmu glab,hl,r,,,
uknl36,ulmu glab,tl2,2a,,,
uknl36,vibu lant,hl,r,,,
uknl36,vibu opul,hl,+,,,
uknl36,vibu opul,sl,r,,,
uknl36,vinc mino,hl,3,,,
uknl37,acer plat,hl,r,,,
uknl37,acer plat,tl2,2a,,,
uknl37,acer pseu,hl,r,,,
uknl37,acer pseu,tl2,2b,,,
uknl37,acta spic,hl,r,,,
uknl37,aego poda,hl,+,,,
uknl37,ajug rept,hl,+,,,
uknl37,alli ursi ursi,hl,1,,,
uknl37,alnu inca,hl,1,,,
uknl37,alnu inca,tl2,2b,,,
uknl37,anem nemo,hl,+,,,
uknl37,asar euro euro,hl,+,,,
uknl37,brac rupe rupe,hl,1,,,
uknl37,camp trac,hl,r,,,
uknl37,care alba,hl,1,,,
uknl37,care digi,hl,+,,,
uknl37,care flac,hl,+,,,
uknl37,circ inte,hl,+,,,
uknl37,cirs oler,hl,+,,,
uknl37,corn sang sang,hl,r,,,
uknl37,cory avel,sl,2b,,,
uknl37,desc cesp,hl,+,,,
uknl37,dryo fili,hl,+,,,
uknl37,fagu sylv,tl2,1,,,
uknl37,fest giga,hl,+,,,
uknl37,fili ulma,hl,r,,,
uknl37,frax exce,hl,+,,,
uknl37,frax exce,tl2,2a,,,
uknl37,gale mont,hl,1,,,
uknl37,hede heli,hl,+,,,
uknl37,list ovat,hl,r,,,
uknl37,loni xylo,hl,+,,,
uknl37,loni xylo,sl,r,,,
uknl37,lysi nemo,hl,+,,,
uknl37,merc pere,hl,2b,,,
uknl37,oxal acet,hl,1,,,
uknl37,peta albu,hl,+,,,
uknl37,pice abie,sl,1,,,
uknl37,pice abie,tl1,1,,,
uknl37,poly acul,hl,r,,,
uknl37,prim elat,hl,+,,,
uknl37,pulm offi,hl,+,,,
uknl37,rubu caes,hl,+,,,
uknl37,sali appe,tl2,+,,,
uknl37,sali capr,tl2,2a,,,
uknl37,salv glut,hl,1,,,
uknl37,sani euro,hl,+,,,
uknl37,symp tube slat,hl,+,,,
uknl37,ulmu glab,hl,+,,,
uknl37,ulmu glab,tl2,2a,,,
uknl37,vibu opul,hl,+,,,
uknl37,viol reic,hl,+,,,
uknl38,abie alba,hl,r,,,
uknl38,acer pseu,sl,1,,,
uknl38,acer pseu,tl2,2a,,,
uknl38,aego poda,hl,+,,,
uknl38,ajug rept,hl,+,,,
uknl38,alli ursi ursi,hl,+,,,
uknl38,alnu inca,hl,r,,,
uknl38,anem nemo,hl,+,,,
uknl38,asar euro euro,hl,+,,,
uknl38,brac sylv,hl,2a,,,
uknl38,brom bene,hl,r,,,
uknl38,care alba,hl,2a,,,
uknl38,care digi,hl,+,,,
uknl38,care flac,hl,+,,,
uknl38,circ inte,hl,+,,,
uknl38,clem vita,hl,+,,,
uknl38,cory avel,sl,2b,,,
uknl38,desc cesp,hl,2a,,,
uknl38,dryo fili,hl,+,,,
uknl38,euph dulc dulc,hl,+,,,
uknl38,fagu sylv,sl,+,,,
uknl38,fagu sylv,tl2,2a,,,
uknl38,fest giga,hl,+,,,
uknl38,frax exce,hl,+,,,
uknl38,frax exce,sl,+,,,
uknl38,frax exce,tl2,1,,,
uknl38,gale mont,hl,1,,,
uknl38,gera robe,hl,r,,,
uknl38,hede heli,hl,+,,,
uknl38,hede heli,sl,1,,,
uknl38,hede heli,tl2,2a,,,
uknl38,jugl regi,hl,r,,,
uknl38,list ovat,hl,+,,,
uknl38,loni xylo,sl,r,,,
uknl38,lysi nemo,hl,+,,,
uknl38,meli nuta,hl,+,,,
uknl38,merc pere,hl,2a,,,
uknl38,oxal acet,hl,1,,,
uknl38,pice abie,tl1,4,,,
uknl38,pice abie,tl2,2a,,,
uknl38,poly acul,hl,+,,,
uknl38,pulm offi,hl,+,,,
uknl38,ranu lanu,hl,+,,,
uknl38,salv glut,hl,+,,,
uknl38,sani euro,hl,+,,,
uknl38,symp tube slat,hl,+,,,
uknl38,thal aqui,hl,r,,,
uknl38,ulmu glab,hl,+,,,
uknl38,ulmu glab,sl,+,,,
uknl38,ulmu glab,tl2,3,,,
uknl38,viol reic,hl,+,,,
uknl39,abie alba,hl,+,,,
uknl39,acer pseu,hl,+,,,
uknl39,acer pseu,sl,2a,,,
uknl39,acer pseu,tl2,2b,,,
uknl39,acon lyco vulp,hl,r,,,
uknl39,ajug rept,hl,+,,,
uknl39,alli ursi ursi,hl,1,,,
uknl39,anem nemo,hl,+,,,
uknl39,ange sylv sylv,hl,r,,,
uknl39,asar euro euro,hl,1,,,
uknl39,astr majo,hl,r,,,
uknl39,athy fili,hl,+,,,
uknl39,brac sylv,hl,1,,,
uknl39,care alba,hl,2a,,,
uknl39,care digi,hl,+,,,
uknl39,care sylv,hl,+,,,
uknl39,circ inte,hl,+,,,
uknl39,cirs oler,hl,r,,,
uknl39,cory avel,hl,+,,,
uknl39,cory avel,sl,1,,,
uknl39,daph meze,hl,+,,,
uknl39,desc cesp,hl,1,,,
uknl39,dryo borr,hl,+,,,
uknl39,dryo dila,hl,r,,,
uknl39,dryo fili,hl,+,,,
uknl39,epip hell slat,hl,r,,,
uknl39,euon euro,hl,r,,,
uknl39,euph dulc dulc,hl,r,,,
uknl39,fagu sylv,sl,+,,,
uknl39,fagu sylv,tl2,1,,,
uknl39,fran alnu,hl,r,,,
uknl39,fran alnu,sl,+,,,
uknl39,frax exce,hl,r,,,
uknl39,frax exce,sl,+,,,
uknl39,frax exce,tl2,1,,,
uknl39,gale mont,hl,1,,,
uknl39,hede heli,hl,+,,,
uknl39,list ovat,hl,+,,,
uknl39,loni alpi,hl,+,,,
uknl39,loni xylo,hl,+,,,
uknl39,matt stru,hl,r,,,
uknl39,merc pere,hl,+,,,
uknl39,neot nidu,hl,r,,,
uknl39,oxal acet,hl,2a,,,
uknl39,pari quad,hl,r,,,
uknl39,pice abie,tl1,4,,,
uknl39,pice abie,tl2,1,,,
uknl39,poly acul,hl,1,,,
uknl39,prim elat,hl,+,,,
uknl39,prun padu padu,hl,r,,,
uknl39,prun padu padu,sl,r,,,
uknl39,pulm offi,hl,+,,,
uknl39,ranu lanu,hl,+,,,
uknl39,salv glut,hl,+,,,
uknl39,sani euro,hl,+,,,
uknl39,symp tube slat,hl,+,,,
uknl39,tara sect rude,hl,r,,,
uknl39,ulmu glab,hl,+,,,
uknl39,ulmu glab,sl,3,,,
uknl39,ulmu glab,tl2,3,,,
uknl39,vibu opul,hl,+,,,
uknl39,vinc mino,hl,2a,,,
uknl39,viol reic,hl,+,,,
uknl40,abie alba,hl,+,,,
uknl40,abie alba,sl,+,,,
uknl40,acer plat,hl,r,,,
uknl40,acer pseu,hl,+,,,
uknl40,acer pseu,sl,1,,,
uknl40,acer pseu,tl1,2a,,,
uknl40,acer pseu,tl2,2a,,,
uknl40,aego poda,hl,1,,,
uknl40,alnu inca,hl,+,,,
uknl40,alnu inca,tl2,2a,,,
uknl40,anem nemo,hl,+,,,
uknl40,apos foet,hl,r,,,
uknl40,asar euro euro,hl,+,,,
uknl40,brac sylv,hl,1,,,
uknl40,camp trac,hl,r,,,
uknl40,care alba,hl,1,,,
uknl40,care digi,hl,+,,,
uknl40,care flac,hl,r,,,
uknl40,cirs oler,hl,+,,,
uknl40,corn sang sang,hl,+,,,
uknl40,cory avel,hl,r,,,
uknl40,cory avel,sl,2b,,,
uknl40,cory avel,tl2,1,,,
uknl40,daph meze,hl,r,,,
uknl40,desc cesp,hl,+,,,
uknl40,dryo dila,hl,r,,,
uknl40,dryo fili,hl,+,,,
uknl40,epip hell slat,hl,+,,,
uknl40,euon euro,hl,r,,,
uknl40,euon euro,sl,1,,,
uknl40,fagu sylv,sl,+,,,
uknl40,fagu sylv,tl1,2a,,,
uknl40,fagu sylv,tl2,3,,,
uknl40,frax exce,hl,r,,,
uknl40,frax exce,sl,r,,,
uknl40,frax exce,tl2,1,,,
uknl40,gale mont,hl,+,,,
uknl40,hede heli,hl,+,,,
uknl40,hepa nobi,hl,+,,,
uknl40,jugl regi,hl,r,,,
uknl40,list ovat,hl,+,,,
uknl40,loni xylo,hl,+,,,
uknl40,loni xylo,sl,r,,,
uknl40,matt stru,hl,1,,,
uknl40,merc pere,hl,+,,,
uknl40,pari quad,hl,r,,,
uknl40,pice abie,sl,1,,,
uknl40,pice abie,tl1,2a,,,
uknl40,prun aviu slat,hl,r,,,
uknl40,prun padu padu,hl,r,,,
uknl40,ranu lanu,hl,r,,,
uknl40,rubu caes,hl,2a,,,
uknl40,salv glut,hl,+,,,
uknl40,symp tube slat,hl,+,,,
uknl40,ulmu glab,hl,+,,,
uknl40,ulmu glab,sl,2b,,,
uknl40,ulmu glab,tl2,2a,,,
uknl40,vibu opul,hl,+,,,
uknl40,vibu opul,sl,r,,,
uknl40,vinc mino,hl,2b,,,
uknl41,agro stol,hl,2a,,,
uknl41,alnu inca,hl,1,,,
uknl41,brac sylv,hl,+,,,
uknl41,budd davi,sl,1,,,
uknl41,cala pseu,hl,1,x,det!,
uknl41,clem vita,hl,+,,,
uknl41,dact glom glom,hl,+,,,
uknl41,desc cesp,hl,+,,,
uknl41,equi arve,hl,+,,,
uknl41,erig annu slat,hl,+,,,
uknl41,fest arun arun,hl,2a,,,
uknl41,fest rubr rubr,hl,1,,,
uknl41,gali albu,hl,+,,,
uknl41,impa glan,hl,+,,,
uknl41,jugl regi,hl,r,,,
uknl41,loli pere,hl,r,,,
uknl41,lotu corn,hl,+,,,
uknl41,medi lupu,hl,+,,,
uknl41,meli albu,hl,+,,,
uknl41,oxal stri,hl,r,,,
uknl41,plan lanc,hl,+,,,
uknl41,poa annu,hl,+,,,
uknl41,ranu repe,hl,+,,,
uknl41,rosa mult,hl,r,,,
uknl41,sali alba,hl,r,,,
uknl41,sali capr,hl,+,,,
uknl41,sali elea elea,hl,2a,,,
uknl41,sali frag,hl,r,,cf.,
uknl41,sali myrs,hl,+,,,
uknl41,sali purp,hl,3,+,,
uknl41,sali tria amyg,hl,r,,,
uknl41,trif prat prat,hl,+,,,
uknl41,trif repe repe,hl,+,,,
uknl41,vici crac,hl,+,,,
uknl42,acer pseu,hl,r,,,
uknl42,agro stol,hl,1,,,
uknl42,ajug rept,hl,r,,,
uknl42,alnu inca,hl,+,,,
uknl42,brac sylv,hl,+,,,
uknl42,clem vita,hl,+,,,
uknl42,dact glom glom,hl,+,,,
uknl42,desc cesp,hl,1,,,
uknl42,elym cani,hl,+,,,
uknl42,fest arun arun,hl,1,,,
uknl42,fest nigr cens,hl,+,,,
uknl42,fest rubr rubr,hl,+,,,
uknl42,gali albu,hl,+,,,
uknl42,hier pilo ides,hl,r,,,
uknl42,leon hisp hisp,hl,+,,,
uknl42,lotu corn,hl,+,,,
uknl42,orig vulg,hl,r,,,
uknl42,phal arun,hl,r,,,
uknl42,pice abie,hl,r,,,
uknl42,ranu acri acri,hl,r,,,
uknl42,rubu caes,hl,+,,,
uknl42,sali alba,hl,r,,,
uknl42,sali capr,hl,+,,,
uknl42,sali elea elea,hl,2a,,,
uknl42,tara sect rude,hl,+,,,
uknl42,trif repe repe,hl,+,,,
uknl42,tuss farf,hl,r,,,
uknl43,abie alba,hl,r,,,
uknl43,acer plat,hl,r,,,
uknl43,acer pseu,hl,r,,,
uknl43,acer pseu,sl,+,,,
uknl43,acer pseu,tl2,1,,,
uknl43,aego poda,hl,1,,,
uknl43,ajug rept,hl,+,,,
uknl43,alnu inca,sl,1,,,
uknl43,alnu inca,tl2,2b,,,
uknl43,anem nemo,hl,+,,,
uknl43,anem ranu,hl,+,,,
uknl43,brac sylv,hl,1,,,
uknl43,cala vari,hl,r,,,
uknl43,care alba,hl,+,,,
uknl43,care digi,hl,+,,,
uknl43,carp betu,hl,+,,,
uknl43,carp betu,sl,r,,,
uknl43,clem vita,hl,+,,,
uknl43,clem vita,sl,+,,,
uknl43,clem vita,tl2,+,,,
uknl43,corn sang sang,hl,1,,,
uknl43,corn sang sang,sl,3,,,
uknl43,cory avel,hl,+,,,
uknl43,cory avel,sl,1,,,
uknl43,dact glom glom,hl,+,,,
uknl43,daph meze,hl,r,,,
uknl43,desc cesp,hl,1,,,
uknl43,dryo fili,hl,+,,,
uknl43,elym cani,hl,+,,,
uknl43,epip hell slat,hl,r,,,
uknl43,equi arve,hl,+,,,
uknl43,euph amyg amyg,hl,+,,,
uknl43,fagu sylv,hl,r,,,
uknl43,fagu sylv,sl,+,,,
uknl43,fall japo,hl,+,,,
uknl43,fili ulma,hl,+,,,
uknl43,gale mont,hl,+,,,
uknl43,gera phae slat,hl,r,,,
uknl43,geum urba,hl,r,,,
uknl43,hede heli,hl,+,,,
uknl43,hepa nobi,hl,+,,,
uknl43,knau maxi,hl,+,,,
uknl43,lari deci deci,hl,r,,,
uknl43,ligu vulg,hl,+,,,
uknl43,loni xylo,hl,+,,,
uknl43,loni xylo,sl,1,,,
uknl43,luzu sylv sylv,hl,r,,,
uknl43,lysi nemo,hl,+,,,
uknl43,lysi numm,hl,+,,,
uknl43,meli nuta,hl,+,,,
uknl43,merc pere,hl,+,,,
uknl43,phyt spic spic,hl,+,,,
uknl43,pice abie,hl,+,,,
uknl43,pice abie,sl,+,,,
uknl43,poly acul,hl,+,,,
uknl43,poly mult,hl,r,,,
uknl43,pote rept,hl,r,,,
uknl43,prim elat,hl,+,,,
uknl43,prun padu padu,hl,+,,,
uknl43,prun padu padu,sl,2a,,,
uknl43,ranu acri acri,hl,r,,,
uknl43,rubu caes,hl,5,,,
uknl43,sali alba,hl,r,,,
uknl43,sali alba,tl2,2a,,,
uknl43,sali elea elea,sl,2b,,,
uknl43,sali elea elea,tl2,4,,,
uknl43,sali myrs,sl,r,,,
uknl43,sali purp,hl,r,,,
uknl43,sali purp,sl,1,,,
uknl43,salv glut,hl,+,,,
uknl43,samb nigr,sl,+,,,
uknl43,scro nodo,hl,r,,,
uknl43,soli giga,hl,1,,,
uknl43,sorb aucu aucu,hl,r,,,
uknl43,sorb aucu aucu,sl,+,,,
uknl43,tara sect rude,hl,+,,,
uknl43,trif prat prat,hl,+,,,
uknl43,vale offi tenu,hl,+,,,
uknl43,vibu lant,hl,+,,,
uknl43,vibu lant,sl,2a,,,
uknl43,viol reic,hl,+,,,
uknl44,acer plat,hl,r,,,
uknl44,acer pseu,hl,+,,,
uknl44,acer pseu,sl,2a,,,
uknl44,acer pseu,tl2,2a,,,
uknl44,aego poda,hl,+,,,
uknl44,ajug rept,hl,+,,,
uknl44,alli ursi ursi,hl,+,,,
uknl44,alnu inca,hl,+,,,
uknl44,alnu inca,sl,1,,,
uknl44,alnu inca,tl2,2b,,,
uknl44,anem nemo,hl,+,,,
uknl44,asar euro euro,hl,+,,,
uknl44,brac sylv,hl,1,,,
uknl44,care alba,hl,+,,,
uknl44,care digi,hl,+,,,
uknl44,clem vita,hl,+,,,
uknl44,clem vita,sl,+,,,
uknl44,corn sang sang,hl,+,,,
uknl44,corn sang sang,sl,3,,,
uknl44,cory avel,hl,+,,,
uknl44,cory avel,sl,2b,,,
uknl44,desc cesp,hl,+,,,
uknl44,equi arve,hl,+,,,
uknl44,euph dulc dulc,hl,r,,,
uknl44,fili ulma,hl,+,,,
uknl44,frax exce,hl,r,,,
uknl44,frax exce,tl1,2a,,,
uknl44,frax exce,tl2,1,,,
uknl44,gale mont,hl,2b,,,
uknl44,hede heli,hl,+,,,
uknl44,hepa nobi,hl,+,,,
uknl44,loni alpi,hl,r,,,
uknl44,loni xylo,hl,r,,,
uknl44,loni xylo,sl,1,,,
uknl44,lysi nemo,hl,r,,,
uknl44,matt stru,hl,1,,,
uknl44,merc pere,hl,+,,,
uknl44,pari quad,hl,+,,,
uknl44,pice abie,sl,1,,,
uknl44,pice abie,tl2,1,,,
uknl44,poly acul,hl,r,,,
uknl44,poly mult,hl,+,,,
uknl44,prim elat,hl,+,,,
uknl44,prun padu padu,hl,+,,,
uknl44,prun padu padu,sl,2a,,,
uknl44,rubu caes,hl,4,,,
uknl44,symp tube slat,hl,+,,,
uknl44,ulmu glab,hl,r,,,
uknl44,ulmu glab,sl,2a,,,
uknl44,ulmu glab,tl2,2b,,,
uknl44,vibu lant,hl,+,,,
uknl44,vibu opul,hl,+,,,
uknl44,vibu opul,sl,r,,,
uknl44,vinc mino,hl,+,,,
uknl44,viol reic,hl,+,,,
uknl45,acer pseu,sl,1,,,
uknl45,acer pseu,tl1,4,,,
uknl45,acer pseu,tl2,1,,,
uknl45,aego poda,hl,1,,,
uknl45,alli ursi ursi,hl,1,,,
uknl45,alnu inca,hl,+,,,
uknl45,alnu inca,sl,r,,,
uknl45,anem nemo,hl,+,,,
uknl45,asar euro euro,hl,+,,,
uknl45,brac sylv,hl,1,,,
uknl45,carp betu,hl,r,,,
uknl45,carp betu,tl2,2a,,,
uknl45,circ lute lute,hl,+,,,
uknl45,corn sang sang,hl,r,,,
uknl45,corn sang sang,sl,1,,,
uknl45,cory avel,hl,1,,,
uknl45,cory avel,sl,1,,,
uknl45,daph meze,hl,r,,,
uknl45,desc cesp,hl,+,,,
uknl45,dryo fili,hl,r,,,
uknl45,fili ulma,hl,+,,,
uknl45,frax exce,hl,r,,,
uknl45,frax exce,tl1,2b,,,
uknl45,gale mont,hl,2a,,,
uknl45,gale psis spec ies,hl,r,,,
uknl45,impa glan,hl,r,,,
uknl45,merc pere,hl,+,,,
uknl45,pari quad,hl,+,,,
uknl45,prun padu padu,hl,+,,,
uknl45,prun padu padu,sl,+,,,
uknl45,prun padu padu,tl2,1,,,
uknl45,pulm offi,hl,+,,,
uknl45,rubu caes,hl,3,,,
uknl45,ulmu glab,hl,r,,,
uknl45,ulmu glab,sl,2b,,,
uknl45,ulmu glab,tl2,2a,,,
uknl45,vibu opul,hl,+,,,
uknl45,vinc mino,hl,2b,,,
uknl46,agro stol,hl,1,,,
uknl46,alnu inca,hl,+,,,
uknl46,alnu inca,sl,1,,,
uknl46,brac sylv,hl,+,,,
uknl46,cala epig,hl,+,,,
uknl46,cent jace jace,hl,+,,,
uknl46,clem vita,hl,+,,,
uknl46,cyno cris,hl,r,,,
uknl46,dact glom glom,hl,+,,,
uknl46,desc cesp,hl,1,,,
uknl46,equi arve,hl,+,,,
uknl46,fest arun arun,hl,2a,,,
uknl46,fest nigr cens,hl,+,,,
uknl46,gali albu,hl,+,,,
uknl46,hype perf,hl,r,,,
uknl46,leon hisp hisp,hl,+,,,
uknl46,leuc ircu,hl,r,,,
uknl46,lotu corn,hl,1,,,
uknl46,medi lupu,hl,+,,,
uknl46,meli albu,hl,+,,,
uknl46,ment aqua,hl,r,,,
uknl46,moli arun,hl,r,,,
uknl46,phal arun,hl,r,,,
uknl46,plan majo slat,hl,+,,,
uknl46,poa prat,hl,r,,,
uknl46,ranu acri acri,hl,+,,,
uknl46,ranu repe,hl,1,,,
uknl46,rume acet osa,hl,r,,,
uknl46,sali capr,hl,+,,,
uknl46,sali elea elea,hl,3,,,
uknl46,sali elea elea,sl,1,,,
uknl46,sali purp,hl,+,,,
uknl46,sali tria amyg,hl,+,,,
uknl46,soli cana,hl,r,,,
uknl46,tara sect rude,hl,+,,,
uknl46,trif prat prat,hl,+,,,
uknl46,trif repe repe,hl,1,,,
uknl46,vici crac,hl,r,,,
uknl47,aego poda,hl,+,,,
uknl47,agro stol,hl,1,,,
uknl47,alch spec ies,hl,r,,,
uknl47,brac sylv,hl,1,,,
uknl47,care sylv,hl,+,,,
uknl47,cirs oler,hl,1,,,
uknl47,cyno cris,hl,+,,,
uknl47,dact glom glom,hl,+,,,
uknl47,desc cesp,hl,2a,,,
uknl47,elyt repe,hl,+,,,
uknl47,epil parv,hl,+,,,
uknl47,equi arve,hl,+,,,
uknl47,euph stri cta,hl,r,,,
uknl47,fest arun arun,hl,2b,,,
uknl47,fest giga,hl,+,,,
uknl47,fest rubr rubr,hl,r,,,
uknl47,fili ulma,hl,+,,,
uknl47,gale psis spec ies,hl,r,,,
uknl47,gali albu,hl,+,,,
uknl47,hype perf,hl,+,,,
uknl47,impa glan,hl,r,,,
uknl47,lotu corn,hl,+,,,
uknl47,lysi numm,hl,+,,,
uknl47,ment aqua,hl,+,,,
uknl47,ment long,hl,2a,,,
uknl47,ment vert,hl,+,,,
uknl47,moli arun,hl,r,,,
uknl47,myos scor scor,hl,r,,,
uknl47,phal arun,hl,+,,,
uknl47,plan lanc,hl,+,,,
uknl47,plan majo slat,hl,+,,,
uknl47,prun vulg,hl,+,,,
uknl47,ranu acri acri,hl,r,,,
uknl47,ranu repe,hl,+,,,
uknl47,rubu caes,hl,+,,,
uknl47,sali capr,sl,+,,,
uknl47,sali elea elea,hl,2b,,,
uknl47,sali elea elea,sl,5,,,
uknl47,sali purp,hl,+,,,
uknl47,sali purp,sl,1,,,
uknl47,sali tria amyg,sl,1,,,
uknl47,scir sylv,hl,+,,,
uknl47,stac sylv,hl,+,,,
uknl47,tara sect rude,hl,+,,,
uknl47,trif prat prat,hl,+,,,
uknl47,trif repe repe,hl,+,,,
uknl47,tuss farf,hl,1,,,
uknl47,vale offi slat,hl,r,,,
uknl47,verb offi,hl,+,,,
uknl47,vero becc,hl,r,,,
