plot,abbr,layer,cover,voucher,comment,history
wa01,abie alba,hl,r,,,
wa01,acer pseu,hl,+,,,
wa01,acer pseu,sl,2a,,,
wa01,acer pseu,tl1,4,,,
wa01,acer pseu,tl2,3,,,
wa01,acta spic,hl,+,,,
wa01,ajug rept,hl,+,,,
wa01,alnu inca,hl,r,,,
wa01,alnu inca,sl,r,,,
wa01,alnu inca,tl1,2a,,,
wa01,aspl tric quad,hl,r,,,
wa01,brac sylv,hl,+,,,
wa01,camp trac,hl,+,,,
wa01,card trif,hl,1,,,
wa01,care sylv,hl,+,,,
wa01,clin vulg vulg,hl,r,,,
wa01,cory avel,hl,+,,,
wa01,cory avel,sl,2a,,,
wa01,cyst frag,hl,r,,,
wa01,daph meze,hl,r,,,
wa01,desc cesp,hl,1,,,
wa01,dryo cart,hl,r,,,
wa01,dryo fili,hl,2b,,,
wa01,epil mont,hl,r,,,
wa01,equi arve,hl,+,,,
wa01,frax exce,hl,2a,,,
wa01,frax exce,sl,+,,,
wa01,frax exce,tl1,1,,,
wa01,gale mont,hl,1,,,
wa01,gera robe,hl,1,,,
wa01,geum riva,hl,r,,,
wa01,glec hede,hl,r,,,
wa01,impa noli,hl,+,,,
wa01,impa parv,hl,+,,,
wa01,merc pere,hl,3,,,
wa01,oxal acet,hl,1,,,
wa01,pari quad,hl,+,,,
wa01,phyt spic spic,hl,+,,,
wa01,pice abie,hl,r,,,
wa01,pice abie,tl1,1,,,
wa01,pice abie,tl2,2a,,,
wa01,plag nium undu,ml,2b,,,
wa01,poa nemo,hl,+,,,
wa01,poly acul,hl,1,,,
wa01,poly vert,hl,+,,,
wa01,prim elat,hl,+,,,
wa01,prun padu padu,hl,2a,,,
wa01,prun padu padu,sl,2a,,,
wa01,prun padu padu,tl2,1,,,
wa01,pulm offi,hl,+,,,
wa01,ribe rubr,hl,r,,,
wa01,rubu caes,hl,1,,,
wa01,rubu idae,hl,+,,,
wa01,samb nigr,hl,+,,,
wa01,samb nigr,sl,1,,,
wa01,sene ovat ovat,hl,r,,,
wa01,sorb aucu aucu,hl,r,,,
wa01,sorb aucu aucu,sl,r,,,
wa01,stac sylv,hl,1,,,
wa01,tara sect rude,hl,r,,,
wa01,vero mont,hl,r,,,
wa01,vibu opul,hl,+,,,
wa01,vibu opul,sl,1,,,
wa01,viol reic,hl,r,,,
wa02,acer pseu,hl,+,,,
wa02,ajug rept,hl,+,,,
wa02,alnu inca,hl,r,,,
wa02,aneu ping,ml,r,,,
wa02,call cusp,ml,3,,,
wa02,calt palu,hl,+,,,
wa02,camp stel,ml,+,,,
wa02,care flac,hl,2b,,,
wa02,care flav flav,hl,2a,,,
wa02,cirs oler,hl,1,,,
wa02,desc cesp,hl,1,,,
wa02,equi arve,hl,2a,,,
wa02,equi palu,hl,+,,,
wa02,fili ulma,hl,+,,,
wa02,fiss adia,ml,+,,,
wa02,frax exce,hl,+,,,
wa02,gali albu,hl,+,,,
wa02,gera robe,hl,+,,,
wa02,geum riva,hl,+,,,
wa02,glyc nota,hl,r,,,
wa02,junc alpi alpi,hl,+,,,
wa02,junc effu,hl,1,,,
wa02,junc infl,hl,+,,,
wa02,lysi nemo,hl,1,,,
wa02,palu comm falc,ml,3,,,
wa02,prim elat,hl,+,,,
wa02,rhiz punc,ml,+,,,
wa02,rubu caes,hl,1,,,
wa02,sali myrs,hl,r,,,
wa02,scir sylv,hl,2a,,,
wa02,stac sylv,hl,r,,,
wa02,tuss farf,hl,r,,,
wa02,vale dioi dioi,hl,2b,,,
wa02,vale offi aggr,hl,+,,,
wa03,abie alba,hl,r,,,
wa03,abie alba,sl,r,,,
wa03,abie alba,tl2,r,,,
wa03,acer plat,hl,r,,,
wa03,acer plat,sl,r,,,
wa03,acer pseu,hl,+,,,
wa03,acer pseu,sl,3,,,
wa03,acer pseu,tl1,2a,,,
wa03,acer pseu,tl2,3,,,
wa03,ajug rept,hl,1,,,
wa03,alnu inca,hl,+,,,
wa03,alnu inca,sl,1,,,
wa03,alnu inca,tl2,2a,,,
wa03,brac sylv,hl,1,,,
wa03,calt palu,hl,+,,,
wa03,camp trac,hl,+,,,
wa03,care sylv,hl,1,,,
wa03,cono coni,ml,+,,,
wa03,cory avel,hl,+,,,
wa03,cory avel,sl,2a,,,
wa03,cten moll slat,ml,r,,,
wa03,daph meze,hl,+,,,
wa03,desc cesp,hl,1,,,
wa03,dryo cart,hl,+,,,
wa03,dryo fili,hl,2a,,,
wa03,equi arve,hl,1,,,
wa03,euon euro,hl,r,,,
wa03,euon euro,sl,1,,,
wa03,eurh stri,ml,2a,,,
wa03,fagu sylv,hl,r,,,
wa03,fest giga,hl,r,,,
wa03,fili ulma,hl,+,,,
wa03,fiss taxi,ml,+,,,
wa03,frax exce,hl,1,,,
wa03,frax exce,sl,+,,,
wa03,frax exce,tl1,2b,,,
wa03,frax exce,tl2,2a,,,
wa03,gale pube pube,hl,r,,,
wa03,gera robe,hl,1,,,
wa03,geum riva,hl,r,,,
wa03,geum urba,hl,r,,,
wa03,impa noli,hl,+,,,
wa03,lysi nemo,hl,+,,,
wa03,malu dome,tl2,r,,,
wa03,merc pere,hl,+,,,
wa03,oxal acet,hl,1,,,
wa03,pari quad,hl,+,,,
wa03,phyt spic spic,hl,+,,,
wa03,pice abie,sl,1,,,
wa03,pice abie,tl1,2a,,,
wa03,pice abie,tl2,1,,,
wa03,plag affi,ml,+,,,
wa03,plag nium undu,ml,2b,,,
wa03,poly acul,hl,2a,,,
wa03,poly lonc,hl,r,,,
wa03,prim elat,hl,+,,,
wa03,prun padu padu,hl,2a,,,
wa03,prun padu padu,sl,2b,,,
wa03,pulm offi,hl,+,,,
wa03,ribe rubr,hl,r,,,
wa03,rubu caes,hl,2b,,,
wa03,salv glut,hl,1,,,
wa03,samb nigr,hl,r,,,
wa03,samb nigr,sl,1,,,
wa03,sene ovat ovat,hl,+,,,
wa03,sorb aucu aucu,hl,+,,,
wa03,sorb aucu aucu,sl,+,,,
wa03,stac sylv,hl,+,,,
wa03,vale dioi dioi,hl,1,,,
wa03,vibu opul,hl,1,,,
wa03,vibu opul,sl,1,,,
wa03,viol bifl,hl,+,,,
wa03,viol reic,hl,+,,,
wa04,acer pseu,hl,+,,,
wa04,ajug rept,hl,+,,,
wa04,aneu ping,ml,r,,,
wa04,brac sylv,hl,r,,,
wa04,call cusp,ml,1,,,
wa04,care flac,hl,1,,,
wa04,care flav flav,hl,2a,,,
wa04,care sylv,hl,1,,,
wa04,desc cesp,hl,2a,,,
wa04,elym cani,hl,r,,,
wa04,equi arve,hl,3,,,
wa04,eurh stri,ml,+,,,
wa04,frax exce,hl,r,,,
wa04,geum riva,hl,+,,,
wa04,lysi nemo,hl,1,,,
wa04,palu comm falc,ml,4,,,
wa04,palu comm comm,ml,+,,,
wa04,phle prat,hl,r,,,
wa04,poly acul,hl,r,,,
wa04,prim elat,hl,+,,,
wa04,prun padu padu,hl,r,,,
wa04,rubu caes,hl,+,,,
wa04,sali myrs,sl,r,,,
wa04,tuss farf,hl,2a,,,
wa04,vale dioi dioi,hl,2a,,,
wa04,vale offi aggr,hl,r,,,
wa05,acer plat,hl,r,,,
wa05,acer plat,sl,+,,,
wa05,acer plat,tl2,1,,,
wa05,acer pseu,hl,+,,,
wa05,acer pseu,sl,1,,,
wa05,acer pseu,tl2,2b,,,
wa05,ajug rept,hl,1,,,
wa05,alnu inca,hl,+,,,
wa05,alnu inca,sl,1,,,
wa05,alnu inca,tl2,2a,,,
wa05,athy fili,hl,2a,,,
wa05,betu pend,sl,r,,,
wa05,betu pend,tl2,1,,,
wa05,camp trac,hl,+,,,
wa05,card hirs,hl,r,,C. flexuosa?,
wa05,care briz,hl,+,,,
wa05,care flac,hl,+,,,
wa05,care sylv,hl,1,,,
wa05,carp betu,hl,r,,,
wa05,chae hirs,hl,+,,,
wa05,cirs oler,hl,+,,,
wa05,cirs palu,hl,r,,,
wa05,corn alba,hl,+,,,
wa05,corn alba,sl,1,,,
wa05,cory avel,sl,2a,,,
wa05,desc cesp,hl,+,,,
wa05,dryo dila,hl,+,,,
wa05,dryo fili,hl,2b,,,
wa05,epil mont,hl,r,,,
wa05,eurh stri,ml,2b,,,
wa05,frag vesc,hl,+,,,
wa05,frax exce,hl,2a,,,
wa05,frax exce,sl,1,,,
wa05,frax exce,tl2,2a,,,
wa05,gale pube pube,hl,r,,,
wa05,gera robe,hl,2a,,,
wa05,geum riva,hl,+,,,
wa05,impa parv,hl,+,,,
wa05,oxal acet,hl,1,,,
wa05,peta albu,hl,r,,,
wa05,pice abie,hl,+,,,
wa05,pice abie,sl,r,,,
wa05,plag nium undu,ml,+,,,
wa05,prim elat,hl,+,,,
wa05,prun aviu slat,hl,r,,,
wa05,prun aviu slat,sl,r,,,
wa05,prun aviu slat,tl2,1,,,
wa05,prun padu padu,hl,+,,,
wa05,rhyt triq,ml,+,,,
wa05,ribe rubr,hl,r,,,
wa05,rosa tome,sl,r,,,
wa05,rubu caes,hl,+,,,
wa05,rubu idae,hl,2a,,,
wa05,sali capr,sl,2a,,,
wa05,sali capr,tl2,3,,,
wa05,sali myrs,sl,1,,,
wa05,salv glut,hl,+,,,
wa05,samb nigr,hl,r,,,
wa05,samb race,hl,r,,,
wa05,samb race,sl,2a,,,
wa05,scir sylv,hl,r,,,
wa05,sola dulc,hl,r,,,
wa05,sorb aucu aucu,hl,+,,,
wa05,sorb aucu aucu,sl,1,,,
wa05,sorb aucu aucu,tl2,2a,,,
wa05,ulmu glab,hl,r,,,
wa05,ulmu glab,sl,r,,,
wa05,ulmu glab,tl2,1,,,
wa05,urti dioi dioi,hl,2a,,,
wa05,vale offi aggr,hl,+,,,
wa05,vero mont,hl,+,,,
wa05,vibu opul,hl,+,,,
wa05,vibu opul,sl,1,,,
wa06,acer pseu,hl,+,,,
wa06,acer pseu,sl,1,,,
wa06,ajug rept,hl,1,,,
wa06,alnu inca,hl,+,,,
wa06,alnu inca,sl,2a,,,
wa06,alnu inca,tl2,2a,,,
wa06,arun dioi,hl,r,,,
wa06,athy fili,hl,2a,,,
wa06,betu pend,hl,+,,,
wa06,betu pend,sl,2a,,,
wa06,camp patu patu,hl,r,,,
wa06,camp trac,hl,r,,,
wa06,card hirs,hl,+,,C. flexuosa?,
wa06,card trif,hl,2a,,,
wa06,care briz,hl,+,,,
wa06,care flac,hl,+,,,
wa06,care sylv,hl,1,,,
wa06,cirs oler,hl,+,,,
wa06,corn alba,sl,1,,,
wa06,cory avel,sl,2a,,,
wa06,desc cesp,hl,1,,,
wa06,dryo cart,hl,+,,,
wa06,dryo dila,hl,2a,,,
wa06,dryo fili,hl,1,,,
wa06,epil mont,hl,+,,,
wa06,eurh stri,ml,2a,,,
wa06,frag vesc,hl,1,,,
wa06,frax exce,hl,1,,,
wa06,gale pube pube,hl,+,,,
wa06,gali albu,hl,r,,,
wa06,gera robe,hl,1,,,
wa06,geum riva,hl,r,,,
wa06,hype macu,hl,r,,,
wa06,luzu sylv sylv,hl,+,,,
wa06,lysi nemo,hl,+,,,
wa06,pers bist,hl,r,,,
wa06,pice abie,hl,+,,,
wa06,plag nium undu,ml,1,,,
wa06,prim elat,hl,+,,,
wa06,prun padu padu,hl,+,,,
wa06,ranu acri acri,hl,+,,,
wa06,ribe rubr,hl,r,,,
wa06,ribe rubr,sl,r,,,
wa06,rubu caes,hl,+,,,
wa06,rubu idae,hl,2b,,,
wa06,rume acet osa,hl,r,,,
wa06,sali capr,hl,1,,,
wa06,sali capr,sl,3,,,
wa06,sali capr,tl2,2a,,,
wa06,sali myrs,hl,1,,,
wa06,sali myrs,sl,3,,,
wa06,samb race,sl,2a,,,
wa06,sola dulc,hl,r,,,
wa06,sorb aucu aucu,hl,+,,,
wa06,sorb aucu aucu,sl,1,,,
wa06,tara sect rude,hl,+,,,
wa06,vero mont,hl,+,,,
wa07,acer pseu,hl,1,,,
wa07,acer pseu,sl,3,,,
wa07,acer pseu,tl1,2b,,,
wa07,ajug rept,hl,1,,,
wa07,alnu inca,hl,+,,,
wa07,alnu inca,sl,2a,,,
wa07,arun dioi,hl,+,,,
wa07,athy fili,hl,1,,,
wa07,brac sylv,hl,+,,,
wa07,care flac,hl,+,,,
wa07,care sylv,hl,1,,,
wa07,cory avel,hl,+,,,
wa07,cory avel,sl,2a,,,
wa07,desc cesp,hl,2a,,,
wa07,dryo fili,hl,2a,,,
wa07,equi arve,hl,+,,,
wa07,eurh stri,ml,2a,,,
wa07,fili ulma,hl,+,,,
wa07,frag vesc,hl,1,,,
wa07,frax exce,hl,1,,,
wa07,frax exce,sl,1,,,
wa07,frax exce,tl1,1,,,
wa07,frax exce,tl2,+,,,
wa07,gali albu,hl,r,,,
wa07,gera robe,hl,1,,,
wa07,geum riva,hl,r,,,
wa07,hype macu,hl,r,,,
wa07,impa parv,hl,+,,,
wa07,lysi nemo,hl,+,,,
wa07,pari quad,hl,+,,,
wa07,pice abie,hl,+,,,
wa07,pice abie,sl,1,,,
wa07,pice abie,tl2,1,,,
wa07,plag affi,ml,+,,,
wa07,plag nium undu,ml,1,,,
wa07,poly acul,hl,1,,,
wa07,prim elat,hl,+,,,
wa07,prun padu padu,hl,2a,,,
wa07,prun padu padu,sl,1,,,
wa07,rubu caes,hl,3,,,
wa07,rubu idae,hl,2a,,,
wa07,sali capr,sl,2b,,,
wa07,sali myrs,sl,2a,,,
wa07,samb race,hl,+,,,
wa07,samb race,sl,2a,,,
wa07,sorb aucu aucu,hl,+,,,
wa07,sorb aucu aucu,sl,1,,,
wa07,vale dioi dioi,hl,+,,,
wa07,vale offi aggr,hl,+,,,
wa07,vibu opul,hl,1,,,
wa07,vibu opul,sl,2a,,,
wa08,ajug rept,hl,+,,,
wa08,alch spec ies,hl,r,Beleg Roli,,
wa08,alnu inca,sl,+,,,
wa08,aneu ping,ml,r,,,
wa08,call cusp,ml,4,,,
wa08,calt palu,hl,+,,,
wa08,care flac,hl,+,,,
wa08,care pani pani,hl,+,,,
wa08,desc cesp,hl,1,,,
wa08,epil parv,hl,+,,,
wa08,epil rose,hl,+,,,
wa08,equi arve,hl,2a,,,
wa08,fili ulma,hl,1,,,
wa08,gale pube pube,hl,r,,,
wa08,gali albu,hl,+,,,
wa08,gera robe,hl,+,,,
wa08,geum riva,hl,+,,,
wa08,glyc nota,hl,r,,,
wa08,junc alpi alpi,hl,+,,,
wa08,junc arti,hl,+,,,
wa08,junc effu,hl,1,,,
wa08,junc infl,hl,2b,,,
wa08,marc poly poly,ml,+,,,
wa08,ment long,hl,+,,,
wa08,palu comm falc,ml,2b,,,
wa08,pell spec ies,ml,+,,lunu cruc,
wa08,pote anse anse,hl,r,,,
wa08,rubu caes,hl,1,,,
wa08,sali daph daph,sl,2a,,,
wa08,sali myrs,sl,1,,,
wa08,sali purp,hl,+,,,
wa08,scir sylv,hl,4,,,
wa08,vale dioi dioi,hl,2a,,,
wa08,vale offi aggr,hl,1,,,
wa08,vibu opul,sl,r,,,
wa09,alnu inca,sl,r,,,
wa09,call cusp,ml,4,,,
wa09,care flac,hl,+,,,
wa09,care flav flav,hl,1,,,
wa09,care pani pani,hl,2a,,,
wa09,care remo remo,hl,+,,,
wa09,desc cesp,hl,+,,,
wa09,epil mont,hl,+,,,
wa09,epil rose,hl,+,,,
wa09,equi arve,hl,3,,,
wa09,fili ulma,hl,1,,,
wa09,gali albu,hl,+,,,
wa09,gera robe,hl,+,,,
wa09,geum riva,hl,+,,,
wa09,glyc nota,hl,+,,,
wa09,impa parv,hl,+,,,
wa09,junc effu,hl,1,,,
wa09,junc infl,hl,+,,,
wa09,lysi nemo,hl,+,,,
wa09,palu comm falc,ml,3,,,
wa09,prim elat,hl,+,,,
wa09,prun padu padu,sl,r,,,
wa09,rubu caes,hl,2a,,,
wa09,scir sylv,hl,r,,,
wa09,vale dioi dioi,hl,2b,,,
wa09,vale offi aggr,hl,1,,,
