"plot";"abbr";"layer";"cov";"scale";"history"
"gm10a";"pice abie";"hl";"1";"";""
"gm10a";"acer pseu";"hl";"r";"";""
"gm10a";"frax exce";"hl";"r";"";""
"gm10a";"gali rotu";"hl";"r";"";""
"gm10a";"lact mura";"hl";"r";"";" | Changed myce mura To lact mura 2012-11-27 01:00:27"
"gm10a";"oxal acet";"hl";"+";"";""
"gm10a";"samb nigr";"hl";"r";"";""
"gm10a";"lari deci deci";"tl";"+";"";""
"gm10a";"pice abie";"tl";"5";"";""
"gm10b";"anem nemo";"hl";"1";"";""
"gm10b";"athy fili";"hl";"+";"";""
"gm10b";"aven flex flex";"hl";"1";"";""
"gm10b";"cala vill";"hl";"2a";"";""
"gm10b";"care sylv";"hl";"+";"";""
"gm10b";"dryo cart";"hl";"+";"";""
"gm10b";"dryo dila";"hl";"1";"";""
"gm10b";"dryo fili";"hl";"+";"";""
"gm10b";"fagu sylv";"hl";"+";"";""
"gm10b";"hier muro";"hl";"+";"";" | Changed hier sylv To hier muro 2012-11-27 01:00:27"
"gm10b";"luzu luzu ides";"hl";"+";"";" | Changed luzu luzuo To luzu luzu ides 2012-11-27 01:00:27"
"gm10b";"maia bifo";"hl";"2a";"";""
"gm10b";"meli nuta";"hl";"+";"";""
"gm10b";"phyt spic spic";"hl";"+";"";""
"gm10b";"pote erec";"hl";"+";"";""
"gm10b";"sold mont";"hl";"1";"";""
"gm10b";"soli virg virg";"hl";"+";"";" | Changed soli virg To soli virg virg 2012-11-27 01:00:27"
"gm10b";"thel limb";"hl";"1";"";""
"gm10b";"vacc myrt";"hl";"1";"";""
"gm10b";"vero cham cham";"hl";"+";"";" | Changed vero cham To vero cham cham 2012-11-27 01:00:27"
"gm10b";"fran alnu";"sl";"+";"";""
"gm10b";"pice abie";"sl";"2a";"";""
"gm10b";"fagu sylv";"tl";"2a";"";""
"gm10b";"pice abie";"tl";"3";"";""
"gm10c";"acer pseu";"hl";"+";"";""
"gm10c";"care sylv";"hl";"+";"";""
"gm10c";"dryo dila";"hl";"1";"";""
"gm10c";"frax exce";"hl";"1";"";""
"gm10c";"gali odor";"hl";"+";"";""
"gm10c";"ilex aqui";"hl";"+";"";""
"gm10c";"jugl regi";"hl";"+";"";""
"gm10c";"luzu luzu ides";"hl";"+";"";" | Changed luzu luzuo To luzu luzu ides 2012-11-27 01:00:27"
"gm10c";"lact mura";"hl";"1";"";" | Changed myce mura To lact mura 2012-11-27 01:00:27"
"gm10c";"oxal acet";"hl";"4";"";""
"gm10c";"pren purp";"hl";"+";"";""
"gm10c";"samb nigr";"hl";"1";"";""
"gm10c";"sene ovat ovat";"hl";"+";"";" | Changed sene fuch To sene ovat ovat 2012-11-27 01:00:27"
"gm10c";"sorb aucu aucu";"hl";"+";"";" | Changed sorb aucu To sorb aucu aucu 2012-11-27 01:00:27"
"gm10c";"pice abie";"tl";"5";"";""
"gm10d";"acer pseu";"hl";"+";"";""
"gm10d";"care sylv";"hl";"+";"";""
"gm10d";"fagu sylv";"hl";"+";"";""
"gm10d";"gera robe";"hl";"r";"";""
"gm10d";"oxal acet";"hl";"+";"";""
"gm10d";"fagu sylv";"tl";"1";"";""
"gm10d";"pice abie";"tl";"5";"";""
"gm11a";"acer pseu";"hl";"1";"";""
"gm11a";"ajug rept";"hl";"+";"";""
"gm11a";"alli ursi ursi";"hl";"1";"";" | Changed alli ursi To alli ursi ursi 2012-11-27 01:00:27"
"gm11a";"anem nemo";"hl";"+";"";""
"gm11a";"calt palu";"hl";"+";"";""
"gm11a";"care briz";"hl";"5";"";""
"gm11a";"chae hirs";"hl";"+";"";""
"gm11a";"circ lute lute";"hl";"1";"";" | Changed circ lute To circ lute lute 2012-11-27 01:00:27"
"gm11a";"equi arve";"hl";"1";"";""
"gm11a";"fagu sylv";"hl";"1";"";""
"gm11a";"frax exce";"hl";"3";"";""
"gm11a";"gale mont";"hl";"1";"";""
"gm11a";"gali apar";"hl";"+";"";""
"gm11a";"gali odor";"hl";"+";"";""
"gm11a";"impa noli";"hl";"1";"";""
"gm11a";"knau maxi";"hl";"+";"";" | Changed knau dips To knau maxi 2012-11-27 01:00:27"
"gm11a";"luzu luzu ides";"hl";"+";"";" | Changed luzu luzuo To luzu luzu ides 2012-11-27 01:00:27"
"gm11a";"prim elat";"hl";"1";"";""
"gm11a";"prun padu padu";"hl";"+";"";" | Changed prun padu To prun padu padu 2012-11-27 01:00:27"
"gm11a";"pulm offi";"hl";"+";"";""
"gm11a";"rubu idae";"hl";"+";"";""
"gm11a";"sani euro";"hl";"+";"";""
"gm11a";"sene ovat ovat";"hl";"+";"";" | Changed sene fuch To sene ovat ovat 2012-11-27 01:00:27"
"gm11a";"stac sylv";"hl";"1";"";""
"gm11a";"urti dioi dioi";"hl";"1";"";" | Changed urti dioi To urti dioi dioi 2012-11-27 01:00:27"
"gm11a";"popu trem";"tl";"5";"";""
"gm12a";"abie alba";"hl";"+";"";""
"gm12a";"acer pseu";"hl";"+";"";""
"gm12a";"ajug rept";"hl";"+";"";""
"gm12a";"anem nemo";"hl";"+";"";""
"gm12a";"athy fili";"hl";"+";"";""
"gm12a";"betu pend";"hl";"+";"";""
"gm12a";"care sylv";"hl";"1";"";""
"gm12a";"circ lute lute";"hl";"+";"";" | Changed circ lute To circ lute lute 2012-11-27 01:00:27"
"gm12a";"dryo fili";"hl";"1";"";""
"gm12a";"fagu sylv";"hl";"1";"";""
"gm12a";"frax exce";"hl";"2a";"";""
"gm12a";"gale mont";"hl";"1";"";""
"gm12a";"gali odor";"hl";"2a";"";""
"gm12a";"jugl regi";"hl";"r";"";""
"gm12a";"luzu luzu ides";"hl";"1";"";" | Changed luzu luzuo To luzu luzu ides 2012-11-27 01:00:27"
"gm12a";"meli nuta";"hl";"+";"";""
"gm12a";"oxal acet";"hl";"1";"";""
"gm12a";"phyt spic spic";"hl";"+";"";""
"gm12a";"popu trem";"hl";"+";"";""
"gm12a";"pren purp";"hl";"+";"";""
"gm12a";"prim elat";"hl";"+";"";""
"gm12a";"rubu sect rubu";"hl";"+";"";" | Changed rubu frut To rubu sect rubu 2012-11-27 01:00:27"
"gm12a";"abie alba";"sl";"+";"";""
"gm12a";"fagu sylv";"sl";"1";"";""
"gm12a";"abie alba";"tl";"1";"";""
"gm12a";"fagu sylv";"tl";"5";"";""
"gm12a";"pice abie";"tl";"1";"";""
"gm15a";"acer pseu";"hl";"+";"";""
"gm15a";"card bulb";"hl";"+";"";" | Changed dent bulb To card bulb 2012-11-27 01:00:27"
"gm15a";"fagu sylv";"hl";"1";"";""
"gm15a";"frax exce";"hl";"+";"";""
"gm15a";"ulmu glab";"hl";"+";"";""
"gm15a";"fagu sylv";"sl";"+";"";""
"gm15a";"fagu sylv";"tl";"2a";"";""
"gm15a";"pice abie";"tl";"5";"";""
"gm16a";"athy fili";"hl";"+";"";""
"gm16a";"atro bell";"hl";"1";"";""
"gm16a";"cala epig";"hl";"1";"";""
"gm16a";"care pend";"hl";"2b";"";""
"gm16a";"circ lute lute";"hl";"+";"";" | Changed circ lute To circ lute lute 2012-11-27 01:00:27"
"gm16a";"cirs arve";"hl";"+";"";""
"gm16a";"dryo fili";"hl";"1";"";""
"gm16a";"frax exce";"hl";"+";"";""
"gm16a";"rubu sect rubu";"hl";"5";"";" | Changed rubu frut To rubu sect rubu 2012-11-27 01:00:27"
"gm16a";"rubu idae";"hl";"1";"";""
"gm16a";"samb ebul";"hl";"2a";"";""
"gm16a";"samb nigr";"hl";"+";"";""
"gm16a";"stac sylv";"hl";"+";"";""
"gm16a";"ulmu glab";"hl";"+";"";""
"gm16a";"pice abie";"sl";"+";"";""
"gm16a";"samb nigr";"sl";"1";"";""
"gm17a";"abie alba";"hl";"+";"";""
"gm17a";"acer pseu";"hl";"+";"";""
"gm17a";"atro bell";"hl";"+";"";""
"gm17a";"brac sylv";"hl";"1";"";""
"gm17a";"brom bene";"hl";"+";"";""
"gm17a";"care pend";"hl";"2a";"";""
"gm17a";"care sylv";"hl";"1";"";""
"gm17a";"circ lute lute";"hl";"1";"";" | Changed circ lute To circ lute lute 2012-11-27 01:00:27"
"gm17a";"dryo borr";"hl";"+";"";" | Changed dryo affi borr To dryo borr 2012-11-27 01:00:27"
"gm17a";"dryo fili";"hl";"+";"";""
"gm17a";"fagu sylv";"hl";"3";"";""
"gm17a";"gale mont";"hl";"+";"";""
"gm17a";"gali odor";"hl";"2a";"";""
"gm17a";"gera robe";"hl";"+";"";""
"gm17a";"impa noli";"hl";"+";"";""
"gm17a";"luzu luzu ides";"hl";"1";"";" | Changed luzu luzuo To luzu luzu ides 2012-11-27 01:00:27"
"gm17a";"meli nuta";"hl";"+";"";""
"gm17a";"merc pere";"hl";"+";"";""
"gm17a";"neot nidu";"hl";"+";"";""
"gm17a";"oxal acet";"hl";"1";"";""
"gm17a";"phyt spic spic";"hl";"+";"";""
"gm17a";"pice abie";"hl";"+";"";""
"gm17a";"pren purp";"hl";"+";"";""
"gm17a";"quer robu";"hl";"+";"";""
"gm17a";"rubu sect rubu";"hl";"1";"";" | Changed rubu frut To rubu sect rubu 2012-11-27 01:00:27"
"gm17a";"sani euro";"hl";"+";"";""
"gm17a";"sene ovat ovat";"hl";"+";"";" | Changed sene fuch To sene ovat ovat 2012-11-27 01:00:27"
"gm17a";"stac sylv";"hl";"+";"";""
"gm17a";"viol rivi";"hl";"+";"";""
"gm17a";"abie alba";"sl";"1";"";""
"gm17a";"daph meze";"sl";"+";"";""
"gm17a";"fagu sylv";"sl";"2b";"";""
"gm17a";"jugl regi";"sl";"+";"";""
"gm17a";"pice abie";"sl";"+";"";""
"gm17a";"fagu sylv";"tl";"4";"";""
"gm17a";"lari deci deci";"tl";"2a";"";""
"gm17a";"pice abie";"tl";"1";"";""
"gm17b";"acer pseu";"hl";"+";"";""
"gm17b";"ajug rept";"hl";"+";"";""
"gm17b";"athy fili";"hl";"+";"";""
"gm17b";"brac sylv";"hl";"+";"";""
"gm17b";"care digi";"hl";"+";"";""
"gm17b";"care pend";"hl";"+";"";""
"gm17b";"care remo remo";"hl";"+";"";" | Changed care remo To care remo remo 2012-11-27 01:00:27"
"gm17b";"care sylv";"hl";"1";"";""
"gm17b";"card bulb";"hl";"+";"";" | Changed dent bulb To card bulb 2012-11-27 01:00:27"
"gm17b";"dryo cart";"hl";"+";"";""
"gm17b";"dryo fili";"hl";"+";"";""
"gm17b";"fagu sylv";"hl";"2a";"";""
"gm17b";"frax exce";"hl";"+";"";""
"gm17b";"gale mont";"hl";"1";"";""
"gm17b";"gali odor";"hl";"1";"";""
"gm17b";"hede heli";"hl";"+";"";""
"gm17b";"jugl regi";"hl";"r";"";""
"gm17b";"luzu luzu ides";"hl";"+";"";" | Changed luzu luzuo To luzu luzu ides 2012-11-27 01:00:27"
"gm17b";"merc pere";"hl";"+";"";""
"gm17b";"mili effu effu";"hl";"+";"";" | Changed mili effu To mili effu effu 2012-11-27 01:00:27"
"gm17b";"oxal acet";"hl";"+";"";""
"gm17b";"phyt spic spic";"hl";"+";"";""
"gm17b";"prim elat";"hl";"+";"";""
"gm17b";"rubu sect rubu";"hl";"+";"";" | Changed rubu frut To rubu sect rubu 2012-11-27 01:00:27"
"gm17b";"salv glut";"hl";"+";"";""
"gm17b";"stac sylv";"hl";"+";"";""
"gm17b";"ulmu glab";"hl";"r";"";""
"gm17b";"vero mont";"hl";"+";"";""
"gm17b";"acer pseu";"tl";"1";"";""
"gm17b";"fagu sylv";"tl";"2a";"";""
"gm17b";"frax exce";"tl";"1";"";""
"gm17b";"lari deci deci";"tl";"1";"";""
"gm17b";"pice abie";"tl";"2b";"";""
"gm17c";"acer pseu";"hl";"+";"";""
"gm17c";"arum macu";"hl";"+";"";""
"gm17c";"athy fili";"hl";"+";"";""
"gm17c";"dryo fili";"hl";"+";"";""
"gm17c";"fagu sylv";"hl";"+";"";""
"gm17c";"frax exce";"hl";"+";"";""
"gm17c";"gale mont";"hl";"1";"";""
"gm17c";"gali odor";"hl";"1";"";""
"gm17c";"oxal acet";"hl";"+";"";""
"gm17c";"phyt spic spic";"hl";"+";"";""
"gm17c";"viol rivi";"hl";"+";"";""
"gm17c";"fagu sylv";"sl";"+";"";""
"gm17c";"pice abie";"sl";"+";"";""
"gm17c";"fagu sylv";"tl";"5";"";""
"gm17d";"acer pseu";"hl";"+";"";""
"gm17d";"acta spic";"hl";"+";"";""
"gm17d";"arum macu";"hl";"+";"";""
"gm17d";"athy fili";"hl";"+";"";""
"gm17d";"care pend";"hl";"1";"";""
"gm17d";"care sylv";"hl";"+";"";""
"gm17d";"circ lute lute";"hl";"+";"";" | Changed circ lute To circ lute lute 2012-11-27 01:00:27"
"gm17d";"card bulb";"hl";"+";"";" | Changed dent bulb To card bulb 2012-11-27 01:00:27"
"gm17d";"dryo cart";"hl";"+";"";""
"gm17d";"dryo fili";"hl";"1";"";""
"gm17d";"dryo remo";"hl";"1";"cf.";""
"gm17d";"euph amyg amyg";"hl";"+";"";" | Changed euph amyg To euph amyg amyg 2012-11-27 01:00:27"
"gm17d";"fagu sylv";"hl";"1";"";""
"gm17d";"frax exce";"hl";"+";"";""
"gm17d";"gale mont";"hl";"1";"";""
"gm17d";"gali odor";"hl";"2a";"";""
"gm17d";"jugl regi";"hl";"r";"";""
"gm17d";"luzu pilo";"hl";"1";"";""
"gm17d";"meli nuta";"hl";"+";"";""
"gm17d";"mili effu effu";"hl";"1";"";" | Changed mili effu To mili effu effu 2012-11-27 01:00:27"
"gm17d";"oxal acet";"hl";"1";"";""
"gm17d";"pari quad";"hl";"+";"";""
"gm17d";"poly mult";"hl";"+";"";""
"gm17d";"pulm offi";"hl";"+";"";""
"gm17d";"quer robu";"hl";"+";"";""
"gm17d";"salv glut";"hl";"+";"";""
"gm17d";"scro nodo";"hl";"+";"";""
"gm17d";"ulmu glab";"hl";"+";"";""
"gm17d";"viol reic";"hl";"+";"";""
"gm17d";"abie alba";"sl";"+";"";""
"gm17d";"ulmu glab";"sl";"+";"";""
"gm17d";"acer pseu";"tl";"1";"";""
"gm17d";"fagu sylv";"tl";"5";"";""
"gm17d";"frax exce";"tl";"1";"";""
"gm17d";"lari deci deci";"tl";"1";"";""
"gm17d";"pice abie";"tl";"1";"";""
"gm18a";"acer pseu";"hl";"+";"";""
"gm18a";"aego poda";"hl";"+";"";""
"gm18a";"ange sylv sylv";"hl";"+";"";" | Changed ange sylv To ange sylv sylv 2012-11-27 01:00:27"
"gm18a";"arum macu";"hl";"+";"";""
"gm18a";"athy fili";"hl";"+";"";""
"gm18a";"brac sylv";"hl";"3";"";""
"gm18a";"care pend";"hl";"1";"";""
"gm18a";"care sylv";"hl";"+";"";""
"gm18a";"care umbr";"hl";"+";"";""
"gm18a";"circ lute lute";"hl";"+";"";" | Changed circ lute To circ lute lute 2012-11-27 01:00:27"
"gm18a";"clem vita";"hl";"2a";"";""
"gm18a";"clin vulg vulg";"hl";"+";"";" | Changed clin vulg To clin vulg vulg 2012-11-27 01:00:27"
"gm18a";"corn sang slat";"hl";"+";"";" | Changed corn sang To corn sang slat 2012-11-27 01:00:27"
"gm18a";"cory avel";"hl";"+";"";""
"gm18a";"equi arve";"hl";"+";"";""
"gm18a";"fagu sylv";"hl";"1";"";""
"gm18a";"frag vesc";"hl";"+";"";""
"gm18a";"frax exce";"hl";"+";"";""
"gm18a";"gale mont";"hl";"1";"";""
"gm18a";"gali odor";"hl";"2a";"";""
"gm18a";"gera robe";"hl";"+";"";""
"gm18a";"loni xylo";"hl";"+";"";""
"gm18a";"luzu luzu ides";"hl";"+";"";" | Changed luzu luzuo To luzu luzu ides 2012-11-27 01:00:27"
"gm18a";"lysi nemo";"hl";"+";"";""
"gm18a";"meli nuta";"hl";"+";"";""
"gm18a";"merc pere";"hl";"+";"";""
"gm18a";"mili effu effu";"hl";"+";"";" | Changed mili effu To mili effu effu 2012-11-27 01:00:27"
"gm18a";"pari quad";"hl";"+";"";""
"gm18a";"poa nemo";"hl";"+";"";""
"gm18a";"prim elat";"hl";"+";"";""
"gm18a";"pulm offi";"hl";"+";"";""
"gm18a";"ranu lanu";"hl";"+";"";""
"gm18a";"rubu sect rubu";"hl";"+";"";" | Changed rubu frut To rubu sect rubu 2012-11-27 01:00:27"
"gm18a";"salv glut";"hl";"1";"";""
"gm18a";"scro nodo";"hl";"+";"";""
"gm18a";"soli virg virg";"hl";"+";"";" | Changed soli virg To soli virg virg 2012-11-27 01:00:27"
"gm18a";"vibu opul";"hl";"+";"";""
"gm18a";"acer pseu";"sl";"+";"";""
"gm18a";"alnu glut";"sl";"+";"";""
"gm18a";"carp betu";"sl";"1";"";""
"gm18a";"clem vita";"sl";"2a";"";""
"gm18a";"corn sang slat";"sl";"+";"";" | Changed corn sang To corn sang slat 2012-11-27 01:00:27"
"gm18a";"cory avel";"sl";"1";"";""
"gm18a";"fagu sylv";"sl";"+";"";""
"gm18a";"frax exce";"sl";"1";"";""
"gm18a";"sali capr";"sl";"+";"";""
"gm18a";"ulmu glab";"sl";"1";"";""
"gm18a";"vibu opul";"sl";"+";"";""
"gm18a";"acer pseu";"tl";"1";"";""
"gm18a";"betu pend";"tl";"2a";"";""
"gm18a";"carp betu";"tl";"+";"";""
"gm18a";"clem vita";"tl";"2a";"";""
"gm18a";"frax exce";"tl";"3";"";""
"gm18a";"sali capr";"tl";"4";"";""
"gm18a";"ulmu glab";"tl";"+";"";""
"gm18b";"acer pseu";"hl";"+";"";""
"gm18b";"acta spic";"hl";"+";"";""
"gm18b";"alnu inca";"hl";"+";"";""
"gm18b";"ange sylv sylv";"hl";"+";"";" | Changed ange sylv To ange sylv sylv 2012-11-27 01:00:27"
"gm18b";"brac sylv";"hl";"2a";"";""
"gm18b";"brom bene";"hl";"+";"";""
"gm18b";"cala epig";"hl";"1";"";""
"gm18b";"camp trac";"hl";"+";"";""
"gm18b";"card impa";"hl";"+";"";""
"gm18b";"care pend";"hl";"1";"";""
"gm18b";"care sylv";"hl";"+";"";""
"gm18b";"circ lute lute";"hl";"+";"";" | Changed circ lute To circ lute lute 2012-11-27 01:00:27"
"gm18b";"cirs arve";"hl";"+";"";""
"gm18b";"clem vita";"hl";"1";"";""
"gm18b";"clin vulg vulg";"hl";"+";"";" | Changed clin vulg To clin vulg vulg 2012-11-27 01:00:27"
"gm18b";"corn sang slat";"hl";"1";"";" | Changed corn sang To corn sang slat 2012-11-27 01:00:27"
"gm18b";"cory avel";"hl";"+";"";""
"gm18b";"crat laev laev";"hl";"+";"";" | Changed crat laev To crat laev laev 2012-11-27 01:00:27"
"gm18b";"dryo fili";"hl";"+";"";""
"gm18b";"epil mont";"hl";"+";"";""
"gm18b";"equi arve";"hl";"+";"";""
"gm18b";"eupa cann";"hl";"+";"";""
"gm18b";"frag vesc";"hl";"1";"";""
"gm18b";"frax exce";"hl";"+";"";""
"gm18b";"gali apar";"hl";"+";"";""
"gm18b";"gali odor";"hl";"1";"";""
"gm18b";"gera robe";"hl";"1";"";""
"gm18b";"geum urba";"hl";"+";"";""
"gm18b";"hier saba";"hl";"+";"";""
"gm18b";"hier muro";"hl";"+";"";" | Changed hier sylv To hier muro 2012-11-27 01:00:27"
"gm18b";"hype macu";"hl";"+";"";""
"gm18b";"lath prat prat";"hl";"+";"";" | Changed lath prat To lath prat prat 2012-11-27 01:00:27"
"gm18b";"medi lupu";"hl";"+";"";""
"gm18b";"peta albu";"hl";"+";"";""
"gm18b";"pice abie";"hl";"+";"";""
"gm18b";"poa nemo";"hl";"2a";"";""
"gm18b";"prun padu padu";"hl";"+";"";" | Changed prun padu To prun padu padu 2012-11-27 01:00:27"
"gm18b";"prun vulg";"hl";"+";"";""
"gm18b";"pulm offi";"hl";"+";"";""
"gm18b";"rosa arve";"hl";"+";"";""
"gm18b";"rubu sect rubu";"hl";"1";"";" | Changed rubu frut To rubu sect rubu 2012-11-27 01:00:27"
"gm18b";"rubu idae";"hl";"+";"";""
"gm18b";"sali frag";"hl";"+";"";""
"gm18b";"sali purp";"hl";"+";"";""
"gm18b";"salv glut";"hl";"+";"";""
"gm18b";"samb ebul";"hl";"+";"";""
"gm18b";"samb nigr";"hl";"+";"";""
"gm18b";"sani euro";"hl";"+";"";""
"gm18b";"scro nodo";"hl";"+";"";""
"gm18b";"soli virg virg";"hl";"+";"";" | Changed soli virg To soli virg virg 2012-11-27 01:00:27"
"gm18b";"stac sylv";"hl";"+";"";""
"gm18b";"trif medi medi";"hl";"+";"";" | Changed trif medi To trif medi medi 2012-11-27 01:00:27"
"gm18b";"urti dioi dioi";"hl";"1";"";" | Changed urti dioi To urti dioi dioi 2012-11-27 01:00:27"
"gm18b";"vici sepi";"hl";"+";"";""
"gm18b";"vici sylv";"hl";"1";"";""
"gm18b";"acer pseu";"sl";"+";"";""
"gm18b";"alnu inca";"sl";"1";"";""
"gm18b";"clem vita";"sl";"1";"";""
"gm18b";"corn sang slat";"sl";"1";"";" | Changed corn sang To corn sang slat 2012-11-27 01:00:27"
"gm18b";"cory avel";"sl";"1";"";""
"gm18b";"crat laev laev";"sl";"+";"";" | Changed crat laev To crat laev laev 2012-11-27 01:00:27"
"gm18b";"frax exce";"sl";"+";"";""
"gm18b";"pice abie";"sl";"+";"";""
"gm18b";"prun padu padu";"sl";"+";"";" | Changed prun padu To prun padu padu 2012-11-27 01:00:27"
"gm18b";"rosa arve";"sl";"+";"";""
"gm18b";"rosa cani";"sl";"+";"";""
"gm18b";"sali capr";"sl";"+";"";""
"gm18b";"sali frag";"sl";"+";"";""
"gm18b";"sali purp";"sl";"+";"";""
"gm18b";"ulmu glab";"sl";"+";"";""
"gm18b";"alnu inca";"tl";"4";"";""
"gm18b";"betu pend";"tl";"1";"";""
"gm18b";"clem vita";"tl";"+";"";""
"gm18b";"frax exce";"tl";"1";"";""
"gm18b";"sali capr";"tl";"2b";"";""
"gm18b";"sali frag";"tl";"1";"";""
"gm18b";"sali purp";"tl";"1";"";""
"gm1a";"achi mill";"hl";"+";"";""
"gm1a";"ajug rept";"hl";"+";"";""
"gm1a";"alch sect alch";"hl";"1";"";" | Changed alch vulg To alch sect alch 2012-11-27 01:00:27"
"gm1a";"anem nemo";"hl";"r";"";""
"gm1a";"anth odor";"hl";"1";"";""
"gm1a";"arrh elat";"hl";"2a";"";""
"gm1a";"homa pube pube";"hl";"2a";"";" | Changed aven pube To homa pube pube 2012-11-27 01:00:27"
"gm1a";"bell pere";"hl";"+";"";""
"gm1a";"beto offi offi";"hl";"+";"";" | Changed beto offi To beto offi offi 2012-11-27 01:00:27"
"gm1a";"briz medi";"hl";"+";"";""
"gm1a";"camp patu patu";"hl";"1";"";""
"gm1a";"care cary";"hl";"1";"";""
"gm1a";"care flac";"hl";"+";"";""
"gm1a";"care pall";"hl";"1";"";""
"gm1a";"care sylv";"hl";"1";"";""
"gm1a";"cent jace jace";"hl";"1";"";" | Changed cent jace To cent jace jace 2012-11-27 01:00:27"
"gm1a";"cera holo";"hl";"+";"";""
"gm1a";"crep bien";"hl";"+";"";""
"gm1a";"cyno cris";"hl";"1";"";""
"gm1a";"dact glom glom";"hl";"1";"";" | Changed dact glom To dact glom glom 2012-11-27 01:00:27"
"gm1a";"fest nigr cens";"hl";"+";"";" | Changed fest nigr To fest nigr cens 2012-11-27 01:00:27"
"gm1a";"fest prat prat";"hl";"2a";"";" | Changed fest prat To fest prat prat 2012-11-27 01:00:27"
"gm1a";"fest rubr";"hl";"2a";"";""
"gm1a";"frag vesc";"hl";"+";"";""
"gm1a";"gali albu";"hl";"+";"";""
"gm1a";"hera spho spho";"hl";"+";"";" | Changed hera spho To hera spho spho 2012-11-27 01:00:27"
"gm1a";"holc lana";"hl";"1";"";""
"gm1a";"knau arve arve";"hl";"+";"";" | Changed knau arve To knau arve arve 2012-11-27 01:00:27"
"gm1a";"leon hisp slat";"hl";"2b";"";" | Changed leon hisp To leon hisp slat 2012-11-27 01:00:27"
"gm1a";"leuc ircu";"hl";"1";"";""
"gm1a";"linu cath";"hl";"+";"";""
"gm1a";"lotu corn";"hl";"+";"";""
"gm1a";"luzu camp";"hl";"+";"";""
"gm1a";"lych flos cucu";"hl";"+";"";" | Changed lych flos To lych flos cucu 2012-11-27 01:00:27"
"gm1a";"pimp majo majo";"hl";"+";"";" | Changed pimp majo To pimp majo majo 2012-11-27 01:00:27"
"gm1a";"plan lanc";"hl";"1";"";""
"gm1a";"poa prat";"hl";"1";"";""
"gm1a";"poly vulg vulg";"hl";"1";"";""
"gm1a";"prun vulg";"hl";"+";"";""
"gm1a";"ranu acri acri";"hl";"+";"";" | Changed ranu acri To ranu acri acri 2012-11-27 01:00:28"
"gm1a";"ranu nemo";"hl";"1";"";""
"gm1a";"ranu repe";"hl";"+";"";""
"gm1a";"rhin alec alec";"hl";"+";"";" | Changed rhin alec To rhin alec alec 2012-11-27 01:00:28"
"gm1a";"rhin mino";"hl";"1";"";""
"gm1a";"tara sect rude";"hl";"+";"";" | Changed tara offi To tara sect rude 2012-11-27 01:00:28"
"gm1a";"trif medi medi";"hl";"1";"";" | Changed trif medi To trif medi medi 2012-11-27 01:00:27"
"gm1a";"trif prat prat";"hl";"2a";"";" | Changed trif prat To trif prat prat 2012-11-27 01:00:28"
"gm1a";"trif repe repe";"hl";"1";"";""
"gm1a";"tris flav flav";"hl";"+";"";" | Changed tris flav To tris flav flav 2012-11-27 01:00:28"
"gm1a";"vero cham cham";"hl";"+";"";" | Changed vero cham To vero cham cham 2012-11-27 01:00:27"
"gm1a";"vici crac";"hl";"+";"";""
"gm1b";"achi mill";"hl";"1";"";""
"gm1b";"alch sect alch";"hl";"+";"";" | Changed alch vulg To alch sect alch 2012-11-27 01:00:27"
"gm1b";"anth odor";"hl";"1";"";""
"gm1b";"arrh elat";"hl";"1";"";""
"gm1b";"homa pube pube";"hl";"2a";"";" | Changed aven pube To homa pube pube 2012-11-27 01:00:27"
"gm1b";"bell pere";"hl";"+";"";""
"gm1b";"camp patu patu";"hl";"+";"";""
"gm1b";"care cary";"hl";"+";"";""
"gm1b";"care pall";"hl";"1";"";""
"gm1b";"care sylv";"hl";"2b";"";""
"gm1b";"cent jace jace";"hl";"1";"";" | Changed cent jace To cent jace jace 2012-11-27 01:00:27"
"gm1b";"cera holo";"hl";"+";"";""
"gm1b";"crep bien";"hl";"1";"";""
"gm1b";"crep moll slat";"hl";"+";"";" | Changed crep moll To crep moll slat 2012-11-27 01:00:28"
"gm1b";"cruc laev";"hl";"+";"";""
"gm1b";"cyno cris";"hl";"3";"";""
"gm1b";"dact glom glom";"hl";"1";"";" | Changed dact glom To dact glom glom 2012-11-27 01:00:27"
"gm1b";"fest prat prat";"hl";"1";"";" | Changed fest prat To fest prat prat 2012-11-27 01:00:27"
"gm1b";"fest rubr";"hl";"2b";"";""
"gm1b";"gali albu";"hl";"+";"";""
"gm1b";"hera spho spho";"hl";"+";"";" | Changed hera spho To hera spho spho 2012-11-27 01:00:27"
"gm1b";"holc lana";"hl";"1";"";""
"gm1b";"lath prat prat";"hl";"+";"";" | Changed lath prat To lath prat prat 2012-11-27 01:00:27"
"gm1b";"leon hisp slat";"hl";"2b";"";" | Changed leon hisp To leon hisp slat 2012-11-27 01:00:27"
"gm1b";"leuc ircu";"hl";"+";"";""
"gm1b";"lotu corn";"hl";"+";"";""
"gm1b";"luzu camp";"hl";"+";"";""
"gm1b";"pimp majo majo";"hl";"+";"";" | Changed pimp majo To pimp majo majo 2012-11-27 01:00:27"
"gm1b";"plan lanc";"hl";"1";"";""
"gm1b";"poa prat";"hl";"1";"";""
"gm1b";"poly vulg vulg";"hl";"+";"";""
"gm1b";"prim elat";"hl";"+";"";""
"gm1b";"prun vulg";"hl";"+";"";""
"gm1b";"ranu acri acri";"hl";"+";"";" | Changed ranu acri To ranu acri acri 2012-11-27 01:00:28"
"gm1b";"ranu repe";"hl";"1";"";""
"gm1b";"rhin alec alec";"hl";"1";"";" | Changed rhin alec To rhin alec alec 2012-11-27 01:00:28"
"gm1b";"rume acet osa";"hl";"+";"";" | Changed rume acet To rume acet osa 2012-11-27 01:00:28"
"gm1b";"stel gram";"hl";"+";"";""
"gm1b";"tara sect rude";"hl";"+";"";" | Changed tara offi To tara sect rude 2012-11-27 01:00:28"
"gm1b";"trif medi medi";"hl";"1";"";" | Changed trif medi To trif medi medi 2012-11-27 01:00:27"
"gm1b";"trif prat prat";"hl";"2b";"";" | Changed trif prat To trif prat prat 2012-11-27 01:00:28"
"gm1b";"trif repe repe";"hl";"1";"";""
"gm1b";"tris flav flav";"hl";"1";"";" | Changed tris flav To tris flav flav 2012-11-27 01:00:28"
"gm1b";"vero cham cham";"hl";"+";"";" | Changed vero cham To vero cham cham 2012-11-27 01:00:27"
"gm1c";"achi mill";"hl";"+";"";""
"gm1c";"ajug rept";"hl";"1";"";""
"gm1c";"alch sect alch";"hl";"2a";"";" | Changed alch vulg To alch sect alch 2012-11-27 01:00:27"
"gm1c";"homa pube pube";"hl";"+";"";" | Changed aven pube To homa pube pube 2012-11-27 01:00:27"
"gm1c";"bell pere";"hl";"+";"";""
"gm1c";"will stip stip";"hl";"+";"";" | Changed caly stip To will stip stip 2012-11-27 01:00:28"
"gm1c";"camp patu patu";"hl";"+";"";""
"gm1c";"card prat";"hl";"+";"";""
"gm1c";"care pall";"hl";"1";"";""
"gm1c";"care sylv";"hl";"2a";"";""
"gm1c";"crep bien";"hl";"1";"";""
"gm1c";"crep moll slat";"hl";"+";"";" | Changed crep moll To crep moll slat 2012-11-27 01:00:28"
"gm1c";"cyno cris";"hl";"3";"";""
"gm1c";"equi arve";"hl";"+";"";""
"gm1c";"fest prat prat";"hl";"1";"";" | Changed fest prat To fest prat prat 2012-11-27 01:00:27"
"gm1c";"fest rubr";"hl";"2a";"";""
"gm1c";"gali albu";"hl";"+";"";""
"gm1c";"gali pumi";"hl";"+";"";""
"gm1c";"hera spho spho";"hl";"r";"";" | Changed hera spho To hera spho spho 2012-11-27 01:00:27"
"gm1c";"holc lana";"hl";"2a";"";""
"gm1c";"lath prat prat";"hl";"+";"";" | Changed lath prat To lath prat prat 2012-11-27 01:00:27"
"gm1c";"luzu camp";"hl";"+";"";""
"gm1c";"lych flos cucu";"hl";"1";"";" | Changed lych flos To lych flos cucu 2012-11-27 01:00:27"
"gm1c";"lysi nemo";"hl";"+";"";""
"gm1c";"medi lupu";"hl";"+";"";""
"gm1c";"myos nemo";"hl";"+";"";""
"gm1c";"plan lanc";"hl";"+";"";""
"gm1c";"poa prat";"hl";"+";"";""
"gm1c";"poa triv";"hl";"1";"";""
"gm1c";"prim elat";"hl";"+";"";""
"gm1c";"prun vulg";"hl";"1";"";""
"gm1c";"ranu acri acri";"hl";"+";"";" | Changed ranu acri To ranu acri acri 2012-11-27 01:00:28"
"gm1c";"rume acet osa";"hl";"+";"";" | Changed rume acet To rume acet osa 2012-11-27 01:00:28"
"gm1c";"tara sect rude";"hl";"+";"";" | Changed tara offi To tara sect rude 2012-11-27 01:00:28"
"gm1c";"trif prat prat";"hl";"2a";"";" | Changed trif prat To trif prat prat 2012-11-27 01:00:28"
"gm1c";"tris flav flav";"hl";"1";"";" | Changed tris flav To tris flav flav 2012-11-27 01:00:28"
"gm1c";"vero cham cham";"hl";"+";"";" | Changed vero cham To vero cham cham 2012-11-27 01:00:27"
"gm1c";"vero serp serp";"hl";"+";"";" | Changed vero serp To vero serp serp 2012-11-27 01:00:28"
"gm1d";"achi mill";"hl";"1";"";""
"gm1d";"alch sect alch";"hl";"1";"";" | Changed alch vulg To alch sect alch 2012-11-27 01:00:27"
"gm1d";"anth odor";"hl";"2a";"";""
"gm1d";"will stip stip";"hl";"1";"";" | Changed caly stip To will stip stip 2012-11-27 01:00:28"
"gm1d";"camp patu patu";"hl";"+";"";""
"gm1d";"care cary";"hl";"+";"";""
"gm1d";"care pall";"hl";"+";"";""
"gm1d";"cent jace jace";"hl";"+";"";" | Changed cent jace To cent jace jace 2012-11-27 01:00:27"
"gm1d";"cera holo";"hl";"+";"";""
"gm1d";"cyno cris";"hl";"2a";"";""
"gm1d";"dact glom glom";"hl";"+";"";" | Changed dact glom To dact glom glom 2012-11-27 01:00:27"
"gm1d";"fest prat prat";"hl";"2a";"";" | Changed fest prat To fest prat prat 2012-11-27 01:00:27"
"gm1d";"fest rubr";"hl";"2a";"";""
"gm1d";"gali albu";"hl";"+";"";""
"gm1d";"hera spho spho";"hl";"+";"";" | Changed hera spho To hera spho spho 2012-11-27 01:00:27"
"gm1d";"holc lana";"hl";"+";"";""
"gm1d";"lath prat prat";"hl";"+";"";" | Changed lath prat To lath prat prat 2012-11-27 01:00:27"
"gm1d";"leon hisp slat";"hl";"3";"";" | Changed leon hisp To leon hisp slat 2012-11-27 01:00:27"
"gm1d";"lotu corn";"hl";"+";"";""
"gm1d";"luzu camp";"hl";"+";"";""
"gm1d";"lych flos cucu";"hl";"+";"";" | Changed lych flos To lych flos cucu 2012-11-27 01:00:27"
"gm1d";"myos nemo";"hl";"+";"";""
"gm1d";"plan lanc";"hl";"1";"";""
"gm1d";"poa prat";"hl";"+";"";""
"gm1d";"poa triv";"hl";"1";"";""
"gm1d";"ranu acri acri";"hl";"+";"";" | Changed ranu acri To ranu acri acri 2012-11-27 01:00:28"
"gm1d";"rhin alec alec";"hl";"+";"";" | Changed rhin alec To rhin alec alec 2012-11-27 01:00:28"
"gm1d";"rhin mino";"hl";"+";"";""
"gm1d";"rume acet osa";"hl";"+";"";" | Changed rume acet To rume acet osa 2012-11-27 01:00:28"
"gm1d";"trif prat prat";"hl";"2a";"";" | Changed trif prat To trif prat prat 2012-11-27 01:00:28"
"gm1d";"trif repe repe";"hl";"1";"";""
"gm1d";"tris flav flav";"hl";"1";"";" | Changed tris flav To tris flav flav 2012-11-27 01:00:28"
"gm1d";"vero cham cham";"hl";"+";"";" | Changed vero cham To vero cham cham 2012-11-27 01:00:27"
"gm1d";"vici crac";"hl";"+";"";""
"gm1e";"alch sect alch";"hl";"+";"";" | Changed alch vulg To alch sect alch 2012-11-27 01:00:27"
"gm1e";"alop prat";"hl";"2a";"";""
"gm1e";"anem nemo";"hl";"r";"";""
"gm1e";"anth odor";"hl";"1";"";""
"gm1e";"arrh elat";"hl";"2b";"";""
"gm1e";"care hirt";"hl";"1";"";""
"gm1e";"crep bien";"hl";"+";"";""
"gm1e";"dact glom glom";"hl";"2a";"";" | Changed dact glom To dact glom glom 2012-11-27 01:00:27"
"gm1e";"fest prat prat";"hl";"2b";"";" | Changed fest prat To fest prat prat 2012-11-27 01:00:27"
"gm1e";"fest rubr";"hl";"1";"";""
"gm1e";"gali albu";"hl";"1";"";""
"gm1e";"holc lana";"hl";"2b";"";""
"gm1e";"hype macu";"hl";"+";"";""
"gm1e";"lath prat prat";"hl";"+";"";" | Changed lath prat To lath prat prat 2012-11-27 01:00:27"
"gm1e";"lotu corn";"hl";"+";"";""
"gm1e";"lysi numm";"hl";"+";"";""
"gm1e";"poa prat";"hl";"2a";"";""
"gm1e";"poa triv";"hl";"2b";"";""
"gm1e";"ranu acri acri";"hl";"+";"";" | Changed ranu acri To ranu acri acri 2012-11-27 01:00:28"
"gm1e";"ranu repe";"hl";"+";"";""
"gm1e";"rume acet osa";"hl";"1";"";" | Changed rume acet To rume acet osa 2012-11-27 01:00:28"
"gm1e";"rume obtu obtu";"hl";"+";"";" | Changed rume obtu To rume obtu obtu 2012-11-27 01:00:28"
"gm1e";"stel gram";"hl";"+";"";""
"gm1e";"trif prat prat";"hl";"+";"";" | Changed trif prat To trif prat prat 2012-11-27 01:00:28"
"gm1e";"trif repe repe";"hl";"+";"";""
"gm1e";"tris flav flav";"hl";"2b";"";" | Changed tris flav To tris flav flav 2012-11-27 01:00:28"
"gm1e";"vero cham cham";"hl";"+";"";" | Changed vero cham To vero cham cham 2012-11-27 01:00:27"
"gm1e";"vici sepi";"hl";"+";"";""
"gm1f";"agro capi";"hl";"1";"";" | Changed agro tenu To agro capi 2012-11-27 01:00:28"
"gm1f";"ajug rept";"hl";"1";"";""
"gm1f";"alch sect alch";"hl";"+";"";" | Changed alch vulg To alch sect alch 2012-11-27 01:00:27"
"gm1f";"anth odor";"hl";"1";"";""
"gm1f";"anth sylv";"hl";"+";"";""
"gm1f";"arrh elat";"hl";"+";"";""
"gm1f";"briz medi";"hl";"1";"";""
"gm1f";"camp patu patu";"hl";"+";"";""
"gm1f";"care sylv";"hl";"+";"";""
"gm1f";"caru carv";"hl";"+";"";""
"gm1f";"cent jace jace";"hl";"1";"";" | Changed cent jace To cent jace jace 2012-11-27 01:00:27"
"gm1f";"cera holo";"hl";"+";"";""
"gm1f";"chae hirs";"hl";"1";"";""
"gm1f";"cirs oler";"hl";"+";"";""
"gm1f";"crep bien";"hl";"1";"";""
"gm1f";"cyno cris";"hl";"2a";"";""
"gm1f";"dact glom glom";"hl";"2a";"";" | Changed dact glom To dact glom glom 2012-11-27 01:00:27"
"gm1f";"equi arve";"hl";"+";"";""
"gm1f";"fest prat prat";"hl";"1";"";" | Changed fest prat To fest prat prat 2012-11-27 01:00:27"
"gm1f";"fest rubr";"hl";"2a";"";""
"gm1f";"gali albu";"hl";"1";"";""
"gm1f";"gera sylv";"hl";"+";"";""
"gm1f";"hera spho spho";"hl";"+";"";" | Changed hera spho To hera spho spho 2012-11-27 01:00:27"
"gm1f";"holc lana";"hl";"2a";"";""
"gm1f";"lath prat prat";"hl";"+";"";" | Changed lath prat To lath prat prat 2012-11-27 01:00:27"
"gm1f";"leon hisp slat";"hl";"1";"";" | Changed leon hisp To leon hisp slat 2012-11-27 01:00:27"
"gm1f";"plan lanc";"hl";"1";"";""
"gm1f";"poa triv";"hl";"+";"";""
"gm1f";"prun vulg";"hl";"1";"";""
"gm1f";"ranu repe";"hl";"1";"";""
"gm1f";"rhin alec alec";"hl";"2b";"";" | Changed rhin alec To rhin alec alec 2012-11-27 01:00:28"
"gm1f";"rume acet osa";"hl";"+";"";" | Changed rume acet To rume acet osa 2012-11-27 01:00:28"
"gm1f";"stel gram";"hl";"+";"";""
"gm1f";"tara sect rude";"hl";"+";"";" | Changed tara offi To tara sect rude 2012-11-27 01:00:28"
"gm1f";"trif prat prat";"hl";"1";"";" | Changed trif prat To trif prat prat 2012-11-27 01:00:28"
"gm1f";"tris flav flav";"hl";"1";"";" | Changed tris flav To tris flav flav 2012-11-27 01:00:28"
"gm1f";"vero cham cham";"hl";"+";"";" | Changed vero cham To vero cham cham 2012-11-27 01:00:27"
"gm1f";"vici sepi";"hl";"+";"";""
"gm1g";"alch sect alch";"hl";"+";"";" | Changed alch vulg To alch sect alch 2012-11-27 01:00:27"
"gm1g";"alop prat";"hl";"2a";"";""
"gm1g";"anth odor";"hl";"1";"";""
"gm1g";"arrh elat";"hl";"+";"";""
"gm1g";"card prat";"hl";"+";"";""
"gm1g";"care hirt";"hl";"+";"";""
"gm1g";"care sylv";"hl";"+";"";""
"gm1g";"cera holo";"hl";"+";"";""
"gm1g";"crep bien";"hl";"1";"";""
"gm1g";"cyno cris";"hl";"2a";"";""
"gm1g";"dact glom glom";"hl";"2a";"";" | Changed dact glom To dact glom glom 2012-11-27 01:00:27"
"gm1g";"fest prat prat";"hl";"2b";"";" | Changed fest prat To fest prat prat 2012-11-27 01:00:27"
"gm1g";"fest rubr";"hl";"2a";"";""
"gm1g";"gali albu";"hl";"+";"";""
"gm1g";"glec hede";"hl";"+";"";""
"gm1g";"holc lana";"hl";"2a";"";""
"gm1g";"lath prat prat";"hl";"1";"";" | Changed lath prat To lath prat prat 2012-11-27 01:00:27"
"gm1g";"lych flos cucu";"hl";"+";"";" | Changed lych flos To lych flos cucu 2012-11-27 01:00:27"
"gm1g";"lysi numm";"hl";"+";"";""
"gm1g";"phle prat";"hl";"2b";"";""
"gm1g";"plan lanc";"hl";"1";"";""
"gm1g";"poa prat";"hl";"1";"";""
"gm1g";"poa triv";"hl";"1";"";""
"gm1g";"prun vulg";"hl";"+";"";""
"gm1g";"ranu acri acri";"hl";"1";"";" | Changed ranu acri To ranu acri acri 2012-11-27 01:00:28"
"gm1g";"ranu repe";"hl";"2b";"";""
"gm1g";"rume acet osa";"hl";"+";"";" | Changed rume acet To rume acet osa 2012-11-27 01:00:28"
"gm1g";"rume obtu obtu";"hl";"1";"";" | Changed rume obtu To rume obtu obtu 2012-11-27 01:00:28"
"gm1g";"trif prat prat";"hl";"2a";"";" | Changed trif prat To trif prat prat 2012-11-27 01:00:28"
"gm1g";"trif repe repe";"hl";"2a";"";""
"gm1g";"tris flav flav";"hl";"+";"";" | Changed tris flav To tris flav flav 2012-11-27 01:00:28"
"gm1g";"vici sepi";"hl";"+";"";""
"gm20a";"acer camp";"hl";"+";"";""
"gm20a";"acer pseu";"hl";"+";"";""
"gm20a";"aego poda";"hl";"+";"";""
"gm20a";"ange sylv sylv";"hl";"+";"";" | Changed ange sylv To ange sylv sylv 2012-11-27 01:00:27"
"gm20a";"arrh elat";"hl";"1";"";""
"gm20a";"briz medi";"hl";"+";"";""
"gm20a";"cala epig";"hl";"+";"";""
"gm20a";"camp patu patu";"hl";"+";"";""
"gm20a";"card impa";"hl";"+";"";""
"gm20a";"carp betu";"hl";"+";"";""
"gm20a";"cirs arve";"hl";"+";"";""
"gm20a";"clem vita";"hl";"+";"";""
"gm20a";"cory avel";"hl";"+";"";""
"gm20a";"dact glom glom";"hl";"+";"";" | Changed dact glom To dact glom glom 2012-11-27 01:00:27"
"gm20a";"equi arve";"hl";"+";"";""
"gm20a";"fagu sylv";"hl";"+";"";""
"gm20a";"fest rubr";"hl";"1";"";""
"gm20a";"frag vesc";"hl";"+";"";""
"gm20a";"gali albu";"hl";"+";"";""
"gm20a";"gali odor";"hl";"+";"";""
"gm20a";"hier muro";"hl";"+";"";" | Changed hier sylv To hier muro 2012-11-27 01:00:27"
"gm20a";"hype macu";"hl";"+";"";""
"gm20a";"impa parv";"hl";"+";"";""
"gm20a";"lath prat prat";"hl";"+";"";" | Changed lath prat To lath prat prat 2012-11-27 01:00:27"
"gm20a";"lotu corn";"hl";"+";"";""
"gm20a";"luzu luzu ides";"hl";"+";"";" | Changed luzu luzuo To luzu luzu ides 2012-11-27 01:00:27"
"gm20a";"mili effu effu";"hl";"+";"";" | Changed mili effu To mili effu effu 2012-11-27 01:00:27"
"gm20a";"pari quad";"hl";"+";"";""
"gm20a";"phyt spic spic";"hl";"+";"";""
"gm20a";"pimp majo majo";"hl";"+";"";" | Changed pimp majo To pimp majo majo 2012-11-27 01:00:27"
"gm20a";"poa nemo";"hl";"+";"";""
"gm20a";"poa triv";"hl";"+";"";""
"gm20a";"pote erec";"hl";"+";"";""
"gm20a";"prun aviu slat";"hl";"+";"";" | Changed prun aviu To prun aviu slat 2012-11-27 01:00:28"
"gm20a";"ranu nemo";"hl";"+";"";""
"gm20a";"rosa arve";"hl";"+";"";""
"gm20a";"salv glut";"hl";"+";"";""
"gm20a";"soli virg virg";"hl";"+";"";" | Changed soli virg To soli virg virg 2012-11-27 01:00:27"
"gm20a";"trif medi medi";"hl";"+";"";" | Changed trif medi To trif medi medi 2012-11-27 01:00:27"
"gm20a";"ulmu glab";"hl";"+";"";""
"gm20a";"urti dioi dioi";"hl";"+";"";" | Changed urti dioi To urti dioi dioi 2012-11-27 01:00:27"
"gm20a";"vacc myrt";"hl";"2a";"";""
"gm20a";"vero cham cham";"hl";"+";"";" | Changed vero cham To vero cham cham 2012-11-27 01:00:27"
"gm20a";"vero offi";"hl";"+";"";""
"gm20a";"acer pseu";"sl";"+";"";""
"gm20a";"carp betu";"sl";"+";"";""
"gm20a";"cory avel";"sl";"+";"";""
"gm20a";"fagu sylv";"sl";"1";"";""
"gm20a";"frax exce";"sl";"+";"";""
"gm20a";"prun aviu slat";"sl";"1";"";" | Changed prun aviu To prun aviu slat 2012-11-27 01:00:28"
"gm20a";"prun spin";"sl";"+";"";""
"gm20a";"quer robu";"sl";"1";"";""
"gm20a";"rosa arve";"sl";"1";"";""
"gm20a";"rosa cani";"sl";"+";"";""
"gm20a";"ulmu glab";"sl";"+";"";""
"gm20a";"acer pseu";"tl";"1";"";""
"gm20a";"betu pend";"tl";"2a";"";""
"gm20a";"frax exce";"tl";"+";"";""
"gm20a";"lari deci deci";"tl";"1";"";""
"gm20a";"pice abie";"tl";"3";"";""
"gm20a";"popu trem";"tl";"+";"";""
"gm20a";"quer robu";"tl";"1";"";""
"gm21a";"acer pseu";"hl";"+";"";""
"gm21a";"acta spic";"hl";"+";"";""
"gm21a";"ajug rept";"hl";"+";"";""
"gm21a";"betu pend";"hl";"+";"";""
"gm21a";"camp patu patu";"hl";"+";"";""
"gm21a";"card impa";"hl";"+";"";""
"gm21a";"care sylv";"hl";"+";"";""
"gm21a";"cory avel";"hl";"+";"";""
"gm21a";"card bulb";"hl";"+";"";" | Changed dent bulb To card bulb 2012-11-27 01:00:27"
"gm21a";"dryo dila";"hl";"+";"";""
"gm21a";"dryo fili";"hl";"+";"";""
"gm21a";"fagu sylv";"hl";"+";"";""
"gm21a";"frax exce";"hl";"+";"";""
"gm21a";"gale pube pube";"hl";"+";"";" | Changed gale pube To gale pube pube 2012-11-27 01:00:28"
"gm21a";"gali odor";"hl";"2b";"";""
"gm21a";"gali rotu";"hl";"+";"";""
"gm21a";"holc lana";"hl";"+";"";""
"gm21a";"hord euro";"hl";"1";"";""
"gm21a";"impa noli";"hl";"+";"";""
"gm21a";"impa parv";"hl";"+";"";""
"gm21a";"luzu luzu ides";"hl";"+";"";" | Changed luzu luzuo To luzu luzu ides 2012-11-27 01:00:27"
"gm21a";"merc pere";"hl";"+";"";""
"gm21a";"mili effu effu";"hl";"1";"";" | Changed mili effu To mili effu effu 2012-11-27 01:00:27"
"gm21a";"lact mura";"hl";"1";"";" | Changed myce mura To lact mura 2012-11-27 01:00:27"
"gm21a";"oxal acet";"hl";"3";"";""
"gm21a";"peta albu";"hl";"+";"";""
"gm21a";"pice abie";"hl";"+";"";""
"gm21a";"pulm offi";"hl";"+";"";""
"gm21a";"rubu sect rubu";"hl";"+";"";" | Changed rubu frut To rubu sect rubu 2012-11-27 01:00:27"
"gm21a";"salv glut";"hl";"1";"";""
"gm21a";"samb nigr";"hl";"+";"";""
"gm21a";"sene ovat ovat";"hl";"1";"";" | Changed sene fuch To sene ovat ovat 2012-11-27 01:00:27"
"gm21a";"stac sylv";"hl";"+";"";""
"gm21a";"stel medi";"hl";"+";"";""
"gm21a";"viol reic";"hl";"+";"";""
"gm21a";"betu pend";"tl";"+";"";""
"gm21a";"fagu sylv";"tl";"2b";"";""
"gm21a";"frax exce";"tl";"1";"";""
"gm21a";"pice abie";"tl";"4";"";""
"gm22a";"acer pseu";"hl";"+";"";""
"gm22a";"care sylv";"hl";"+";"";""
"gm22a";"dryo cart";"hl";"+";"";""
"gm22a";"dryo fili";"hl";"+";"";""
"gm22a";"fagu sylv";"hl";"+";"";""
"gm22a";"gera robe";"hl";"+";"";""
"gm22a";"impa parv";"hl";"+";"";""
"gm22a";"luzu luzu ides";"hl";"+";"";" | Changed luzu luzuo To luzu luzu ides 2012-11-27 01:00:27"
"gm22a";"oxal acet";"hl";"+";"";""
"gm22a";"pice abie";"hl";"+";"";""
"gm22a";"sene ovat ovat";"hl";"+";"";" | Changed sene fuch To sene ovat ovat 2012-11-27 01:00:27"
"gm22a";"viol reic";"hl";"+";"";""
"gm22a";"fagu sylv";"tl";"2a";"";""
"gm22a";"pice abie";"tl";"4";"";""
"gm22b";"acer pseu";"hl";"+";"";""
"gm22b";"epip hell slat";"hl";"+";"";" | Changed epip hell To epip hell slat 2012-11-27 01:00:28"
"gm22b";"fagu sylv";"hl";"+";"";""
"gm22b";"impa parv";"hl";"+";"";""
"gm22b";"lari deci deci";"hl";"+";"";""
"gm22b";"viol reic";"hl";"+";"";""
"gm22b";"abie alba";"sl";"+";"";""
"gm22b";"abie alba";"tl";"1";"";""
"gm22b";"fagu sylv";"tl";"4";"";""
"gm22b";"pice abie";"tl";"2a";"";""
"gm22c";"abie alba";"hl";"+";"";""
"gm22c";"athy fili";"hl";"+";"";""
"gm22c";"aven flex flex";"hl";"+";"";""
"gm22c";"dact glom glom";"hl";"+";"";" | Changed dact glom To dact glom glom 2012-11-27 01:00:27"
"gm22c";"dryo cart";"hl";"2a";"";""
"gm22c";"dryo fili";"hl";"1";"";""
"gm22c";"fagu sylv";"hl";"2a";"";""
"gm22c";"gali odor";"hl";"r";"";""
"gm22c";"hier muro";"hl";"+";"";" | Changed hier sylv To hier muro 2012-11-27 01:00:27"
"gm22c";"luzu luzu ides";"hl";"2b";"";" | Changed luzu luzuo To luzu luzu ides 2012-11-27 01:00:27"
"gm22c";"luzu sylv sylv";"hl";"+";"";" | Changed luzu sylv To luzu sylv sylv 2012-11-27 01:00:28"
"gm22c";"oxal acet";"hl";"1";"";""
"gm22c";"peta albu";"hl";"+";"";""
"gm22c";"pren purp";"hl";"1";"";""
"gm22c";"rubu sect rubu";"hl";"1";"";" | Changed rubu frut To rubu sect rubu 2012-11-27 01:00:27"
"gm22c";"soli virg virg";"hl";"+";"";" | Changed soli virg To soli virg virg 2012-11-27 01:00:27"
"gm22c";"sorb aucu aucu";"hl";"+";"";" | Changed sorb aucu To sorb aucu aucu 2012-11-27 01:00:27"
"gm22c";"viol reic";"hl";"+";"";""
"gm22c";"fagu sylv";"sl";"+";"";""
"gm22c";"abie alba";"tl";"+";"";""
"gm22c";"fagu sylv";"tl";"1";"";""
"gm22c";"lari deci deci";"tl";"+";"";""
"gm22c";"pice abie";"tl";"5";"";""
"gm22d";"abie alba";"hl";"+";"";""
"gm22d";"fagu sylv";"hl";"2a";"";""
"gm22d";"gali rotu";"hl";"1";"";""
"gm22d";"luzu luzu ides";"hl";"2a";"";" | Changed luzu luzuo To luzu luzu ides 2012-11-27 01:00:27"
"gm22d";"lact mura";"hl";"1";"";" | Changed myce mura To lact mura 2012-11-27 01:00:27"
"gm22d";"oxal acet";"hl";"1";"";""
"gm22d";"pren purp";"hl";"+";"";""
"gm22d";"quer robu";"hl";"+";"";""
"gm22d";"rubu idae";"hl";"+";"";""
"gm22d";"vacc myrt";"hl";"+";"";""
"gm22d";"fagu sylv";"tl";"1";"";""
"gm22d";"lari deci deci";"tl";"1";"";""
"gm22d";"pice abie";"tl";"5";"fifo";""
"gm22e";"abie alba";"hl";"+";"";""
"gm22e";"dryo cart";"hl";"+";"";""
"gm22e";"fagu sylv";"hl";"1";"";""
"gm22e";"luzu luzu ides";"hl";"1";"";" | Changed luzu luzuo To luzu luzu ides 2012-11-27 01:00:27"
"gm22e";"lact mura";"hl";"+";"";" | Changed myce mura To lact mura 2012-11-27 01:00:27"
"gm22e";"oxal acet";"hl";"1";"";""
"gm22e";"pren purp";"hl";"+";"";""
"gm22e";"rubu sect rubu";"hl";"+";"";" | Changed rubu frut To rubu sect rubu 2012-11-27 01:00:27"
"gm22e";"sorb aucu aucu";"hl";"+";"";" | Changed sorb aucu To sorb aucu aucu 2012-11-27 01:00:27"
"gm22e";"abie alba";"tl";"+";"";""
"gm22e";"fagu sylv";"tl";"2a";"";""
"gm22e";"pice abie";"tl";"4";"nummer 22d (2 mal vergeben)";""
"gm23a";"abie alba";"hl";"+";"";""
"gm23a";"aven flex flex";"hl";"+";"";""
"gm23a";"care pilo";"hl";"+";"";""
"gm23a";"care pilu pilu";"hl";"+";"";" | Changed care pilu To care pilu pilu 2012-11-27 01:00:28"
"gm23a";"care sylv";"hl";"+";"";""
"gm23a";"fagu sylv";"hl";"1";"";""
"gm23a";"hier muro";"hl";"+";"";" | Changed hier sylv To hier muro 2012-11-27 01:00:27"
"gm23a";"luzu luzu ides";"hl";"+";"";" | Changed luzu luzuo To luzu luzu ides 2012-11-27 01:00:27"
"gm23a";"oxal acet";"hl";"+";"";""
"gm23a";"pice abie";"hl";"+";"";""
"gm23a";"pren purp";"hl";"+";"";""
"gm23a";"quer robu";"hl";"+";"";""
"gm23a";"sorb aucu aucu";"hl";"+";"";" | Changed sorb aucu To sorb aucu aucu 2012-11-27 01:00:27"
"gm23a";"vacc myrt";"hl";"+";"";""
"gm23a";"abie alba";"sl";"+";"";""
"gm23a";"fagu sylv";"tl";"5";"";""
"gm23b";"ajug rept";"hl";"+";"";""
"gm23b";"care pilo";"hl";"2b";"";""
"gm23b";"clem vita";"hl";"+";"";""
"gm23b";"corn sang slat";"hl";"+";"";" | Changed corn sang To corn sang slat 2012-11-27 01:00:27"
"gm23b";"dryo fili";"hl";"+";"";""
"gm23b";"fagu sylv";"hl";"+";"";""
"gm23b";"frax exce";"hl";"+";"";""
"gm23b";"gale mont";"hl";"1";"";""
"gm23b";"gali odor";"hl";"+";"";""
"gm23b";"lath vern";"hl";"+";"";""
"gm23b";"luzu luzu ides";"hl";"+";"";" | Changed luzu luzuo To luzu luzu ides 2012-11-27 01:00:27"
"gm23b";"mili effu effu";"hl";"+";"";" | Changed mili effu To mili effu effu 2012-11-27 01:00:27"
"gm23b";"pice abie";"hl";"+";"";""
"gm23b";"pulm offi";"hl";"1";"";""
"gm23b";"rubu sect rubu";"hl";"+";"";" | Changed rubu frut To rubu sect rubu 2012-11-27 01:00:27"
"gm23b";"viol reic";"hl";"+";"";""
"gm23b";"fagu sylv";"sl";"1";"";""
"gm23b";"fagu sylv";"tl";"5";"";""
"gm23b";"frax exce";"tl";"1";"";""
"gm23b";"prun aviu slat";"tl";"+";"";" | Changed prun aviu To prun aviu slat 2012-11-27 01:00:28"
"gm23b";"sali capr";"tl";"+";"";""
"gm23c";"acer pseu";"hl";"+";"";""
"gm23c";"brac sylv";"hl";"+";"";""
"gm23c";"brom bene";"hl";"+";"";""
"gm23c";"care digi";"hl";"+";"";""
"gm23c";"care pilo";"hl";"3";"";""
"gm23c";"care sylv";"hl";"+";"";""
"gm23c";"corn sang slat";"hl";"+";"";" | Changed corn sang To corn sang slat 2012-11-27 01:00:27"
"gm23c";"euph amyg amyg";"hl";"+";"";" | Changed euph amyg To euph amyg amyg 2012-11-27 01:00:27"
"gm23c";"fagu sylv";"hl";"+";"";""
"gm23c";"gale mont";"hl";"1";"";""
"gm23c";"gali odor";"hl";"1";"";""
"gm23c";"hier saba";"hl";"+";"cf.";""
"gm23c";"hier muro";"hl";"+";"";" | Changed hier sylv To hier muro 2012-11-27 01:00:27"
"gm23c";"lath vern";"hl";"+";"";""
"gm23c";"luzu luzu ides";"hl";"+";"";" | Changed luzu luzuo To luzu luzu ides 2012-11-27 01:00:27"
"gm23c";"lact mura";"hl";"+";"";" | Changed myce mura To lact mura 2012-11-27 01:00:27"
"gm23c";"neot nidu";"hl";"+";"";""
"gm23c";"oxal acet";"hl";"+";"";""
"gm23c";"phyt spic spic";"hl";"+";"";""
"gm23c";"pice abie";"hl";"+";"";""
"gm23c";"poa nemo";"hl";"+";"";""
"gm23c";"pulm offi";"hl";"+";"";""
"gm23c";"quer robu";"hl";"+";"";""
"gm23c";"salv glut";"hl";"+";"";""
"gm23c";"soli virg virg";"hl";"+";"";" | Changed soli virg To soli virg virg 2012-11-27 01:00:27"
"gm23c";"viol reic";"hl";"2m";"";""
"gm23c";"corn sang slat";"sl";"+";"";" | Changed corn sang To corn sang slat 2012-11-27 01:00:27"
"gm23c";"fagu sylv";"sl";"1";"";""
"gm23c";"fagu sylv";"tl";"4";"";""
"gm23c";"frax exce";"tl";"1";"";""
"gm23c";"lari deci deci";"tl";"1";"";""
"gm23c";"pice abie";"tl";"1";"";""
"gm23d";"ajug rept";"hl";"+";"";""
"gm23d";"athy fili";"hl";"+";"";""
"gm23d";"cala epig";"hl";"1";"";""
"gm23d";"care pilu pilu";"hl";"1";"";" | Changed care pilu To care pilu pilu 2012-11-27 01:00:28"
"gm23d";"care sylv";"hl";"+";"";""
"gm23d";"dryo dila";"hl";"1";"";""
"gm23d";"dryo fili";"hl";"1";"";""
"gm23d";"gali odor";"hl";"2a";"";""
"gm23d";"hord euro";"hl";"1";"";""
"gm23d";"hype macu";"hl";"+";"";""
"gm23d";"luzu luzu ides";"hl";"2a";"";" | Changed luzu luzuo To luzu luzu ides 2012-11-27 01:00:27"
"gm23d";"mili effu effu";"hl";"+";"";" | Changed mili effu To mili effu effu 2012-11-27 01:00:27"
"gm23d";"lact mura";"hl";"+";"";" | Changed myce mura To lact mura 2012-11-27 01:00:27"
"gm23d";"oxal acet";"hl";"1";"";""
"gm23d";"pice abie";"hl";"+";"";""
"gm23d";"quer robu";"hl";"+";"";""
"gm23d";"rubu sect rubu";"hl";"1";"";" | Changed rubu frut To rubu sect rubu 2012-11-27 01:00:27"
"gm23d";"salv glut";"hl";"1";"";""
"gm23d";"soli virg virg";"hl";"+";"";" | Changed soli virg To soli virg virg 2012-11-27 01:00:27"
"gm23d";"urti dioi dioi";"hl";"+";"";" | Changed urti dioi To urti dioi dioi 2012-11-27 01:00:27"
"gm23d";"vacc myrt";"hl";"+";"";""
"gm23d";"vero offi";"hl";"2m";"";""
"gm23d";"viol reic";"hl";"+";"";""
"gm23d";"fagu sylv";"sl";"2a";"";""
"gm23d";"frax exce";"sl";"+";"";""
"gm23d";"pice abie";"sl";"+";"";""
"gm23d";"quer robu";"sl";"+";"";""
"gm23d";"fagu sylv";"tl";"5";"";""
"gm23d";"frax exce";"tl";"+";"";""
"gm23d";"lari deci deci";"tl";"1";"";""
"gm24a";"abie alba";"hl";"+";"";""
"gm24a";"fagu sylv";"hl";"+";"";""
"gm24a";"lari deci deci";"hl";"+";"";""
"gm24a";"pice abie";"hl";"+";"";""
"gm24a";"pren purp";"hl";"+";"";""
"gm24a";"rubu sect rubu";"hl";"+";"";" | Changed rubu frut To rubu sect rubu 2012-11-27 01:00:27"
"gm24a";"abie alba";"sl";"2a";"";""
"gm24a";"fagu sylv";"sl";"2a";"";""
"gm24a";"pice abie";"sl";"2a";"";""
"gm25a";"acer pseu";"hl";"+";"";""
"gm25a";"gali apar";"hl";"+";"";""
"gm25a";"popu trem";"hl";"+";"";""
"gm25a";"samb nigr";"hl";"+";"";""
"gm25a";"pice abie";"tl";"5";"";""
"gm25a";"sali capr";"tl";"2a";"";""
"gm27a";"athy fili";"hl";"+";"";""
"gm27a";"dryo cart";"hl";"1";"";""
"gm27a";"dryo dila";"hl";"1";"";""
"gm27a";"dryo fili";"hl";"2a";"";""
"gm27a";"fagu sylv";"hl";"1";"";""
"gm27a";"gali odor";"hl";"+";"";""
"gm27a";"oxal acet";"hl";"1";"";""
"gm27a";"pari quad";"hl";"+";"";""
"gm27a";"rubu sect rubu";"hl";"+";"";" | Changed rubu frut To rubu sect rubu 2012-11-27 01:00:27"
"gm27a";"samb nigr";"hl";"+";"";""
"gm27a";"abie alba";"tl";"+";"";""
"gm27a";"fagu sylv";"tl";"5";"";""
"gm27a";"pice abie";"tl";"+";"";""
"gm27b";"abie alba";"hl";"+";"";""
"gm27b";"acer pseu";"hl";"+";"";""
"gm27b";"care sylv";"hl";"+";"";""
"gm27b";"card bulb";"hl";"+";"";" | Changed dent bulb To card bulb 2012-11-27 01:00:27"
"gm27b";"dryo cart";"hl";"+";"";""
"gm27b";"dryo fili";"hl";"+";"";""
"gm27b";"fagu sylv";"hl";"+";"";""
"gm27b";"gale mont";"hl";"+";"";""
"gm27b";"oxal acet";"hl";"+";"";""
"gm27b";"abie alba";"tl";"1";"";""
"gm27b";"fagu sylv";"tl";"5";"";""
"gm27b";"pice abie";"tl";"1";"";""
"gm27c";"abie alba";"hl";"+";"";""
"gm27c";"acer pseu";"hl";"+";"";""
"gm27c";"dryo dila";"hl";"+";"";""
"gm27c";"dryo fili";"hl";"+";"";""
"gm27c";"fagu sylv";"hl";"+";"";""
"gm27c";"gale mont";"hl";"+";"";""
"gm27c";"gali odor";"hl";"+";"";""
"gm27c";"oxal acet";"hl";"+";"";""
"gm27c";"pice abie";"hl";"1";"";""
"gm27c";"prun aviu slat";"hl";"+";"";" | Changed prun aviu To prun aviu slat 2012-11-27 01:00:28"
"gm27c";"abie alba";"sl";"1";"";""
"gm27c";"fagu sylv";"sl";"1";"";""
"gm27c";"fagu sylv";"tl";"5";"";""
"gm27c";"pice abie";"tl";"1";"";""
"gm27c";"prun aviu slat";"tl";"1";"";" | Changed prun aviu To prun aviu slat 2012-11-27 01:00:28"
"gm28a";"ange sylv sylv";"hl";"+";"";" | Changed ange sylv To ange sylv sylv 2012-11-27 01:00:27"
"gm28a";"athy fili";"hl";"+";"";""
"gm28a";"cala epig";"hl";"1";"";""
"gm28a";"care sylv";"hl";"+";"";""
"gm28a";"circ lute lute";"hl";"1";"";" | Changed circ lute To circ lute lute 2012-11-27 01:00:27"
"gm28a";"cirs palu";"hl";"+";"";""
"gm28a";"dryo dila";"hl";"+";"";""
"gm28a";"dryo fili";"hl";"2a";"";""
"gm28a";"fest giga";"hl";"+";"";""
"gm28a";"fran alnu";"hl";"+";"";""
"gm28a";"frax exce";"hl";"+";"";""
"gm28a";"gali odor";"hl";"1";"";""
"gm28a";"impa parv";"hl";"+";"";""
"gm28a";"junc effu";"hl";"+";"";""
"gm28a";"luzu luzu ides";"hl";"+";"";" | Changed luzu luzuo To luzu luzu ides 2012-11-27 01:00:27"
"gm28a";"meli nuta";"hl";"+";"";""
"gm28a";"mili effu effu";"hl";"1";"";" | Changed mili effu To mili effu effu 2012-11-27 01:00:27"
"gm28a";"peta albu";"hl";"2a";"";""
"gm28a";"pulm offi";"hl";"1";"";""
"gm28a";"rubu sect rubu";"hl";"1";"";" | Changed rubu frut To rubu sect rubu 2012-11-27 01:00:27"
"gm28a";"rubu idae";"hl";"1";"";""
"gm28a";"salv glut";"hl";"1";"";""
"gm28a";"samb nigr";"hl";"+";"";""
"gm28a";"urti dioi dioi";"hl";"1";"";" | Changed urti dioi To urti dioi dioi 2012-11-27 01:00:27"
"gm28a";"vero cham cham";"hl";"+";"";" | Changed vero cham To vero cham cham 2012-11-27 01:00:27"
"gm28a";"fagu sylv";"sl";"2a";"";""
"gm28a";"pice abie";"sl";"+";"";""
"gm28a";"samb nigr";"sl";"+";"";""
"gm28a";"fagu sylv";"tl";"2a";"";""
"gm28a";"frax exce";"tl";"+";"";""
"gm28a";"pice abie";"tl";"4";"";""
"gm29a";"acer pseu";"hl";"+";"";""
"gm29a";"cala epig";"hl";"5";"";""
"gm29a";"carp betu";"hl";"+";"";""
"gm29a";"dryo fili";"hl";"1";"";""
"gm29a";"frax exce";"hl";"+";"";""
"gm29a";"gale tetr";"hl";"+";"";""
"gm29a";"junc effu";"hl";"+";"";""
"gm29a";"rubu sect rubu";"hl";"2b";"";" | Changed rubu frut To rubu sect rubu 2012-11-27 01:00:27"
"gm29a";"rubu idae";"hl";"2a";"";""
"gm29a";"samb nigr";"hl";"+";"";""
"gm29a";"scro nodo";"hl";"+";"";""
"gm29a";"thel limb";"hl";"1";"";""
"gm29a";"urti dioi dioi";"hl";"2a";"";" | Changed urti dioi To urti dioi dioi 2012-11-27 01:00:27"
"gm29a";"fagu sylv";"sl";"+";"";""
"gm29a";"frax exce";"sl";"+";"";""
"gm2a";"ajug rept";"hl";"1";"";""
"gm2a";"alch sect alch";"hl";"+";"";" | Changed alch vulg To alch sect alch 2012-11-27 01:00:27"
"gm2a";"alop prat";"hl";"2a";"";""
"gm2a";"arrh elat";"hl";"1";"";""
"gm2a";"chae hirs";"hl";"4";"";""
"gm2a";"circ lute lute";"hl";"1";"";" | Changed circ lute To circ lute lute 2012-11-27 01:00:27"
"gm2a";"cirs oler";"hl";"2b";"";""
"gm2a";"dact glom glom";"hl";"2a";"";" | Changed dact glom To dact glom glom 2012-11-27 01:00:27"
"gm2a";"equi arve";"hl";"1";"";""
"gm2a";"fest prat prat";"hl";"+";"";" | Changed fest prat To fest prat prat 2012-11-27 01:00:27"
"gm2a";"frag vesc";"hl";"+";"";""
"gm2a";"gali albu";"hl";"1";"";""
"gm2a";"gali apar";"hl";"2a";"";""
"gm2a";"geum urba";"hl";"+";"";""
"gm2a";"impa noli";"hl";"1";"";""
"gm2a";"lami macu";"hl";"1";"";""
"gm2a";"lath prat prat";"hl";"+";"";" | Changed lath prat To lath prat prat 2012-11-27 01:00:27"
"gm2a";"lysi nemo";"hl";"1";"";""
"gm2a";"lysi numm";"hl";"1";"";""
"gm2a";"myos sylv";"hl";"2a";"";""
"gm2a";"poa triv";"hl";"2a";"";""
"gm2a";"prim elat";"hl";"1";"";""
"gm2a";"ranu acri acri";"hl";"+";"";" | Changed ranu acri To ranu acri acri 2012-11-27 01:00:28"
"gm2a";"ranu repe";"hl";"1";"";""
"gm2a";"rume acet osa";"hl";"+";"";" | Changed rume acet To rume acet osa 2012-11-27 01:00:28"
"gm2a";"rume obtu obtu";"hl";"1";"";" | Changed rume obtu To rume obtu obtu 2012-11-27 01:00:28"
"gm2a";"stac sylv";"hl";"1";"";""
"gm2a";"stel medi";"hl";"+";"";""
"gm2a";"trol euro";"hl";"+";"";""
"gm2a";"urti dioi dioi";"hl";"2a";"";" | Changed urti dioi To urti dioi dioi 2012-11-27 01:00:27"
"gm2a";"vero cham cham";"hl";"1";"";" | Changed vero cham To vero cham cham 2012-11-27 01:00:27"
"gm2a";"vici crac";"hl";"+";"was sp.";""
"gm31a";"achi mill";"hl";"1";"";""
"gm31a";"elyt repe";"hl";"+";"";" | Changed agro repe To elyt repe 2012-11-27 01:00:28"
"gm31a";"agro capi";"hl";"+";"";" | Changed agro tenu To agro capi 2012-11-27 01:00:28"
"gm31a";"alch sect alch";"hl";"+";"";" | Changed alch vulg To alch sect alch 2012-11-27 01:00:27"
"gm31a";"arrh elat";"hl";"1";"";""
"gm31a";"homa pube pube";"hl";"1";"";" | Changed aven pube To homa pube pube 2012-11-27 01:00:27"
"gm31a";"bell pere";"hl";"+";"";""
"gm31a";"beto offi offi";"hl";"2a";"";" | Changed beto offi To beto offi offi 2012-11-27 01:00:27"
"gm31a";"briz medi";"hl";"1";"";""
"gm31a";"care hirt";"hl";"+";"";""
"gm31a";"cent jace jace";"hl";"1";"";" | Changed cent jace To cent jace jace 2012-11-27 01:00:27"
"gm31a";"crep bien";"hl";"+";"";""
"gm31a";"crep moll slat";"hl";"+";"";" | Changed crep moll To crep moll slat 2012-11-27 01:00:28"
"gm31a";"cyno cris";"hl";"1";"";""
"gm31a";"dact glom glom";"hl";"1";"";" | Changed dact glom To dact glom glom 2012-11-27 01:00:27"
"gm31a";"fest prat prat";"hl";"1";"";" | Changed fest prat To fest prat prat 2012-11-27 01:00:27"
"gm31a";"fest rubr";"hl";"1";"";""
"gm31a";"gali albu";"hl";"1";"";""
"gm31a";"gali veru";"hl";"1";"";""
"gm31a";"hera spho spho";"hl";"+";"";" | Changed hera spho To hera spho spho 2012-11-27 01:00:27"
"gm31a";"knau arve arve";"hl";"1";"";" | Changed knau arve To knau arve arve 2012-11-27 01:00:27"
"gm31a";"lath prat prat";"hl";"+";"";" | Changed lath prat To lath prat prat 2012-11-27 01:00:27"
"gm31a";"leon hisp slat";"hl";"2a";"";" | Changed leon hisp To leon hisp slat 2012-11-27 01:00:27"
"gm31a";"lotu corn";"hl";"1";"";""
"gm31a";"medi falc";"hl";"2a";"";""
"gm31a";"orob grac";"hl";"+";"";""
"gm31a";"phle prat";"hl";"1";"";""
"gm31a";"pimp majo majo";"hl";"+";"";" | Changed pimp majo To pimp majo majo 2012-11-27 01:00:27"
"gm31a";"plan lanc";"hl";"1";"";""
"gm31a";"plan medi";"hl";"1";"";""
"gm31a";"prun cera ifera";"hl";"+";"";" | Changed prun cera cera To prun cera ifera 2012-11-27 01:00:28"
"gm31a";"prun vulg";"hl";"1";"";""
"gm31a";"ranu acri acri";"hl";"+";"";" | Changed ranu acri To ranu acri acri 2012-11-27 01:00:28"
"gm31a";"tara sect rude";"hl";"+";"";" | Changed tara offi To tara sect rude 2012-11-27 01:00:28"
"gm31a";"trag orie";"hl";"+";"";""
"gm31a";"trif dubi";"hl";"1";"";""
"gm31a";"trif medi medi";"hl";"2a";"";" | Changed trif medi To trif medi medi 2012-11-27 01:00:27"
"gm31a";"trif prat prat";"hl";"+";"";" | Changed trif prat To trif prat prat 2012-11-27 01:00:28"
"gm31a";"trif repe repe";"hl";"+";"";""
"gm31a";"tris flav flav";"hl";"1";"";" | Changed tris flav To tris flav flav 2012-11-27 01:00:28"
"gm31a";"vero cham cham";"hl";"+";"";" | Changed vero cham To vero cham cham 2012-11-27 01:00:27"
"gm31a";"vici crac";"hl";"+";"";""
"gm5a";"ajug rept";"hl";"+";"";""
"gm5a";"alch sect alch";"hl";"1";"";" | Changed alch vulg To alch sect alch 2012-11-27 01:00:27"
"gm5a";"alop prat";"hl";"5";"";""
"gm5a";"anth odor";"hl";"+";"";""
"gm5a";"brom hord hord";"hl";"+";"";" | Changed brom hord To brom hord hord 2012-11-27 01:00:28"
"gm5a";"chae hirs";"hl";"+";"";""
"gm5a";"cirs oler";"hl";"+";"";""
"gm5a";"crep bien";"hl";"1";"";""
"gm5a";"cruc laev";"hl";"+";"";""
"gm5a";"cyno cris";"hl";"1";"";""
"gm5a";"dact glom glom";"hl";"1";"";" | Changed dact glom To dact glom glom 2012-11-27 01:00:27"
"gm5a";"fest prat prat";"hl";"2a";"";" | Changed fest prat To fest prat prat 2012-11-27 01:00:27"
"gm5a";"fest rubr";"hl";"+";"";""
"gm5a";"gali albu";"hl";"+";"";""
"gm5a";"holc lana";"hl";"1";"";""
"gm5a";"lath prat prat";"hl";"+";"";" | Changed lath prat To lath prat prat 2012-11-27 01:00:27"
"gm5a";"lysi numm";"hl";"1";"";""
"gm5a";"phle prat";"hl";"+";"";""
"gm5a";"poa prat";"hl";"1";"";""
"gm5a";"poa triv";"hl";"2a";"";""
"gm5a";"ranu acri acri";"hl";"1";"";" | Changed ranu acri To ranu acri acri 2012-11-27 01:00:28"
"gm5a";"ranu repe";"hl";"1";"";""
"gm5a";"rume acet osa";"hl";"+";"";" | Changed rume acet To rume acet osa 2012-11-27 01:00:28"
"gm5a";"rume obtu obtu";"hl";"1";"";" | Changed rume obtu To rume obtu obtu 2012-11-27 01:00:28"
"gm5a";"tara sect rude";"hl";"1";"";" | Changed tara offi To tara sect rude 2012-11-27 01:00:28"
"gm5a";"trif prat prat";"hl";"1";"";" | Changed trif prat To trif prat prat 2012-11-27 01:00:28"
"gm5a";"trif repe repe";"hl";"2a";"";""
"gm5a";"tris flav flav";"hl";"+";"";" | Changed tris flav To tris flav flav 2012-11-27 01:00:28"
"gm5a";"vero cham cham";"hl";"+";"";" | Changed vero cham To vero cham cham 2012-11-27 01:00:27"
"gm5a";"vici sepi";"hl";"+";"";""
"gm6a";"ajug rept";"hl";"+";"";""
"gm6a";"alch sect alch";"hl";"+";"";" | Changed alch vulg To alch sect alch 2012-11-27 01:00:27"
"gm6a";"alop prat";"hl";"+";"";""
"gm6a";"anth odor";"hl";"1";"";""
"gm6a";"arrh elat";"hl";"1";"";""
"gm6a";"homa pube pube";"hl";"+";"";" | Changed aven pube To homa pube pube 2012-11-27 01:00:27"
"gm6a";"briz medi";"hl";"+";"";""
"gm6a";"calt palu";"hl";"2a";"";""
"gm6a";"care briz";"hl";"3";"";""
"gm6a";"care elat";"hl";"1";"";""
"gm6a";"care flac";"hl";"1";"";""
"gm6a";"care hirt";"hl";"2a";"";""
"gm6a";"care pani";"hl";"2a";"";""
"gm6a";"cera holo";"hl";"+";"";""
"gm6a";"chae hirs";"hl";"2a";"";""
"gm6a";"cirs oler";"hl";"2a";"";""
"gm6a";"crep bien";"hl";"+";"";""
"gm6a";"crep palu";"hl";"+";"";""
"gm6a";"cyno cris";"hl";"+";"";""
"gm6a";"epil parv";"hl";"+";"";""
"gm6a";"equi palu";"hl";"1";"";""
"gm6a";"fest prat prat";"hl";"1";"";" | Changed fest prat To fest prat prat 2012-11-27 01:00:27"
"gm6a";"fest rubr";"hl";"1";"";""
"gm6a";"gali palu palu";"hl";"2m";"";" | Changed gali palu To gali palu palu 2012-11-27 01:00:28"
"gm6a";"holc lana";"hl";"1";"";""
"gm6a";"junc effu";"hl";"+";"";""
"gm6a";"lath prat prat";"hl";"+";"";" | Changed lath prat To lath prat prat 2012-11-27 01:00:27"
"gm6a";"lych flos cucu";"hl";"1";"";" | Changed lych flos To lych flos cucu 2012-11-27 01:00:27"
"gm6a";"lysi numm";"hl";"1";"";""
"gm6a";"myos nemo";"hl";"+";"";""
"gm6a";"plan lanc";"hl";"+";"";""
"gm6a";"poa triv";"hl";"1";"";""
"gm6a";"prim elat";"hl";"+";"";""
"gm6a";"prun vulg";"hl";"2a";"";""
"gm6a";"ranu acri acri";"hl";"1";"";" | Changed ranu acri To ranu acri acri 2012-11-27 01:00:28"
"gm6a";"rume acet osa";"hl";"+";"";" | Changed rume acet To rume acet osa 2012-11-27 01:00:28"
"gm6a";"tris flav flav";"hl";"1";"";" | Changed tris flav To tris flav flav 2012-11-27 01:00:28"
"gm6a";"vale dioi dioi";"hl";"1";"";" | Changed vale dioi To vale dioi dioi 2012-11-27 01:00:28"
"gm6a";"vero cham cham";"hl";"+";"";" | Changed vero cham To vero cham cham 2012-11-27 01:00:27"
"gm6a";"vici crac";"hl";"+";"";""
"gm6b";"aego poda";"hl";"+";"";""
"gm6b";"agro stol";"hl";"1";"";""
"gm6b";"ajug rept";"hl";"1";"";""
"gm6b";"alch sect alch";"hl";"+";"";" | Changed alch vulg To alch sect alch 2012-11-27 01:00:27"
"gm6b";"alop prat";"hl";"+";"";""
"gm6b";"ange sylv sylv";"hl";"+";"";" | Changed ange sylv To ange sylv sylv 2012-11-27 01:00:27"
"gm6b";"anth odor";"hl";"1";"";""
"gm6b";"arrh elat";"hl";"1";"";""
"gm6b";"briz medi";"hl";"1";"";""
"gm6b";"calt palu";"hl";"2a";"";""
"gm6b";"will stip stip";"hl";"+";"";" | Changed caly stip To will stip stip 2012-11-27 01:00:28"
"gm6b";"care briz";"hl";"2b";"";""
"gm6b";"care flac";"hl";"1";"";""
"gm6b";"care hirt";"hl";"1";"";""
"gm6b";"care nigr";"hl";"1";"";""
"gm6b";"care pall";"hl";"+";"";""
"gm6b";"care pani";"hl";"1";"";""
"gm6b";"care sylv";"hl";"1";"";""
"gm6b";"cera holo";"hl";"+";"";""
"gm6b";"chae hirs";"hl";"2a";"";""
"gm6b";"cirs oler";"hl";"2a";"";""
"gm6b";"cyno cris";"hl";"2a";"";""
"gm6b";"dact glom glom";"hl";"1";"";" | Changed dact glom To dact glom glom 2012-11-27 01:00:27"
"gm6b";"epil hirs";"hl";"+";"";""
"gm6b";"epil rose";"hl";"+";"";""
"gm6b";"equi arve";"hl";"+";"";""
"gm6b";"fest prat prat";"hl";"1";"";" | Changed fest prat To fest prat prat 2012-11-27 01:00:27"
"gm6b";"fest rubr";"hl";"1";"";""
"gm6b";"gali albu";"hl";"+";"";""
"gm6b";"gali palu palu";"hl";"+";"";" | Changed gali palu To gali palu palu 2012-11-27 01:00:28"
"gm6b";"holc lana";"hl";"2a";"";""
"gm6b";"junc effu";"hl";"1";"";""
"gm6b";"lath prat prat";"hl";"+";"";" | Changed lath prat To lath prat prat 2012-11-27 01:00:27"
"gm6b";"myos scor scor";"hl";"+";"";" | Changed myos scor To myos scor scor 2012-11-27 01:00:28"
"gm6b";"plan lanc";"hl";"+";"";""
"gm6b";"poa triv";"hl";"2a";"";""
"gm6b";"prim elat";"hl";"+";"";""
"gm6b";"prun vulg";"hl";"1";"";""
"gm6b";"ranu acri acri";"hl";"+";"";" | Changed ranu acri To ranu acri acri 2012-11-27 01:00:28"
"gm6b";"rume acet osa";"hl";"+";"";" | Changed rume acet To rume acet osa 2012-11-27 01:00:28"
"gm6b";"tara sect rude";"hl";"+";"";" | Changed tara offi To tara sect rude 2012-11-27 01:00:28"
"gm6b";"trif prat prat";"hl";"+";"";" | Changed trif prat To trif prat prat 2012-11-27 01:00:28"
"gm6b";"trif repe repe";"hl";"1";"";""
"gm6b";"vale dioi dioi";"hl";"2a";"";" | Changed vale dioi To vale dioi dioi 2012-11-27 01:00:28"
"gm6b";"vici crac";"hl";"+";"";""
"gm7a";"aego poda";"hl";"3";"";""
"gm7a";"alch sect alch";"hl";"+";"";" | Changed alch vulg To alch sect alch 2012-11-27 01:00:27"
"gm7a";"arrh elat";"hl";"1";"";""
"gm7a";"camp patu patu";"hl";"1";"";""
"gm7a";"care briz";"hl";"4";"";""
"gm7a";"care pall";"hl";"+";"";""
"gm7a";"cirs arve";"hl";"2a";"";""
"gm7a";"cirs oler";"hl";"2a";"";""
"gm7a";"dact glom glom";"hl";"1";"";" | Changed dact glom To dact glom glom 2012-11-27 01:00:27"
"gm7a";"equi sylv";"hl";"1";"";""
"gm7a";"fest rubr";"hl";"1";"";""
"gm7a";"gali apar";"hl";"+";"";""
"gm7a";"gera phae phae";"hl";"+";"";" | Changed gera phae To gera phae phae 2012-11-27 01:00:28"
"gm7a";"hera spho spho";"hl";"1";"";" | Changed hera spho To hera spho spho 2012-11-27 01:00:27"
"gm7a";"hype macu";"hl";"+";"";""
"gm7a";"lath prat prat";"hl";"+";"";" | Changed lath prat To lath prat prat 2012-11-27 01:00:27"
"gm7a";"lysi nemo";"hl";"+";"";""
"gm7a";"myos sylv";"hl";"2m";"";""
"gm7a";"poa triv";"hl";"1";"";""
"gm7a";"ranu repe";"hl";"+";"";""
"gm7a";"rubu idae";"hl";"1";"";""
"gm7a";"rume obtu obtu";"hl";"+";"";" | Changed rume obtu To rume obtu obtu 2012-11-27 01:00:28"
"gm7a";"sile dioi";"hl";"+";"";""
"gm7a";"stac palu";"hl";"1";"";""
"gm7a";"stac sylv";"hl";"+";"";""
"gm7a";"trif repe repe";"hl";"1";"";""
"gm7a";"urti dioi dioi";"hl";"2a";"";" | Changed urti dioi To urti dioi dioi 2012-11-27 01:00:27"
"gm7a";"vici crac";"hl";"+";"";""
"gm7a";"vici sepi";"hl";"+";"";""
"gm8a";"ajug rept";"hl";"+";"";""
"gm8a";"alch sect alch";"hl";"1";"";" | Changed alch vulg To alch sect alch 2012-11-27 01:00:27"
"gm8a";"ange sylv sylv";"hl";"+";"";" | Changed ange sylv To ange sylv sylv 2012-11-27 01:00:27"
"gm8a";"anth odor";"hl";"+";"";""
"gm8a";"arrh elat";"hl";"2a";"";""
"gm8a";"homa pube pube";"hl";"1";"";" | Changed aven pube To homa pube pube 2012-11-27 01:00:27"
"gm8a";"will stip stip";"hl";"1";"";" | Changed caly stip To will stip stip 2012-11-27 01:00:28"
"gm8a";"camp patu patu";"hl";"+";"";""
"gm8a";"care hirt";"hl";"+";"";""
"gm8a";"care pall";"hl";"+";"";""
"gm8a";"care sylv";"hl";"+";"";""
"gm8a";"chae hirs";"hl";"+";"";""
"gm8a";"cirs arve";"hl";"+";"";""
"gm8a";"cirs oler";"hl";"2a";"";""
"gm8a";"colc autu";"hl";"1";"";""
"gm8a";"crep bien";"hl";"+";"";""
"gm8a";"cyno cris";"hl";"1";"";""
"gm8a";"dact glom glom";"hl";"1";"";" | Changed dact glom To dact glom glom 2012-11-27 01:00:27"
"gm8a";"equi arve";"hl";"+";"";""
"gm8a";"equi sylv";"hl";"2a";"";""
"gm8a";"fest prat prat";"hl";"2a";"";" | Changed fest prat To fest prat prat 2012-11-27 01:00:27"
"gm8a";"fest rubr";"hl";"1";"";""
"gm8a";"frag vesc";"hl";"+";"";""
"gm8a";"gali albu";"hl";"2a";"";""
"gm8a";"hera spho spho";"hl";"+";"";" | Changed hera spho To hera spho spho 2012-11-27 01:00:27"
"gm8a";"holc lana";"hl";"2a";"";""
"gm8a";"junc effu";"hl";"+";"";""
"gm8a";"lath prat prat";"hl";"+";"";" | Changed lath prat To lath prat prat 2012-11-27 01:00:27"
"gm8a";"lysi numm";"hl";"+";"";""
"gm8a";"phyt spic spic";"hl";"+";"";""
"gm8a";"pers bist";"hl";"+";"";" | Changed poly bist To pers bist 2012-11-27 01:00:28"
"gm8a";"prim elat";"hl";"+";"";""
"gm8a";"ranu acri acri";"hl";"+";"";" | Changed ranu acri To ranu acri acri 2012-11-27 01:00:28"
"gm8a";"fica vern vern";"hl";"+";"";" | Changed ranu fica To fica vern vern 2012-11-27 01:00:28"
"gm8a";"rume acet osa";"hl";"+";"";" | Changed rume acet To rume acet osa 2012-11-27 01:00:28"
"gm8a";"sile dioi";"hl";"+";"";""
"gm8a";"tara sect rude";"hl";"+";"";" | Changed tara offi To tara sect rude 2012-11-27 01:00:28"
"gm8a";"trif prat prat";"hl";"1";"";" | Changed trif prat To trif prat prat 2012-11-27 01:00:28"
"gm8a";"tris flav flav";"hl";"1";"";" | Changed tris flav To tris flav flav 2012-11-27 01:00:28"
"gm8a";"vero cham cham";"hl";"+";"";" | Changed vero cham To vero cham cham 2012-11-27 01:00:27"
"gm8a";"vici sepi";"hl";"+";"";""
"gm9a";"acer plat";"hl";"+";"";""
"gm9a";"acer pseu";"hl";"+";"";""
"gm9a";"aego poda";"hl";"+";"";""
"gm9a";"anem nemo";"hl";"2a";"";""
"gm9a";"betu pend";"hl";"+";"";""
"gm9a";"care sylv";"hl";"+";"";""
"gm9a";"carp betu";"hl";"+";"";""
"gm9a";"colc autu";"hl";"r";"";""
"gm9a";"corn sang slat";"hl";"+";"";" | Changed corn sang To corn sang slat 2012-11-27 01:00:27"
"gm9a";"cory avel";"hl";"+";"";""
"gm9a";"dact glom glom";"hl";"+";"";" | Changed dact glom To dact glom glom 2012-11-27 01:00:27"
"gm9a";"fagu sylv";"hl";"+";"";""
"gm9a";"fest giga";"hl";"+";"";""
"gm9a";"frag vesc";"hl";"+";"";""
"gm9a";"frax exce";"hl";"+";"";""
"gm9a";"gale mont";"hl";"+";"";""
"gm9a";"gali odor";"hl";"+";"";""
"gm9a";"gera robe";"hl";"+";"";""
"gm9a";"geum riva";"hl";"+";"";""
"gm9a";"geum urba";"hl";"1";"";""
"gm9a";"hera spho spho";"hl";"+";"";" | Changed hera spho To hera spho spho 2012-11-27 01:00:27"
"gm9a";"knau maxi";"hl";"+";"";" | Changed knau dips To knau maxi 2012-11-27 01:00:27"
"gm9a";"ligu vulg";"hl";"+";"";""
"gm9a";"loni xylo";"hl";"+";"";""
"gm9a";"luzu luzu ides";"hl";"1";"";" | Changed luzu luzuo To luzu luzu ides 2012-11-27 01:00:27"
"gm9a";"lysi numm";"hl";"+";"";""
"gm9a";"oxal acet";"hl";"+";"";""
"gm9a";"phyt spic spic";"hl";"1";"";""
"gm9a";"pice abie";"hl";"+";"";""
"gm9a";"poa prat";"hl";"+";"";""
"gm9a";"prim elat";"hl";"1";"";""
"gm9a";"prun aviu slat";"hl";"+";"";" | Changed prun aviu To prun aviu slat 2012-11-27 01:00:28"
"gm9a";"quer robu";"hl";"+";"";""
"gm9a";"rosa arve";"hl";"1";"";""
"gm9a";"rubu sect rubu";"hl";"+";"";" | Changed rubu frut To rubu sect rubu 2012-11-27 01:00:27"
"gm9a";"sali capr";"hl";"+";"";""
"gm9a";"tili plat";"hl";"+";"";""
"gm9a";"urti dioi dioi";"hl";"+";"";" | Changed urti dioi To urti dioi dioi 2012-11-27 01:00:27"
"gm9a";"vibu opul";"hl";"+";"";""
"gm9a";"acer plat";"sl";"+";"";""
"gm9a";"acer pseu";"sl";"+";"";""
"gm9a";"betu pend";"sl";"+";"";""
"gm9a";"carp betu";"sl";"+";"";""
"gm9a";"cory avel";"sl";"3";"";""
"gm9a";"fagu sylv";"sl";"+";"";""
"gm9a";"frax exce";"sl";"1";"";""
"gm9a";"ligu vulg";"sl";"+";"";""
"gm9a";"pice abie";"sl";"+";"";""
"gm9a";"prun aviu slat";"sl";"+";"";" | Changed prun aviu To prun aviu slat 2012-11-27 01:00:28"
"gm9a";"sali capr";"sl";"1";"";""
"gm9a";"samb nigr";"sl";"1";"";""
"gm9a";"tili plat";"sl";"+";"";""
"gm9a";"vibu opul";"sl";"+";"";""
"gm9a";"acer plat";"tl";"+";"";""
"gm9a";"acer pseu";"tl";"1";"";""
"gm9a";"frax exce";"tl";"2b";"";""
"gm9a";"prun aviu slat";"tl";"1";"";" | Changed prun aviu To prun aviu slat 2012-11-27 01:00:28"
"gm9a";"quer robu";"tl";"3";"";""
