plot,abbr,layer,cover,voucher,comment,history
lp01,acer pseu,hl,+,,,
lp01,acon lyco vulp,hl,+,,,
lp01,acon vari vari,hl,1,,,
lp01,aden alpi,hl,+,,,
lp01,ange sylv sylv,hl,+,,,
lp01,arab hirs,hl,+,,,
lp01,aspl ruta,hl,r,,,
lp01,aspl viri,hl,r,,,
lp01,berb vulg,hl,+,,,
lp01,brac sylv,hl,1,,,
lp01,buph sali,hl,2b,,,
lp01,cala vari,hl,2a,,,
lp01,camp coch,hl,r,,,
lp01,camp rapu rapu,hl,+,,,
lp01,camp trac,hl,+,,,
lp01,card defl viri,hl,+,,,
lp01,care alba,hl,3,,,
lp01,care humi,hl,2b,,,
lp01,care mucr,hl,r,,,
lp01,ceph long,hl,+,,,
lp01,clem vita,hl,+,,,
lp01,clin alpi alpi,hl,+,,,
lp01,conv maja maja,hl,+,,,
lp01,corn sang slat,hl,+,,,
lp01,cory avel,hl,+,,,
lp01,cycl purp,hl,+,,,
lp01,daph meze,hl,+,,,
lp01,epip atro,hl,+,,,
lp01,epip hell slat,hl,+,,,
lp01,eupa cann,hl,+,,,
lp01,euph sali,hl,+,,,
lp01,fagu sylv,hl,+,,,
lp01,fran alnu,hl,r,,,
lp01,frax exce,hl,+,,,
lp01,gale flav,hl,r,,,
lp01,gali anis,hl,+,,,
lp01,gali sylv,hl,+,,,
lp01,hepa nobi,hl,1,,,
lp01,hier bifi,hl,+,,,
lp01,hier muro,hl,+,,,
lp01,hype perf,hl,r,,,
lp01,kern saxa,hl,+,,,
lp01,lact mura,hl,+,,,
lp01,lase lati lati,hl,r,,,
lp01,lase sile sile,hl,r,,,
lp01,leon hisp hyos,hl,r,,,
lp01,ligu vulg,hl,+,,,
lp01,loni alpi,hl,1,,,
lp01,loni xylo,hl,+,,,
lp01,meli nuta,hl,+,,,
lp01,merc pere,hl,1,,,
lp01,orig vulg,hl,1,,,
lp01,pimp majo majo,hl,1,,,
lp01,pote caul,hl,r,,,
lp01,pren purp,hl,+,,,
lp01,rham cath,hl,+,,,
lp01,rubu saxa,hl,+,,,
lp01,salv glut,hl,1,,,
lp01,scab luci luci,hl,r,,,
lp01,sene ovat ovat,hl,r,,,
lp01,sesl caer,hl,2a,,,
lp01,soli virg virg,hl,+,,,
lp01,thal minu slat,hl,+,,,
lp01,ulmu glab,hl,+,,,
lp01,vale mont,hl,r,,,
lp01,vale offi tenu,hl,+,,,
lp01,vale trip,hl,+,,,
lp01,vero urti,hl,+,,,
lp01,vibu lant,hl,+,,,
lp01,vinc hiru,hl,2b,,,
lp01,viol coll,hl,+,2014-0281,,
lp01,viol reic,hl,+,,,
lp01,cten moll slat,ml,+,,,
lp01,acer pseu,sl,+,,,
lp01,amel oval,sl,r,,,
lp01,corn sang slat,sl,+,,,
lp01,cory avel,sl,1,,,
lp01,fagu sylv,sl,2b,,,
lp01,frax exce,sl,1,,,
lp01,ligu vulg,sl,2a,,,
lp01,sorb aria,sl,1,,,
lp01,tili plat,sl,+,,,
lp01,ulmu glab,sl,+,,,
lp01,vibu lant,sl,+,,,
lp01,fagu sylv,tl1,3,,,
lp01,acer plat,tl2,2a,,,
lp01,fagu sylv,tl2,2b,,,
lp01,frax exce,tl2,2b,,,
lp01,tili plat,tl2,2a,,,
lp02,acer pseu,hl,+,,,
lp02,acon lyco vulp,hl,+,,,
lp02,acon vari vari,hl,+,,,
lp02,acta spic,hl,r,,,
lp02,aden alpi,hl,+,,,
lp02,arab hirs,hl,+,,,
lp02,buph sali,hl,1,,,
lp02,cala vari,hl,2a,,,
lp02,camp trac,hl,+,,,
lp02,card defl viri,hl,+,,,
lp02,care alba,hl,4,,,
lp02,care digi,hl,+,,,
lp02,care humi,hl,2a,,,
lp02,clem vita,hl,+,,,
lp02,clin alpi alpi,hl,+,,,
lp02,conv maja maja,hl,r,,,
lp02,cory avel,hl,r,,,
lp02,daph meze,hl,+,,,
lp02,epip atro,hl,r,,,
lp02,epip hell slat,hl,r,,,
lp02,eupa cann,hl,1,,,
lp02,fagu sylv,hl,+,,,
lp02,fran alnu,hl,r,,,
lp02,frax exce,hl,+,,,
lp02,gale flav,hl,r,,,
lp02,gali anis,hl,r,,,
lp02,gali sylv,hl,+,,,
lp02,gent cili,hl,r,,,
lp02,hepa nobi,hl,1,,,
lp02,lact mura,hl,+,,,
lp02,maia bifo,hl,r,,,
lp02,merc pere,hl,+,,,
lp02,orig vulg,hl,1,,,
lp02,pice abie,hl,r,,,
lp02,pimp majo majo,hl,1,,,
lp02,poly cham,hl,+,,,
lp02,pren purp,hl,+,,,
lp02,rham cath,hl,r,,,
lp02,rubu saxa,hl,+,,,
lp02,salv glut,hl,+,,,
lp02,sene ovat ovat,hl,+,,,
lp02,sesl caer,hl,1,,,
lp02,soli virg virg,hl,+,,,
lp02,sorb aria,hl,+,,,
lp02,thym prae poly,hl,+,,,
lp02,tili cord,hl,r,,,
lp02,vacc myrt,hl,r,,,
lp02,vale offi tenu,hl,+,,,
lp02,vale trip,hl,+,,,
lp02,vero urti,hl,+,,,
lp02,vinc hiru,hl,1,,,
lp02,viol coll,hl,+,2014-0282,,
lp02,viol reic,hl,+,,,
lp02,frax exce,sl,+,,,
lp02,sorb aria,sl,1,,,
lp02,acer pseu,tl1,+,,,
lp02,fagu sylv,tl1,4,,,
lp02,acer pseu,tl2,1,,,
lp02,fagu sylv,tl2,2b,,,
lp02,frax exce,tl2,+,,,
lp02,sorb aria,tl2,1,2014-0283,,
lp03,acer pseu,hl,+,,,
lp03,acon vari vari,hl,+,,,
lp03,aden alpi,hl,1,,,
lp03,ange sylv sylv,hl,+,,,
lp03,arab aren,hl,+,,,
lp03,arun dioi,hl,r,,,
lp03,asar euro cauc,hl,+,,,
lp03,aspl ruta,hl,+,,,
lp03,beto alop,hl,r,,,
lp03,buph sali,hl,2b,,,
lp03,cala vari,hl,2b,,,
lp03,camp coch,hl,+,,,
lp03,camp rapu rapu,hl,r,,,
lp03,camp trac,hl,+,,,
lp03,card defl viri,hl,1,,,
lp03,care alba,hl,2a,,,
lp03,care digi,hl,+,,,
lp03,care humi,hl,2a,,,
lp03,care orni orni,hl,r,,,
lp03,ceph long,hl,r,,,
lp03,conv maja maja,hl,r,,,
lp03,cycl purp,hl,+,,,
lp03,daph meze,hl,+,,,
lp03,erig glab glab,hl,r,cp. 2014-0404,,
lp03,eupa cann,hl,+,,,
lp03,fagu sylv,hl,+,,,
lp03,frax exce,hl,+,,,
lp03,gale flav,hl,+,,,
lp03,gali sylv,hl,+,,,
lp03,hepa nobi,hl,+,,,
lp03,hera aust aust,hl,r,,,
lp03,hier bifi,hl,+,,,
lp03,kern saxa,hl,+,,,
lp03,lact mura,hl,+,,,
lp03,lase lati lati,hl,r,,,
lp03,lili mart,hl,r,,,
lp03,loni alpi,hl,r,,,
lp03,meli nuta,hl,+,,,
lp03,merc pere,hl,+,,,
lp03,orig vulg,hl,1,,,
lp03,pimp majo majo,hl,+,,,
lp03,poly acul,hl,r,,,
lp03,pren purp,hl,+,,,
lp03,salv glut,hl,1,,,
lp03,sene ovat ovat,hl,+,,,
lp03,sesl caer,hl,1,,,
lp03,soli virg virg,hl,+,,,
lp03,sorb aria,hl,+,,,
lp03,teuc mont,hl,r,,,
lp03,thal minu slat,hl,+,,,
lp03,ulmu glab,hl,+,,,
lp03,vero urti,hl,+,,,
lp03,vinc hiru,hl,1,,,
lp03,viol reic,hl,+,,,
lp03,neck cris,ml,+,,,
lp03,acer plat,sl,+,,,
lp03,cory avel,sl,+,,,
lp03,daph meze,sl,+,,,
lp03,fagu sylv,sl,1,,,
lp03,frax exce,sl,1,,,
lp03,sorb aria,sl,2a,,,
lp03,sorb aucu aucu,sl,1,,,
lp03,ulmu glab,sl,+,,,
lp03,fagu sylv,tl1,3,,,
lp03,abie alba,tl2,2a,,,
lp03,acer plat,tl2,2a,,,
lp03,acer pseu,tl2,1,,,
lp03,frax exce,tl2,2a,,,
lp03,sorb aria,tl2,2a,,,
lp03,tili plat,tl2,2a,,,
lp04,acer pseu,hl,+,,,
lp04,acon vari vari,hl,+,,,
lp04,aden alpi,hl,+,,,
lp04,amel oval,hl,+,,,
lp04,anth ramo,hl,1,,,
lp04,aspl ruta,hl,+,,,
lp04,aspl tric quad,hl,r,,,
lp04,bell mich,hl,+,,,
lp04,beto alop,hl,+,,,
lp04,buph sali,hl,2a,,,
lp04,cala vari,hl,2a,,,
lp04,camp trac,hl,+,,,
lp04,card defl viri,hl,1,,,
lp04,care digi,hl,+,,,
lp04,care humi,hl,2b,,,
lp04,care orni orni,hl,+,,,
lp04,clem vita,hl,+,,,
lp04,clin alpi alpi,hl,+,,,
lp04,conv maja maja,hl,+,,,
lp04,cory avel,hl,+,,,
lp04,daph meze,hl,+,,,
lp04,epip atro,hl,r,,,
lp04,erig glab glab,hl,r,,,
lp04,eupa cann,hl,+,,,
lp04,euph amyg amyg,hl,r,,,
lp04,euph sali,hl,+,,,
lp04,frag vesc,hl,+,,,
lp04,fran alnu,hl,r,,,
lp04,gale flav,hl,+,,,
lp04,gali anis,hl,+,,,
lp04,gali sylv,hl,+,,,
lp04,gent cili,hl,r,,,
lp04,hepa nobi,hl,+,,,
lp04,hier bifi,hl,+,,,
lp04,hier muro,hl,+,,,
lp04,kern saxa,hl,+,,,
lp04,lase lati lati,hl,+,,,
lp04,lase sile sile,hl,1,,,
lp04,loni alpi,hl,+,,,
lp04,merc pere,hl,+,,,
lp04,orig vulg,hl,+,,,
lp04,phyt orbi,hl,+,,,
lp04,poly cham,hl,+,,,
lp04,poly odor,hl,r,,,
lp04,pote caul,hl,r,,,
lp04,pren purp,hl,+,,,
lp04,prim auri auri,hl,r,,,
lp04,rham cath,hl,+,,,
lp04,rubu saxa,hl,+,,,
lp04,salv glut,hl,+,,,
lp04,scab luci luci,hl,+,,,
lp04,sesl caer,hl,2a,,,
lp04,soli virg virg,hl,+,,,
lp04,sorb aria,hl,+,,,
lp04,sorb aucu aucu,hl,+,,,
lp04,teuc mont,hl,r,,,
lp04,thal minu slat,hl,+,,,
lp04,tili ﾃ要ul,hl,+,,,
lp04,vale trip,hl,+,,,
lp04,vero urti,hl,+,,,
lp04,vinc hiru,hl,1,,,
lp04,viol coll,hl,+,2014-0284,,
lp04,amel oval,sl,+,,,
lp04,cory avel,sl,+,,,
lp04,fagu sylv,sl,1,,,
lp04,frax exce,sl,2a,,,
lp04,rham cath,sl,+,,,
lp04,tili ﾃ要ul,sl,1,,,
lp04,fagu sylv,tl1,2b,,,
lp04,acer pseu,tl2,2a,,,
lp04,fagu sylv,tl2,2b,,,
lp04,frax exce,tl2,1,,,
lp04,tili ﾃ要ul,tl2,2a,2014-0280,,
lp05,aden alpi,hl,2a,,,
lp05,buph sali,hl,+,,,
lp05,cala vari,hl,2b,,,
lp05,camp rapu rapu,hl,+,,,
lp05,camp trac,hl,+,,,
lp05,care alba,hl,3,,,
lp05,care digi,hl,+,,,
lp05,care humi,hl,3,,,
lp05,ceph long,hl,+,,,
lp05,ceph rubr,hl,r,,cf.,
lp05,clem vita,hl,+,,,
lp05,daph meze,hl,+,,,
lp05,epip atro,hl,r,,,
lp05,epip hell slat,hl,+,,,
lp05,eupa cann,hl,1,,,
lp05,euph amyg amyg,hl,+,,,
lp05,fagu sylv,hl,+,,,
lp05,frax exce,hl,+,,,
lp05,gale flav,hl,+,,,
lp05,gent ascl,hl,+,,,
lp05,hepa nobi,hl,+,,,
lp05,hier muro,hl,+,,,
lp05,lact mura,hl,+,,,
lp05,lili mart,hl,+,,,
lp05,loni alpi,hl,+,,,
lp05,meli nuta,hl,+,,,
lp05,merc pere,hl,+,,,
lp05,orig vulg,hl,+,,,
lp05,pimp majo majo,hl,+,,,
lp05,pren purp,hl,+,,,
lp05,salv glut,hl,1,,,
lp05,samb race,hl,r,,,
lp05,sene ovat ovat,hl,+,,,
lp05,sesl caer,hl,+,,,
lp05,soli virg virg,hl,+,,,
lp05,thal minu slat,hl,r,,,
lp05,vero urti,hl,+,,,
lp05,vinc hiru,hl,1,,,
lp05,viol reic,hl,+,,,
lp05,frax exce,sl,1,,,
lp05,sorb aria,sl,1,,,
lp05,fagu sylv,tl1,5,,,
lp05,fagu sylv,tl2,2a,,,
lp06,acon vari vari,hl,+,,,
lp06,aden alpi,hl,+,,,
lp06,buph sali,hl,1,,,
lp06,cala vari,hl,2b,,,
lp06,card defl viri,hl,2a,,,
lp06,care alba,hl,2a,,,
lp06,care humi,hl,4,,,
lp06,cory avel,hl,+,,,
lp06,daph meze,hl,+,,,
lp06,epip atro,hl,r,,,
lp06,eupa cann,hl,+,,,
lp06,frag vesc,hl,+,,,
lp06,frax exce,hl,+,,,
lp06,hepa nobi,hl,+,,,
lp06,hera aust aust,hl,+,,,
lp06,loni alpi,hl,+,,,
lp06,merc pere,hl,+,,,
lp06,orig vulg,hl,+,,,
lp06,phyt orbi,hl,+,,,
lp06,pice abie,hl,r,,,
lp06,pimp majo majo,hl,+,,,
lp06,poly vert,hl,r,,,
lp06,pren purp,hl,+,,,
lp06,rham cath,hl,+,,,
lp06,rubu saxa,hl,1,,,
lp06,salv glut,hl,1,,,
lp06,scab luci luci,hl,+,,,
lp06,sene ovat ovat,hl,+,,,
lp06,sesl caer,hl,1,,,
lp06,soli virg virg,hl,+,,,
lp06,thal minu slat,hl,+,,,
lp06,vinc hiru,hl,1,,,
lp06,viol reic,hl,+,,,
lp06,tort tort,ml,+,,,
lp06,acer pseu,sl,1,,,
lp06,cory avel,sl,+,,,
lp06,fagu sylv,sl,+,,,
lp06,frax exce,sl,2a,,,
lp06,sorb aria,sl,2a,,,
lp06,fagu sylv,tl1,3,,,
lp06,fagu sylv,tl2,2b,,,
lp06,frax exce,tl2,1,,,
lp06,sorb aria,tl2,2a,,,
lp06,tili ﾃ要ul,tl2,2a,2014-0285,,
lp07,acon vari vari,hl,+,,,
lp07,anth ramo,hl,+,,,
lp07,beto alop,hl,+,,,
lp07,buph sali,hl,1,,,
lp07,cala vari,hl,2b,,,
lp07,camp trac,hl,+,,,
lp07,card defl viri,hl,+,,,
lp07,care alba,hl,1,,,
lp07,care humi,hl,4,,,
lp07,clem vita,hl,2b,,,
lp07,clin alpi alpi,hl,+,,,
lp07,conv maja maja,hl,+,,,
lp07,cory avel,hl,+,,,
lp07,euph amyg amyg,hl,+,,,
lp07,euph cypa,hl,+,,,
lp07,frag vesc,hl,+,,,
lp07,fran alnu,hl,+,,,
lp07,frax exce,hl,+,,,
lp07,gali anis,hl,+,,,
lp07,hepa nobi,hl,+,,,
lp07,lase sile sile,hl,+,,,
lp07,ligu vulg,hl,r,,,
lp07,orig vulg,hl,1,,,
lp07,poly cham,hl,+,,,
lp07,rham cath,hl,+,,,
lp07,rosa pend,hl,+,,,
lp07,rubu saxa,hl,+,,,
lp07,salv glut,hl,1,,,
lp07,scab luci luci,hl,+,,,
lp07,sesl caer,hl,+,,,
lp07,sorb aria,hl,+,,,
lp07,thal minu slat,hl,+,,,
lp07,vero urti,hl,+,,,
lp07,vinc hiru,hl,2b,,,
lp07,viol coll,hl,+,2014-0278,,
lp07,viol reic,hl,+,,,
lp07,cory avel,sl,2b,,,
lp07,fran alnu,sl,+,,,
lp07,frax exce,sl,2a,,,
lp07,rosa cani,sl,+,,,
lp07,rosa pend,sl,+,,,
lp07,sorb aria,sl,2a,,,
lp07,fagu sylv,tl2,2a,,,
lp07,frax exce,tl2,2a,,,
lp07,sorb aria,tl2,1,2014-0279,,
lp08,acer pseu,hl,+,,,
lp08,acon vari vari,hl,+,,,
lp08,acta spic,hl,+,,,
lp08,alli lusi,hl,+,,,
lp08,amel oval,hl,1,,,
lp08,anth ramo,hl,+,,,
lp08,arab hirs,hl,+,,,
lp08,arun dioi,hl,+,,,
lp08,asar euro cauc,hl,r,,,
lp08,aspl ruta,hl,+,,,
lp08,aspl tric quad,hl,r,,,
lp08,betu pend,hl,+,,,
lp08,buph sali,hl,2a,,,
lp08,cala vari,hl,2b,,,
lp08,camp coch,hl,+,,,
lp08,camp rapu rapu,hl,+,,,
lp08,camp trac,hl,+,,,
lp08,card defl viri,hl,1,,,
lp08,care alba,hl,1,,,
lp08,care digi,hl,+,,,
lp08,care humi,hl,2b,,,
lp08,care mucr,hl,+,,,
lp08,care orni orni,hl,r,,,
lp08,clem vita,hl,+,,,
lp08,clin alpi alpi,hl,+,,,
lp08,corn sang slat,hl,1,,,
lp08,cory avel,hl,+,,,
lp08,crat mono,hl,+,,,
lp08,cycl purp,hl,+,,,
lp08,daph meze,hl,+,,,
lp08,euon lati,hl,+,,,
lp08,euph cypa,hl,+,,,
lp08,frag vesc,hl,+,,,
lp08,fran alnu,hl,+,,,
lp08,glob cord,hl,+,,,
lp08,hede heli,hl,+,,,
lp08,kern saxa,hl,+,,,
lp08,lase sile sile,hl,3,,,
lp08,leon inca,hl,+,,,
lp08,ligu vulg,hl,+,,,
lp08,loni alpi,hl,+,,,
lp08,loni xylo,hl,+,,,
lp08,orig vulg,hl,+,,,
lp08,phyt orbi,hl,r,,,
lp08,pimp majo majo,hl,+,,,
lp08,poa comp,hl,+,,,
lp08,poly acul,hl,+,,,
lp08,poly odor,hl,+,,,
lp08,pote caul,hl,+,,,
lp08,prim auri auri,hl,r,,,
lp08,rham cath,hl,+,,,
lp08,rosa micr,hl,r,,,
lp08,rosa pend,hl,+,,,
lp08,salv glut,hl,+,,,
lp08,sedu albu,hl,+,,,
lp08,sene ovat ovat,hl,+,,,
lp08,sesl caer,hl,1,,,
lp08,sorb aria,hl,+,,,
lp08,teuc cham,hl,r,,,
lp08,thal minu slat,hl,1,,,
lp08,thym prae prae,hl,r,,,
lp08,tili plat,hl,+,,,
lp08,vero urti,hl,+,,,
lp08,vinc hiru,hl,1,,,
lp08,viol hirt,hl,+,,,
lp08,amel oval,sl,1,,,
lp08,corn sang slat,sl,2a,,,
lp08,cory avel,sl,2b,,,
lp08,crat mono,sl,+,,,
lp08,fagu sylv,sl,+,,,
lp08,frax exce,sl,1,,,
lp08,ligu vulg,sl,1,,,
lp08,loni xylo,sl,+,,,
lp08,rham cath,sl,1,,,
lp08,rosa cani,sl,+,,,
lp08,rosa pend,sl,+,,,
lp08,sorb aria,sl,2b,,,
lp08,tili cord,sl,+,,,
lp08,tili plat,sl,2a,,,
lp08,ulmu glab,sl,+,,,
lp08,fagu sylv,tl1,2b,,,
lp08,frax exce,tl1,2a,,,
lp08,tili ﾃ要ul,tl1,1,,,
lp08,acer plat,tl2,1,,,
lp08,fagu sylv,tl2,1,,,
lp08,frax exce,tl2,2b,,,
lp08,sorb aria,tl2,2b,,,
lp08,tili cord,tl2,2a,,,
lp08,tili plat,tl2,2a,,,
lp08,ulmu glab,tl2,1,,,
lp09,acer pseu,hl,+,,,
lp09,acon vari vari,hl,+,,,
lp09,aden alpi,hl,1,,,
lp09,ange sylv sylv,hl,r,,,
lp09,arun dioi,hl,r,,,
lp09,aspl ruta,hl,+,,,
lp09,aspl tric quad,hl,r,,,
lp09,aspl viri,hl,+,,,
lp09,bell mich,hl,r,,,
lp09,berb vulg,hl,r,,,
lp09,buph sali,hl,+,,,
lp09,cala vari,hl,1,,,
lp09,camp coch,hl,+,,,
lp09,camp rapu rapu,hl,r,,,
lp09,camp trac,hl,+,,,
lp09,card defl viri,hl,r,,,
lp09,card enne,hl,+,,,
lp09,care alba,hl,3,,,
lp09,care digi,hl,+,,,
lp09,care humi,hl,+,,,
lp09,care mucr,hl,r,,,
lp09,ceph dama,hl,+,,,
lp09,ceph long,hl,r,,,
lp09,clem vita,hl,+,,,
lp09,conv maja maja,hl,+,,,
lp09,cory avel,hl,+,,,
lp09,daph meze,hl,+,,,
lp09,epip hell slat,hl,1,,,
lp09,euph amyg amyg,hl,+,,,
lp09,fagu sylv,hl,+,,,
lp09,frax exce,hl,+,,,
lp09,gale flav,hl,+,,,
lp09,gali sylv,hl,r,,,
lp09,hepa nobi,hl,+,,,
lp09,hier bifi,hl,+,,,
lp09,kern saxa,hl,r,,,
lp09,lact mura,hl,+,,,
lp09,lase sile sile,hl,r,,,
lp09,ligu vulg,hl,+,,,
lp09,lili mart,hl,+,,,
lp09,loni alpi,hl,r,,,
lp09,meli nuta,hl,+,,,
lp09,merc pere,hl,+,,,
lp09,neot nidu,hl,r,,,
lp09,phyt orbi,hl,r,,,
lp09,pimp majo majo,hl,+,,,
lp09,poly odor,hl,r,,,
lp09,pren purp,hl,+,,,
lp09,rham cath,hl,+,,,
lp09,rosa pend,hl,r,,,
lp09,rubu saxa,hl,r,,,
lp09,salv glut,hl,1,,,
lp09,sesl caer,hl,2a,,,
lp09,soli virg virg,hl,+,,,
lp09,sorb aria,hl,+,,,
lp09,thal minu slat,hl,r,,,
lp09,ulmu glab,hl,+,,,
lp09,vale trip,hl,+,,,
lp09,vero urti,hl,+,,,
lp09,vinc hiru,hl,+,,,
lp09,viol coll,hl,r,2014-0345,,
lp09,cten moll slat,ml,1,,,
lp09,neck cris,ml,+,,,
lp09,acer pseu,sl,+,,,
lp09,cory avel,sl,+,,,
lp09,daph meze,sl,r,,,
lp09,frax exce,sl,+,,,
lp09,samb nigr,sl,+,,,
lp09,fagu sylv,tl1,4,,,
lp09,acer plat,tl2,+,,,
lp09,fagu sylv,tl2,3,,,
lp09,sorb aria,tl2,1,,,
lp09,tili cord,tl2,1,,,
lp09,ulmu glab,tl2,+,,,
lp10,acon vari vari,hl,+,,,
lp10,aden alpi,hl,+,,,
lp10,alli lusi,hl,r,,,
lp10,anth ramo,hl,+,,,
lp10,aspl ruta,hl,r,,,
lp10,buph sali,hl,1,,,
lp10,cala vari,hl,2b,,,
lp10,card defl viri,hl,1,,,
lp10,care alba,hl,1,,,
lp10,care humi,hl,4,,,
lp10,care mucr,hl,+,,,
lp10,clin alpi alpi,hl,r,,,
lp10,conv maja maja,hl,r,,,
lp10,daph meze,hl,+,,,
lp10,epip atro,hl,r,,,
lp10,erig glab glab,hl,r,w2014-0404,,
lp10,eupa cann,hl,+,,,
lp10,euph sali,hl,+,,,
lp10,fagu sylv,hl,+,,,
lp10,frag vesc,hl,+,,,
lp10,gali anis,hl,r,,,
lp10,gent cili,hl,+,,,
lp10,gymn robe,hl,+,,,
lp10,hepa nobi,hl,1,,,
lp10,knau maxi,hl,+,,,
lp10,lase lati lati,hl,+,,,
lp10,loni alpi,hl,+,,,
lp10,merc pere,hl,+,,,
lp10,orig vulg,hl,+,,,
lp10,pimp majo majo,hl,+,,,
lp10,poly cham,hl,+,,,
lp10,poly odor,hl,+,,,
lp10,poly vert,hl,r,,,
lp10,ranu nemo,hl,+,,,
lp10,rubu saxa,hl,+,,,
lp10,salv glut,hl,r,,,
lp10,sene ovat ovat,hl,r,,,
lp10,sesl caer,hl,2a,,,
lp10,soli virg virg,hl,+,,,
lp10,sorb aria,hl,+,,,
lp10,thal minu slat,hl,+,,,
lp10,vale offi tenu,hl,r,,,
lp10,vale trip,hl,r,,,
lp10,vinc hiru,hl,1,,,
lp10,viol coll,hl,+,2014-0343,,
lp10,viol reic,hl,+,,,
lp10,tort tort,ml,+,,,
lp10,acer pseu,sl,1,,,
lp10,cory avel,sl,+,,,
lp10,fagu sylv,sl,+,,,
lp10,frax exce,sl,+,,,
lp10,sorb aria,sl,1,2014-0344,,
lp10,lari deci deci,tl1,2a,,,
lp10,acer pseu,tl2,2b,,,
lp10,fagu sylv,tl2,3,,,
lp10,frax exce,tl2,1,,,
lp10,pice abie,tl2,1,,,
lp11,acon vari vari,hl,+,,,
lp11,anth ramo,hl,+,,,
lp11,aqui atra,hl,r,,,
lp11,aspl ruta,hl,+,,,
lp11,buph sali,hl,2a,,,
lp11,cala vari,hl,2b,,,
lp11,camp rotu aggr,hl,r,,,
lp11,card defl viri,hl,2a,,,
lp11,care humi,hl,3,,,
lp11,care mucr,hl,+,,,
lp11,clem vita,hl,+,,,
lp11,clin alpi alpi,hl,+,,,
lp11,cory avel,hl,+,,,
lp11,cycl purp,hl,r,,,
lp11,epip atro,hl,+,,,
lp11,epip hell slat,hl,+,,,
lp11,fagu sylv,hl,+,,,
lp11,frag vesc,hl,+,,,
lp11,frax exce,hl,+,,,
lp11,gali albu,hl,r,,,
lp11,gali anis,hl,+,,,
lp11,gali sylv,hl,+,,,
lp11,hepa nobi,hl,+,,,
lp11,hier bifi,hl,+,,,
lp11,lase lati lati,hl,r,,,
lp11,lili mart,hl,r,,,
lp11,loni alpi,hl,+,,,
lp11,merc pere,hl,r,,,
lp11,orig vulg,hl,1,,,
lp11,phyt orbi,hl,+,,,
lp11,rham cath,hl,+,,,
lp11,rham saxa saxa,hl,r,,,
lp11,rubu saxa,hl,+,,,
lp11,salv glut,hl,1,,,
lp11,scab luci luci,hl,r,2014-0342,,
lp11,sesl caer,hl,2a,,,
lp11,soli virg virg,hl,+,,,
lp11,sorb aria,hl,+,,,
lp11,thal minu slat,hl,+,,,
lp11,vale offi tenu,hl,r,,,
lp11,vero urti,hl,+,,,
lp11,vinc hiru,hl,2a,,,
lp11,viol coll,hl,+,2014-0341,,
lp11,tort tort,ml,+,,,
lp11,acer pseu,sl,+,,,
lp11,cory avel,sl,2a,,,
lp11,daph meze,sl,+,,,
lp11,fagu sylv,sl,1,,,
lp11,frax exce,sl,1,,,
lp11,rham cath,sl,+,,,
lp11,sorb aria,sl,2a,,,
lp11,fagu sylv,tl1,2a,,,
lp11,fagu sylv,tl2,2b,,,
lp11,frax exce,tl2,2a,,,
lp11,sorb aria,tl2,2a,2014-0340,,
lp12,acer pseu,hl,+,,,
lp12,acon vari vari,hl,+,,,
lp12,aspl ruta,hl,+,,,
lp12,cala vari,hl,+,,,
lp12,camp trac,hl,+,,,
lp12,card defl viri,hl,r,,,
lp12,care alba,hl,3,,,
lp12,care digi,hl,+,,,
lp12,care humi,hl,2b,,,
lp12,ceph long,hl,r,,,
lp12,clem vita,hl,+,,,
lp12,cory avel,hl,+,,,
lp12,daph meze,hl,+,,,
lp12,epip hell slat,hl,+,,,
lp12,eupa cann,hl,+,,,
lp12,euph amyg amyg,hl,+,,,
lp12,fagu sylv,hl,+,,,
lp12,gali sylv,hl,+,,,
lp12,gent cili,hl,+,,,
lp12,hepa nobi,hl,1,,,
lp12,loni alpi,hl,1,,,
lp12,meli nuta,hl,+,,,
lp12,merc pere,hl,1,,,
lp12,orig vulg,hl,+,,,
lp12,pimp majo majo,hl,+,,,
lp12,poly mult,hl,r,,,
lp12,poly vert,hl,r,,,
lp12,pren purp,hl,+,,,
lp12,rham cath,hl,+,,,
lp12,salv glut,hl,1,,,
lp12,scab luci luci,hl,r,,,
lp12,sene ovat ovat,hl,+,,,
lp12,sesl caer,hl,1,,,
lp12,soli virg virg,hl,+,,,
lp12,vale trip,hl,+,,,
lp12,vero urti,hl,+,,,
lp12,vinc hiru,hl,1,,,
lp12,viol coll,hl,+,2014-0339,,
lp12,viol reic,hl,+,,,
lp12,cory avel,sl,1,,,
lp12,euon lati,sl,r,2014-0338,,
lp12,fagu sylv,sl,1,,,
lp12,frax exce,sl,1,,,
lp12,sorb aria,sl,1,,,
lp12,fagu sylv,tl1,4,,,
lp12,acer pseu,tl2,2a,,,
lp12,fagu sylv,tl2,3,,,
lp12,frax exce,tl2,2b,,,
lp13,acon vari vari,hl,+,,,
lp13,amel oval,hl,+,,,
lp13,anth ramo,hl,+,,,
lp13,aspl ruta,hl,+,,,
lp13,buph sali,hl,2a,,,
lp13,cala vari,hl,2a,,,
lp13,camp trac,hl,+,,,
lp13,card defl viri,hl,1,,,
lp13,care alba,hl,1,,,
lp13,care digi,hl,+,,,
lp13,care humi,hl,2b,,,
lp13,care mucr,hl,r,,,
lp13,ceph dama,hl,r,,,
lp13,clem vita,hl,1,,,
lp13,clin alpi alpi,hl,r,,,
lp13,conv maja maja,hl,+,,,
lp13,corn sang slat,hl,1,,,
lp13,cory avel,hl,1,,,
lp13,cycl purp,hl,r,,,
lp13,daph meze,hl,+,,,
lp13,euon lati,hl,r,,,
lp13,euph amyg amyg,hl,+,,,
lp13,euph cypa,hl,+,,,
lp13,frag vesc,hl,+,,,
lp13,fran alnu,hl,+,,,
lp13,hepa nobi,hl,+,,,
lp13,hier bifi,hl,+,,,
lp13,kern saxa,hl,r,,,
lp13,lact mura,hl,+,,,
lp13,lase lati lati,hl,+,,,
lp13,lase sile sile,hl,2a,,,
lp13,leon hisp slat,hl,r,,,
lp13,leon inca,hl,r,,,
lp13,ligu vulg,hl,2a,,,
lp13,loni alpi,hl,+,,,
lp13,loni xylo,hl,+,,,
lp13,merc pere,hl,+,,,
lp13,orig vulg,hl,+,,,
lp13,orob spec ies,hl,r,,,
lp13,pote caul,hl,r,,,
lp13,pren purp,hl,+,,,
lp13,prim auri auri,hl,r,,,
lp13,ranu nemo,hl,r,,,
lp13,rham cath,hl,+,,,
lp13,salv glut,hl,+,,,
lp13,sedu albu,hl,r,,,
lp13,sesl caer,hl,1,,,
lp13,soli virg virg,hl,+,,,
lp13,thal minu slat,hl,+,,,
lp13,tili ﾃ要ul,hl,+,,,
lp13,ulmu glab,hl,+,,,
lp13,vale mont,hl,r,,,
lp13,vale trip,hl,r,,,
lp13,vero urti,hl,+,,,
lp13,vibu lant,hl,+,,,
lp13,vinc hiru,hl,2a,,,
lp13,viol coll,hl,+,2014-0337,,
lp13,viol mira,hl,+,2014-0336,,
lp13,tort tort,ml,+,,,
lp13,amel oval,sl,+,,,
lp13,corn sang slat,sl,+,,,
lp13,cory avel,sl,2a,,,
lp13,crat mono,sl,r,,,
lp13,fagu sylv,sl,+,,,
lp13,frag vesc,sl,1,,,
lp13,ligu vulg,sl,2b,,,
lp13,rham cath,sl,1,,,
lp13,rosa cani,sl,+,,,
lp13,rosa pend,sl,+,,,
lp13,sorb aria,sl,2b,,,
lp13,tili ﾃ要ul,sl,1,,,
lp13,ulmu glab,sl,+,,,
lp13,vibu lant,sl,+,,,
lp13,fagu sylv,tl1,2b,,,
lp13,tili ﾃ要ul,tl1,2b,,,
lp13,acer pseu,tl2,+,,,
lp13,fagu sylv,tl2,2a,,,
lp13,frag vesc,tl2,2a,,,
lp13,sorb aria,tl2,2a,,,
lp13,tili ﾃ要ul,tl2,2a,2014-0335,,
lp14,alli lusi,hl,r,,,
lp14,amel oval,hl,+,,,
lp14,anth ramo,hl,1,,,
lp14,aspl ruta,hl,1,,,
lp14,buph sali,hl,1,,,
lp14,cala vari,hl,2a,,,
lp14,camp rapu rapu,hl,+,,,
lp14,camp trac,hl,+,,,
lp14,card defl viri,hl,1,,,
lp14,care alba,hl,1,,,
lp14,care digi,hl,+,,,
lp14,care humi,hl,2b,,,
lp14,care mucr,hl,+,,,
lp14,clem vita,hl,2a,,,
lp14,clin alpi alpi,hl,+,,,
lp14,corn sang slat,hl,+,,,
lp14,crat mono,hl,+,,,
lp14,cycl purp,hl,r,,,
lp14,euon euro,hl,+,,,
lp14,fran alnu,hl,+,,,
lp14,frax exce,hl,+,,,
lp14,gale mont,hl,+,,,
lp14,hepa nobi,hl,+,,,
lp14,kern saxa,hl,+,,,
lp14,lase sile sile,hl,2a,,,
lp14,ligu vulg,hl,+,,,
lp14,loni xylo,hl,+,,,
lp14,merc pere,hl,+,,,
lp14,orig vulg,hl,+,,,
lp14,poly odor,hl,+,,,
lp14,pote caul,hl,r,,,
lp14,prim auri auri,hl,+,,,
lp14,rham cath,hl,+,,,
lp14,rham saxa saxa,hl,+,,,
lp14,rubu caes,hl,r,,,
lp14,salv glut,hl,1,,,
lp14,scab luci luci,hl,r,2014-0334,,
lp14,sesl caer,hl,2a,,,
lp14,soli virg virg,hl,+,,,
lp14,teuc mont,hl,+,,,
lp14,thal minu slat,hl,+,,,
lp14,vibu lant,hl,+,,,
lp14,vinc hiru,hl,2a,,,
lp14,viol coll,hl,+,2014-0333,,
lp14,tort tort,ml,+,,,
lp14,acer pseu,sl,+,,,
lp14,amel oval,sl,1,,,
lp14,clem vita,sl,+,,,
lp14,corn sang slat,sl,+,,,
lp14,cory avel,sl,2b,,,
lp14,crat mono,sl,+,,,
lp14,euon euro,sl,+,,,
lp14,frax exce,sl,1,,,
lp14,ligu vulg,sl,1,,,
lp14,rham cath,sl,+,,,
lp14,rosa cani,sl,+,,,
lp14,rosa pend,sl,+,,,
lp14,sorb aria,sl,2a,,,
lp14,vibu lant,sl,+,,,
lp14,acer pseu,tl1,2a,,,
lp14,frax exce,tl1,2b,,,
lp14,tili ﾃ要ul,tl1,2a,,,
lp14,acer pseu,tl2,2a,,,
lp14,frax exce,tl2,2a,,,
lp14,sorb aria,tl2,2a,,,
lp14,tili ﾃ要ul,tl2,2a,,,
lp15,alli lusi,hl,1,,,
lp15,amel oval,hl,+,,,
lp15,anth ramo,hl,1,,,
lp15,aspl ruta,hl,+,,,
lp15,buph sali,hl,+,,,
lp15,cala vari,hl,1,,,
lp15,card defl viri,hl,+,,,
lp15,care humi,hl,2b,,,
lp15,care mucr,hl,2a,,,
lp15,clem vita,hl,+,,,
lp15,euph sali,hl,2m,,,
lp15,fest pall,hl,r,,,
lp15,fran alnu,hl,+,,,
lp15,frax exce,hl,+,,,
lp15,glob cord,hl,+,,,
lp15,gyps repe,hl,+,,,
lp15,hier bifi,hl,+,,,
lp15,hier glau cum,hl,+,,,
lp15,kern saxa,hl,+,,,
lp15,lase sile sile,hl,2b,,,
lp15,leon inca,hl,+,,,
lp15,ligu vulg,hl,+,,,
lp15,moli caer aggr,hl,+,,cf. M. Arundinacea,
lp15,orig vulg,hl,1,,,
lp15,poly odor,hl,+,,,
lp15,pote caul,hl,+,,,
lp15,prim auri auri,hl,+,,,
lp15,rham cath,hl,+,,,
lp15,rham saxa saxa,hl,+,,,
lp15,scab luci luci,hl,+,,,
lp15,sesl caer,hl,2a,,,
lp15,taxu bacc,hl,r,,,
lp15,teuc mont,hl,+,,,
lp15,thal minu slat,hl,+,,,
lp15,tili plat,hl,+,,,
lp15,vinc hiru,hl,1,,,
lp15,viol coll,hl,+,,,
lp15,tort tort,ml,+,,,
lp15,acer pseu,sl,1,,,
lp15,amel oval,sl,1,,,
lp15,berb vulg,sl,+,,,
lp15,clem vita,sl,+,,,
lp15,cory avel,sl,2a,,,
lp15,crat mono,sl,+,,,
lp15,fran alnu,sl,+,,,
lp15,frax exce,sl,2a,,,
lp15,ligu vulg,sl,+,,,
lp15,rham cath,sl,1,,,
lp15,rosa cani,sl,+,,,
lp15,sorb aria,sl,+,,,
lp15,tili ﾃ要ul,sl,+,,,
lp15,tili plat,sl,1,,,
lp15,frax exce,tl2,1,,,
lp15,tili ﾃ要ul,tl2,1,,,
lp15,tili plat,tl2,2a,,,
lp16,amel oval,hl,2a,,,
lp16,aspl ruta,hl,+,,,
lp16,berb vulg,hl,+,,,
lp16,buph sali,hl,1,,,
lp16,cala vari,hl,+,,,
lp16,card defl viri,hl,+,,,
lp16,care alba,hl,+,,,
lp16,care humi,hl,1,,,
lp16,care mucr,hl,2a,,,
lp16,care orni orni,hl,r,,,
lp16,cory avel,hl,+,,,
lp16,eric carn,hl,2a,,,
lp16,euph cypa,hl,+,,,
lp16,euph sali,hl,+,,,
lp16,fran alnu,hl,+,,,
lp16,frax exce,hl,+,,,
lp16,gali anis,hl,+,,,
lp16,gali moll,hl,r,,,
lp16,gent cili,hl,r,,,
lp16,glob cord,hl,2a,,,
lp16,hepa nobi,hl,r,,,
lp16,leon hisp slat,hl,+,,,
lp16,ligu vulg,hl,1,,,
lp16,orig vulg,hl,+,,,
lp16,poly cham,hl,1,,,
lp16,poly odor,hl,+,,,
lp16,pote caul,hl,+,,,
lp16,quer robu,hl,r,,,
lp16,rham cath,hl,+,,,
lp16,rubu idae,hl,r,,,
lp16,sedu albu,hl,+,,,
lp16,sene abro abro,hl,+,,,
lp16,sesl caer,hl,+,,,
lp16,sorb aria,hl,+,,,
lp16,teuc cham,hl,+,,,
lp16,teuc mont,hl,+,,,
lp16,thym prae prae,hl,+,,cf.,
lp16,vibu lant,hl,1,,,
lp16,vinc hiru,hl,+,,,
lp16,viol coll,hl,r,2014-0406,,
lp16,amel oval,sl,3,,,
lp16,berb vulg,sl,1,,,
lp16,cory avel,sl,1,,,
lp16,frax exce,sl,2a,,,
lp16,lari deci deci,sl,+,,,
lp16,ligu vulg,sl,2b,,,
lp16,rham cath,sl,1,,,
lp16,rosa cani,sl,1,,,
lp16,sorb aria,sl,1,2014-0407,,
lp16,tili cord,sl,1,,,
lp16,vibu lant,sl,1,,,
lp16,pinu sylv,tl2,2a,,,
lp17,acer plat,hl,+,,,
lp17,amel oval,hl,+,,,
lp17,arab hirs,hl,r,,,
lp17,aspl ruta,hl,+,,,
lp17,berb vulg,hl,+,,,
lp17,betu pend,hl,+,,,
lp17,buph sali,hl,1,,,
lp17,cala vari,hl,2a,,,
lp17,card defl viri,hl,1,,,
lp17,care alba,hl,+,,,
lp17,care digi,hl,r,,,
lp17,care humi,hl,2a,,,
lp17,care mucr,hl,+,,,
lp17,care orni orni,hl,+,,,
lp17,clem vita,hl,1,,,
lp17,corn sang slat,hl,+,,,
lp17,cory avel,hl,+,,,
lp17,cycl purp,hl,1,,,
lp17,epip hell slat,hl,r,,,
lp17,eric carn,hl,2a,,,
lp17,euph cypa,hl,+,,,
lp17,fagu sylv,hl,+,,,
lp17,frax exce,hl,+,,,
lp17,gale mont,hl,r,,,
lp17,glob cord,hl,+,,,
lp17,hede heli,hl,+,,,
lp17,hepa nobi,hl,1,,,
lp17,hier glau cum,hl,+,,,
lp17,hype perf,hl,+,,,
lp17,lact mura,hl,r,,,
lp17,lase lati lati,hl,+,,,
lp17,lase sile sile,hl,+,,,
lp17,ligu vulg,hl,1,,,
lp17,meli nuta,hl,+,,,
lp17,merc pere,hl,+,,,
lp17,orig vulg,hl,1,,,
lp17,pinu sylv,hl,+,,,
lp17,poly odor,hl,r,,,
lp17,quer robu,hl,+,,,
lp17,rham cath,hl,+,,,
lp17,rosa cani,hl,+,,,
lp17,rubu sect rubu,hl,2a,,,
lp17,salv glut,hl,+,,,
lp17,scab luci luci,hl,+,2014-0405,,
lp17,sedu albu,hl,+,,,
lp17,sesl caer,hl,1,,,
lp17,soli virg virg,hl,1,,,
lp17,sorb aria,hl,1,,,
lp17,taxu bacc,hl,+,,,
lp17,teuc cham,hl,2a,,,
lp17,teuc mont,hl,+,,,
lp17,tili ﾃ要ul,hl,+,,,
lp17,vero urti,hl,r,,,
lp17,vibu lant,hl,1,,,
lp17,vinc hiru,hl,+,,,
lp17,viol coll,hl,+,,,
lp17,tort tort,ml,+,,,
lp17,acer plat,sl,+,,,
lp17,amel oval,sl,3,,,
lp17,berb vulg,sl,+,,,
lp17,cory avel,sl,2a,,,
lp17,coto tome,sl,+,,,
lp17,fagu sylv,sl,+,,,
lp17,frax exce,sl,1,,,
lp17,ligu vulg,sl,2b,,,
lp17,loni xylo,sl,+,,,
lp17,popu trem,sl,2a,,,
lp17,quer robu,sl,1,,,
lp17,rham cath,sl,2a,,,
lp17,rosa cani,sl,1,,,
lp17,sorb aucu aucu,sl,+,,,
lp17,vibu lant,sl,1,,,
lp17,frax exce,tl1,2b,,,
lp17,tili ﾃ要ul,tl1,2b,,,
lp17,corn sang slat,tl2,1,,,
lp17,fagu sylv,tl2,+,,,
lp17,frax exce,tl2,2b,,,
lp17,pice abie,tl2,+,,,
lp17,pinu sylv,tl2,+,,,
lp17,popu trem,tl2,2b,,,
lp17,sorb aria,tl2,+,,,
lp17,taxu bacc,tl2,1,,,
lp17,ulmu glab,tl2,+,,,
lp18,acon vari vari,hl,+,,,
lp18,aden alpi,hl,r,,,
lp18,aego poda,hl,r,,,
lp18,asar euro cauc,hl,2b,,,
lp18,athy fili,hl,r,,,
lp18,brac sylv,hl,1,,,
lp18,camp trac,hl,r,,,
lp18,card enne,hl,+,,,
lp18,card trif,hl,+,,,
lp18,care alba,hl,2b,,,
lp18,care digi,hl,+,,,
lp18,circ lute lute,hl,r,,,
lp18,corn sang slat,hl,+,,,
lp18,cory avel,hl,+,,,
lp18,daph meze,hl,+,,,
lp18,dryo fili,hl,+,,,
lp18,euon euro,hl,+,,,
lp18,frax exce,hl,+,,,
lp18,gale flav,hl,1,,,
lp18,gale mont,hl,+,,,
lp18,gali sylv,hl,r,,,
lp18,gera robe,hl,+,,,
lp18,gymn robe,hl,+,,,
lp18,hell nige,hl,2b,,,
lp18,hepa nobi,hl,1,,,
lp18,lact mura,hl,+,,,
lp18,lili mart,hl,+,,,
lp18,list ovat,hl,r,,,
lp18,loni xylo,hl,+,,,
lp18,meli nuta,hl,+,,,
lp18,merc pere,hl,2a,,,
lp18,phyt spic spic,hl,+,,,
lp18,poly odor,hl,r,,,
lp18,pren purp,hl,+,,,
lp18,pulm offi,hl,+,,,
lp18,rubu caes,hl,+,,,
lp18,rubu saxa,hl,+,,,
lp18,salv glut,hl,+,,,
lp18,soli virg virg,hl,+,,,
lp18,ulmu glab,hl,+,,,
lp18,vero urti,hl,r,,,
lp18,vibu opul,hl,+,,,
lp18,vinc hiru,hl,r,,,
lp18,vinc mino,hl,2a,,,
lp18,cory avel,sl,2b,,,
lp18,fagu sylv,sl,+,,,
lp18,ulmu glab,sl,+,,,
lp18,frax exce,tl1,3,,,
lp18,ulmu glab,tl1,2a,,,
lp18,betu pend,tl2,1,,,
lp18,frax exce,tl2,1,,,
lp18,pice abie,tl2,+,,,
lp18,sorb aria,tl2,1,2015-0092,,
lp18,tili ﾃ要ul,tl2,+,,,
lp18,ulmu glab,tl2,3,,,
lp19,acer pseu,hl,+,,,
lp19,cala vari,hl,+,,,
lp19,card defl viri,hl,+,,,
lp19,care alba,hl,+,,,
lp19,care digi,hl,r,,,
lp19,ceph long,hl,r,,,
lp19,clem vita,hl,1,,,
lp19,conv maja maja,hl,+,,,
lp19,corn sang slat,hl,1,,,
lp19,cory avel,hl,1,,,
lp19,epip atro,hl,+,,,
lp19,frax exce,hl,+,,,
lp19,gale flav,hl,1,,,
lp19,gymn robe,hl,+,,,
lp19,hell nige,hl,r,,,
lp19,hepa nobi,hl,r,,,
lp19,loni xylo,hl,+,,,
lp19,orig vulg,hl,r,,,
lp19,rham cath,hl,r,,,
lp19,rubu caes,hl,2a,,,
lp19,salv glut,hl,+,,,
lp19,thal minu slat,hl,+,,,
lp19,vinc hiru,hl,+,,,
lp19,viol alba slat,hl,r,2015-0091,,
lp19,clem vita,sl,+,,,
lp19,corn sang slat,sl,+,,,
lp19,cory avel,sl,3,,,
lp19,tili ﾃ要ul,sl,+,,,
lp19,tili plat,sl,1,,,
lp19,ulmu glab,sl,+,,,
lp19,tili plat,tl1,2a,,,
lp19,acer pseu,tl2,2a,,,
lp19,frax exce,tl2,3,,,
lp19,sorb aria,tl2,1,2015-0093,,
lp19,tili ﾃ要ul,tl2,+,,,
lp19,tili plat,tl2,1,,,
lp20,acer pseu,hl,+,,,
lp20,acon vari vari,hl,+,,,
lp20,anth ramo,hl,1,,,
lp20,asar euro cauc,hl,r,,,
lp20,berb vulg,hl,+,,,
lp20,buph sali,hl,+,,,
lp20,cala vari,hl,1,,,
lp20,card defl viri,hl,+,,,
lp20,care alba,hl,r,,,
lp20,care digi,hl,r,,,
lp20,care humi,hl,r,,,
lp20,clem vita,hl,2a,,,
lp20,corn sang slat,hl,+,,,
lp20,cory avel,hl,+,,,
lp20,frax exce,hl,+,,,
lp20,gale flav,hl,+,,,
lp20,hepa nobi,hl,+,,,
lp20,lase sile sile,hl,2a,,,
lp20,merc pere,hl,+,,,
lp20,orig vulg,hl,+,,,
lp20,pice abie,hl,r,,,
lp20,poly odor,hl,r,,,
lp20,rham cath,hl,+,,,
lp20,rubu caes,hl,+,,,
lp20,rubu idae,hl,r,,,
lp20,salv glut,hl,1,,,
lp20,thal minu slat,hl,1,,,
lp20,ulmu glab,hl,+,,,
lp20,vibu lant,hl,+,,,
lp20,vinc hiru,hl,1,,,
lp20,cory avel,sl,3,,,
lp20,fran alnu,sl,r,,,
lp20,rosa cani,sl,r,,,
lp20,ulmu glab,sl,+,,,
lp20,tili plat,tl1,2b,,,
lp20,acer pseu,tl2,+,,,
lp20,frax exce,tl2,2b,,,
lp20,sorb aria,tl2,2b,2015-0094,,
lp20,tili ﾃ要ul,tl2,1,,,
lp21,acer pseu,hl,+,,,
lp21,asar euro cauc,hl,r,,,
lp21,care alba,hl,2b,,,
lp21,care digi,hl,+,,,
lp21,clem vita,hl,1,,,
lp21,conv maja maja,hl,r,,,
lp21,corn sang slat,hl,+,,,
lp21,cory avel,hl,+,,,
lp21,euon euro,hl,+,,,
lp21,frax exce,hl,+,,,
lp21,gale flav,hl,1,,,
lp21,gale mont,hl,+,,,
lp21,gymn robe,hl,+,,,
lp21,hepa nobi,hl,+,,,
lp21,ligu vulg,hl,+,,,
lp21,merc pere,hl,1,,,
lp21,rosa arve,hl,+,,,
lp21,rubu caes,hl,1,,,
lp21,salv glut,hl,1,,,
lp21,tili ﾃ要ul,hl,+,,,
lp21,tili plat,hl,+,,,
lp21,ulmu glab,hl,+,,,
lp21,vibu lant,hl,+,,,
lp21,vinc hiru,hl,+,,,
lp21,viol mira,hl,r,,,
lp21,clem vita,sl,+,,,
lp21,cory avel,sl,3,,,
lp21,tili ﾃ要ul,sl,+,,,
lp21,tili plat,sl,+,,,
lp21,ulmu glab,sl,+,,,
lp21,acer plat,tl1,2a,,,
lp21,frax exce,tl1,4,,,
lp21,frax exce,tl2,+,,,
lp21,sorb aria,tl2,+,,,
lp21,tili plat,tl2,2b,,,
lp21,ulmu glab,tl2,1,,,
lp22,acer plat,hl,+,,,
lp22,acer pseu,hl,+,,,
lp22,anth ramo,hl,r,,,
lp22,asar euro cauc,hl,1,,,
lp22,cala vari,hl,+,,,
lp22,camp trac,hl,+,,,
lp22,care alba,hl,2a,,,
lp22,care digi,hl,+,,,
lp22,clem vita,hl,1,,,
lp22,cory avel,hl,+,,,
lp22,crat mono,hl,r,,,
lp22,euon euro,hl,1,,,
lp22,frax exce,hl,+,,,
lp22,gale flav,hl,1,,,
lp22,gale mont,hl,+,,,
lp22,gymn robe,hl,+,,,
lp22,hepa nobi,hl,+,,,
lp22,lase sile sile,hl,r,,,
lp22,lili mart,hl,+,,,
lp22,merc pere,hl,2a,,,
lp22,poly odor,hl,r,,,
lp22,pren purp,hl,+,,,
lp22,rham cath,hl,+,,,
lp22,rubu caes,hl,+,,,
lp22,sesl caer,hl,r,,,
lp22,soli virg virg,hl,+,,,
lp22,sorb aria,hl,r,,,
lp22,ulmu glab,hl,+,,,
lp22,vinc hiru,hl,1,,,
lp22,viol alba slat,hl,+,,,
lp22,viol mira,hl,+,,,
lp22,viol rivi,hl,r,,,
lp22,clem vita,sl,+,,,
lp22,cory avel,sl,2b,,,
lp22,tili plat,sl,1,,,
lp22,frax exce,tl1,2b,,,
lp22,tili plat,tl1,3,,,
lp22,ulmu glab,tl1,+,,,
lp22,acer pseu,tl2,1,,,
lp22,cory avel,tl2,+,,,
lp22,frax exce,tl2,2b,,,
lp22,tili plat,tl2,3,,,
lp22,ulmu glab,tl2,1,,,
lp23,acer plat,hl,+,,,
lp23,acer pseu,hl,+,,,
lp23,anth ramo,hl,+,,,
lp23,aspl ruta,hl,+,,,
lp23,berb vulg,hl,r,,,
lp23,cala vari,hl,+,,,
lp23,camp trac,hl,+,,,
lp23,card defl viri,hl,+,,,
lp23,care alba,hl,1,,,
lp23,clem vita,hl,+,,,
lp23,corn sang slat,hl,+,,,
lp23,cory avel,hl,1,,,
lp23,epip atro,hl,+,,,
lp23,frax exce,hl,+,,,
lp23,gale flav,hl,1,,,
lp23,gali moll,hl,r,,cf.,
lp23,hepa nobi,hl,+,,,
lp23,lase lati lati,hl,r,,,
lp23,lase sile sile,hl,+,,,
lp23,loni xylo,hl,+,,,
lp23,meli nuta,hl,r,,,
lp23,merc pere,hl,+,,,
lp23,orig vulg,hl,+,,,
lp23,pimp majo majo,hl,+,,,
lp23,poly odor,hl,+,,,
lp23,rham cath,hl,+,,,
lp23,rubu caes,hl,+,,,
lp23,rubu idae,hl,+,,,
lp23,rubu saxa,hl,+,,,
lp23,salv glut,hl,1,,,
lp23,soli virg virg,hl,+,,,
lp23,sorb aria,hl,+,,,
lp23,vibu lant,hl,+,,,
lp23,vinc hiru,hl,1,,,
lp23,viol coll,hl,+,,,
lp23,clem vita,sl,+,,,
lp23,cory avel,sl,4,,,
lp23,sorb aria,sl,+,,,
lp23,tili ﾃ要ul,sl,+,2015-0095,,
lp23,tili plat,sl,+,,,
lp23,acer plat,tl1,1,,,
lp23,tili ﾃ要ul,tl1,2a,,,
lp23,ulmu glab,tl1,1,,,
lp23,acer pseu,tl2,2b,,,
lp23,frax exce,tl2,2a,,,
lp23,tili ﾃ要ul,tl2,+,,,
lp23,tili plat,tl2,2a,,,
lp23,ulmu glab,tl2,1,,,
lp24,acer plat,hl,+,,,
lp24,asar euro cauc,hl,2a,,,
lp24,brac sylv,hl,1,,,
lp24,cala vari,hl,+,,,
lp24,card trif,hl,+,,,
lp24,care alba,hl,+,,,
lp24,corn sang slat,hl,+,,,
lp24,cory avel,hl,+,,,
lp24,dryo cart,hl,r,,,
lp24,dryo fili,hl,+,,,
lp24,euon euro,hl,+,,,
lp24,frax exce,hl,+,,,
lp24,gale mont,hl,2a,,,
lp24,gali sylv,hl,+,,,
lp24,gera robe,hl,+,,,
lp24,hepa nobi,hl,+,,,
lp24,lact mura,hl,+,,,
lp24,ligu vulg,hl,r,,,
lp24,lili mart,hl,+,,,
lp24,loni xylo,hl,+,,,
lp24,luna redi,hl,+,,,
lp24,merc pere,hl,2a,,,
lp24,moeh musc,hl,+,,,
lp24,pimp majo majo,hl,+,,,
lp24,pren purp,hl,+,,,
lp24,pulm offi,hl,+,,,
lp24,rham cath,hl,+,,,
lp24,salv glut,hl,+,,,
lp24,soli virg virg,hl,+,,,
lp24,ulmu glab,hl,+,,,
lp24,urti dioi dioi,hl,+,,,
lp24,vale trip,hl,+,,,
lp24,cten moll slat,ml,3,,,
lp24,acer pseu,sl,+,,,
lp24,cory avel,sl,2a,,,
lp24,crat mono,sl,r,,,
lp24,loni xylo,sl,+,,,
lp24,samb nigr,sl,r,,,
lp24,tili plat,sl,+,,,
lp24,acer pseu,tl1,2a,,,
lp24,tili plat,tl1,2b,,,
lp24,ulmu glab,tl1,2a,,,
lp24,acer plat,tl2,1,,,
lp24,acer pseu,tl2,1,,,
lp24,frax exce,tl2,2b,,,
lp24,pice abie,tl2,+,,,
lp24,tili plat,tl2,1,,,
lp24,ulmu glab,tl2,2b,,,
lp25,acer plat,hl,+,,,
lp25,acer pseu,hl,+,,,
lp25,amel oval,hl,1,,,
lp25,aspl ruta,hl,+,,,
lp25,aspl tric quad,hl,+,,,
lp25,berb vulg,hl,+,,,
lp25,buph sali,hl,2a,,,
lp25,cala vari,hl,1,,,
lp25,camp rapu rapu,hl,r,,,
lp25,camp trac,hl,r,,,
lp25,card defl viri,hl,1,,,
lp25,care alba,hl,1,,,
lp25,care digi,hl,+,,,
lp25,care humi,hl,2b,,,
lp25,care mucr,hl,+,,,
lp25,care orni orni,hl,+,,,
lp25,clin alpi alpi,hl,+,,,
lp25,cory avel,hl,+,,,
lp25,coto tome,hl,r,,,
lp25,epip atro,hl,+,,,
lp25,eric carn,hl,+,,,
lp25,euph cypa,hl,+,,,
lp25,frag vesc,hl,+,,,
lp25,fran alnu,hl,+,,,
lp25,frax exce,hl,+,,,
lp25,gera robe,hl,+,,,
lp25,glob cord,hl,+,,,
lp25,hepa nobi,hl,+,,,
lp25,hier bifi,hl,+,,,
lp25,kern saxa,hl,r,,,
lp25,lase lati lati,hl,+,,,
lp25,lase sile sile,hl,3,,,
lp25,ligu vulg,hl,2a,,,
lp25,meli nuta,hl,+,,,
lp25,orig vulg,hl,+,,,
lp25,poly cham,hl,1,,,
lp25,poly odor,hl,2a,,,
lp25,pote caul,hl,r,,,
lp25,pote pusi,hl,r,,,
lp25,quer robu,hl,r,,,
lp25,rham cath,hl,+,,,
lp25,rham saxa saxa,hl,1,,,
lp25,rosa cani,hl,+,,,
lp25,sesl caer,hl,2b,,,
lp25,soli virg virg,hl,+,,,
lp25,sorb aria,hl,+,,,
lp25,sorb aucu aucu,hl,+,,,
lp25,teuc cham,hl,1,,,
lp25,teuc mont,hl,+,,,
lp25,tili plat,hl,+,,,
lp25,ulmu glab,hl,+,,,
lp25,vibu lant,hl,1,,,
lp25,vibu opul,hl,+,,,
lp25,vinc hiru,hl,+,,,
lp25,viol coll,hl,+,,,
lp25,viol hirt,hl,+,,,
lp25,viol pyre,hl,1,2015-0096,,
lp25,viol rivi,hl,+,,,
lp25,acer plat,sl,+,,,
lp25,acer pseu,sl,+,,,
lp25,amel oval,sl,2a,,,
lp25,berb vulg,sl,+,,,
lp25,cory avel,sl,2a,,,
lp25,coto diel,sl,r,,cf.,
lp25,fran alnu,sl,1,,,
lp25,frax exce,sl,+,,,
lp25,ligu vulg,sl,2a,,,
lp25,quer robu,sl,r,,,
lp25,rham cath,sl,+,,,
lp25,rosa cani,sl,+,,,
lp25,sorb aria,sl,1,,,
lp25,sorb aucu aucu,sl,+,,,
lp25,tili ﾃ要ul,sl,+,,,
lp25,tili plat,sl,1,,,
lp25,ulmu glab,sl,+,,,
lp25,vibu lant,sl,1,,,
lp25,acer pseu,tl2,+,,,
lp25,fagu sylv,tl2,1,,,
lp25,frax exce,tl2,1,,,
lp25,pice abie,tl2,1,,,
lp25,sorb aria,tl2,2a,,,
lp25,tili ﾃ要ul,tl2,2a,,,
lp25,tili plat,tl2,2b,,,
lp25,visc albu,tl2,+,,,
lp26,acer plat,hl,+,,,
lp26,acer pseu,hl,+,,,
lp26,amel oval,hl,+,,,
lp26,anem nemo,hl,+,,,
lp26,asar euro cauc,hl,+,,,
lp26,aspl ruta,hl,+,,,
lp26,aspl tric quad,hl,+,,,
lp26,berb vulg,hl,+,,,
lp26,buph sali,hl,+,,,
lp26,cala vari,hl,+,,,
lp26,camp rapu rapu,hl,1,,,
lp26,camp trac,hl,+,,,
lp26,card defl viri,hl,+,,,
lp26,care alba,hl,3,,,
lp26,care digi,hl,+,,,
lp26,care humi,hl,1,,,
lp26,care mucr,hl,r,,,
lp26,care orni orni,hl,+,,,
lp26,clem vita,hl,1,,,
lp26,conv maja maja,hl,+,,,
lp26,corn sang slat,hl,+,,,
lp26,daph meze,hl,+,,,
lp26,epip atro,hl,+,,,
lp26,eric carn,hl,r,,,
lp26,eupa cann,hl,r,,,
lp26,euph dulc,hl,+,,,
lp26,frag mosc,hl,r,,,
lp26,frag vesc,hl,+,,,
lp26,frax exce,hl,+,,,
lp26,gera robe,hl,+,,,
lp26,hepa nobi,hl,1,,,
lp26,hier bifi,hl,+,,,
lp26,lact mura,hl,+,,,
lp26,lase lati lati,hl,+,,,
lp26,lase sile sile,hl,+,,,
lp26,ligu vulg,hl,2a,,,
lp26,lili mart,hl,+,,,
lp26,loni alpi,hl,+,,,
lp26,meli nuta,hl,+,,,
lp26,merc pere,hl,+,,,
lp26,orch masc spec,hl,r,,,
lp26,orig vulg,hl,+,,,
lp26,poly cham,hl,r,,,
lp26,poly odor,hl,+,,,
lp26,pren purp,hl,+,,,
lp26,prun aviu slat,hl,r,,,
lp26,quer robu,hl,+,,,
lp26,rham cath,hl,+,,,
lp26,rosa arve,hl,+,,,
lp26,rosa cani,hl,+,,,
lp26,rosa pend,hl,1,,,
lp26,rubu idae,hl,+,,,
lp26,salv glut,hl,+,,,
lp26,sesl caer,hl,+,,,
lp26,soli virg virg,hl,+,,,
lp26,teuc cham,hl,r,,,
lp26,tili plat,hl,+,,,
lp26,ulmu glab,hl,+,,,
lp26,vale offi tenu,hl,r,,,
lp26,vale trip,hl,r,,,
lp26,vibu lant,hl,+,,,
lp26,vinc hiru,hl,+,,,
lp26,viol alba slat,hl,+,,,
lp26,viol coll,hl,+,,,
lp26,viol mira,hl,r,,,
lp26,viol pyre,hl,+,,,
lp26,viol rivi,hl,+,,,
lp26,acer plat,sl,+,,,
lp26,acer pseu,sl,+,,,
lp26,amel oval,sl,+,,,
lp26,clem vita,sl,+,,,
lp26,corn sang slat,sl,+,,,
lp26,cory avel,sl,+,,,
lp26,crat mono,sl,+,,,
lp26,ligu vulg,sl,2b,,,
lp26,quer robu,sl,+,,,
lp26,rosa cani,sl,+,,,
lp26,sorb aria,sl,1,,,
lp26,vibu lant,sl,1,,,
lp26,acer plat,tl1,2a,,,
lp26,frax exce,tl1,2b,,,
lp26,quer robu,tl1,2a,,,
lp26,tili plat,tl1,1,,,
lp26,quer robu,tl2,3,,,
lp26,sorb aria,tl2,+,,,
lp26,tili ﾃ要ul,tl2,1,,,
lp26,tili plat,tl2,2a,,,
lp27,acer pseu,hl,+,,,
lp27,asar euro cauc,hl,+,,,
lp27,aspl ruta,hl,r,,,
lp27,athy fili,hl,r,,,
lp27,camp trac,hl,r,,,
lp27,card defl viri,hl,r,,,
lp27,card enne,hl,2a,,,
lp27,care alba,hl,r,,,
lp27,cory avel,hl,+,,,
lp27,dryo dila,hl,r,,,
lp27,euph cypa,hl,r,,,
lp27,frax exce,hl,+,,,
lp27,gale flav,hl,1,,,
lp27,gymn robe,hl,2a,,,
lp27,hepa nobi,hl,+,,,
lp27,lact mura,hl,+,,,
lp27,merc pere,hl,2b,,,
lp27,orig vulg,hl,r,,,
lp27,phyt spic spic,hl,+,,,
lp27,rosa cani,hl,r,,,
lp27,rubu caes,hl,+,,,
lp27,tili ﾃ要ul,hl,+,,,
lp27,ulmu glab,hl,+,,,
lp27,vale offi tenu,hl,r,,cf.,
lp27,vinc hiru,hl,r,,,
lp27,vinc mino,hl,+,,,
lp27,viol alba slat,hl,r,2015-0090,cf.,
lp27,cory avel,sl,3,,,
lp27,samb nigr,sl,+,,,
lp27,ulmu glab,sl,1,,,
lp27,acer pseu,tl1,2b,,,
lp27,frax exce,tl1,3,,,
lp27,tili ﾃ要ul,tl1,3,,,
lp27,ulmu glab,tl1,2a,,,
lp27,acer plat,tl2,1,,,
lp27,acer pseu,tl2,2a,,,
lp28,acon vari vari,hl,+,,,
lp28,aden alpi,hl,1,,,
lp28,arab hirs,hl,r,,,
lp28,aspl scol scol,hl,r,,,
lp28,aspl tric quad,hl,+,,,
lp28,aspl viri,hl,+,,,
lp28,bell mich,hl,+,,,
lp28,beto alop,hl,+,,,
lp28,brac sylv,hl,1,,,
lp28,cala vari,hl,2a,,,
lp28,camp coch,hl,+,,,
lp28,camp trac,hl,+,,,
lp28,card defl viri,hl,+,,,
lp28,care alba,hl,+,,,
lp28,care humi,hl,+,,,
lp28,clem vita,hl,+,,,
lp28,clin vulg vulg,hl,+,,,
lp28,eupa cann,hl,+,,,
lp28,euph amyg amyg,hl,1,,,
lp28,fagu sylv,hl,+,,,
lp28,frax exce,hl,+,,,
lp28,gale flav,hl,1,,,
lp28,gali moll,hl,+,,,
lp28,gali odor,hl,+,,,
lp28,gali sylv,hl,+,,,
lp28,gent cili,hl,+,,,
lp28,gera robe,hl,+,,,
lp28,hepa nobi,hl,+,,,
lp28,kern saxa,hl,+,,,
lp28,lact mura,hl,+,,,
lp28,loni alpi,hl,r,,,
lp28,meli nuta,hl,+,,,
lp28,merc pere,hl,1,,,
lp28,moeh musc,hl,+,,,
lp28,orig vulg,hl,+,,,
lp28,phyt spic spic,hl,+,,,
lp28,pice abie,hl,r,,,
lp28,poa nemo,hl,+,,,
lp28,poly acul,hl,+,,,
lp28,poly vert,hl,+,,,
lp28,pren purp,hl,+,,,
lp28,salv glut,hl,+,,,
lp28,scab luci luci,hl,r,,,
lp28,sene ovat ovat,hl,+,,,
lp28,sesl caer,hl,+,,,
lp28,sile vulg vulg,hl,+,,,
lp28,soli virg virg,hl,+,,,
lp28,sorb aucu aucu,hl,r,,,
lp28,ulmu glab,hl,+,,,
lp28,vale trip,hl,1,,,
lp28,verb nigr,hl,r,,,
lp28,vero urti,hl,+,,,
lp28,vinc hiru,hl,r,,,
lp28,viol coll,hl,+,,,
lp28,acer pseu,sl,+,,,
lp28,fagu sylv,sl,+,,,
lp28,frax exce,sl,+,,,
lp28,fagu sylv,tl1,3,,,
lp28,acer pseu,tl2,2a,,,
lp28,fagu sylv,tl2,3,,,
lp28,frax exce,tl2,1,,,
lp29,acer pseu,hl,+,,,
lp29,acon lyco vulp,hl,+,,,
lp29,acon vari vari,hl,+,,,
lp29,aden alpi,hl,1,,,
lp29,aspl viri,hl,r,,,
lp29,beto alop,hl,+,,,
lp29,brac sylv,hl,+,,,
lp29,buph sali,hl,+,,,
lp29,cala vari,hl,2b,,,
lp29,camp trac,hl,+,,,
lp29,card defl viri,hl,+,,,
lp29,care alba,hl,2a,,,
lp29,care humi,hl,1,,,
lp29,clin vulg vulg,hl,+,,,
lp29,conv maja maja,hl,r,,,
lp29,daph meze,hl,+,,,
lp29,eupa cann,hl,+,,,
lp29,euph amyg amyg,hl,+,,,
lp29,fagu sylv,hl,+,,,
lp29,gale flav,hl,1,,,
lp29,gali moll,hl,+,,,
lp29,gali sylv,hl,+,,,
lp29,hepa nobi,hl,+,,,
lp29,hier bifi,hl,+,,,
lp29,knau maxi,hl,+,,,
lp29,lact mura,hl,+,,,
lp29,maia bifo,hl,r,,,
lp29,meli nuta,hl,+,,,
lp29,merc pere,hl,1,,,
lp29,orig vulg,hl,+,,,
lp29,phyt orbi,hl,r,,,
lp29,phyt spic spic,hl,+,,,
lp29,poly odor,hl,+,,,
lp29,poly vert,hl,+,,,
lp29,pren purp,hl,+,,,
lp29,rubu saxa,hl,+,,,
lp29,salv glut,hl,+,,,
lp29,sene ovat ovat,hl,+,,,
lp29,sesl caer,hl,+,,,
lp29,sile vulg vulg,hl,+,,,
lp29,soli virg virg,hl,+,,,
lp29,sorb aria,hl,+,,,
lp29,vale offi tenu,hl,r,,,
lp29,vale trip,hl,+,,,
lp29,vero urti,hl,1,,,
lp29,vinc hiru,hl,+,,,
lp29,viol coll,hl,+,,,
lp29,acer pseu,sl,+,,,
lp29,fagu sylv,sl,+,,,
lp29,frax exce,sl,+,,,
lp29,fagu sylv,tl1,4,,,
lp29,acer pseu,tl2,1,,,
lp29,fagu sylv,tl2,2b,,,
lp29,frax exce,tl2,1,,,
lp30,acer pseu,hl,+,,,
lp30,acon lyco vulp,hl,1,,,
lp30,acon vari vari,hl,1,,,
lp30,aden alpi,hl,1,,,
lp30,ange sylv sylv,hl,r,,,
lp30,brac sylv,hl,+,,,
lp30,buph sali,hl,+,,,
lp30,cala vari,hl,1,,,
lp30,camp trac,hl,+,,,
lp30,card defl viri,hl,+,,,
lp30,card enne,hl,+,,,
lp30,care alba,hl,2a,,,
lp30,care brac,hl,+,,,
lp30,care humi,hl,2a,,,
lp30,ceph long,hl,r,,,
lp30,daph meze,hl,+,,,
lp30,epip atro,hl,r,,,
lp30,epip hell slat,hl,r,,,
lp30,eupa cann,hl,+,,,
lp30,euph amyg amyg,hl,+,,,
lp30,gale flav,hl,+,,,
lp30,gali albu,hl,+,,,
lp30,gymn robe,hl,+,,,
lp30,hepa nobi,hl,+,,,
lp30,hype macu,hl,r,,,
lp30,lact mura,hl,+,,,
lp30,meli nuta,hl,+,,,
lp30,merc pere,hl,1,,,
lp30,neot nidu,hl,r,,,
lp30,orig vulg,hl,+,,,
lp30,poly vert,hl,+,,,
lp30,pren purp,hl,+,,,
lp30,salv glut,hl,+,,,
lp30,sesl caer,hl,+,,,
lp30,sile vulg vulg,hl,+,,,
lp30,soli virg virg,hl,+,,,
lp30,vale offi tenu,hl,r,,,
lp30,vale trip,hl,+,,,
lp30,vinc hiru,hl,+,,,
lp30,viol coll,hl,r,,,
lp30,frax exce,sl,+,,,
lp30,fagu sylv,tl1,4,,,
lp30,fagu sylv,tl2,2b,,,
lp30,frax exce,tl2,1,,,
lp31,acer pseu,hl,+,,,
lp31,aden alpi,hl,+,,,
lp31,ange sylv sylv,hl,+,,,
lp31,aspl ruta,hl,r,,,
lp31,aspl tric quad,hl,r,,,
lp31,aspl viri,hl,+,,,
lp31,bell mich,hl,+,,,
lp31,beto alop,hl,+,,,
lp31,brac sylv,hl,+,,,
lp31,buph sali,hl,+,,,
lp31,cala vari,hl,2b,,,
lp31,camp trac,hl,+,,,
lp31,card defl viri,hl,+,,,
lp31,care alba,hl,1,,,
lp31,care digi,hl,+,,,
lp31,care humi,hl,2a,,,
lp31,clem alpi,hl,r,,,
lp31,clem vita,hl,+,,,
lp31,clin vulg vulg,hl,+,,,
lp31,daph meze,hl,+,,,
lp31,eupa cann,hl,1,,,
lp31,euph amyg amyg,hl,+,,,
lp31,frag vesc,hl,+,,,
lp31,fran alnu,hl,r,,,
lp31,frax exce,hl,+,,,
lp31,gale flav,hl,+,,,
lp31,gali moll,hl,+,,,
lp31,gali sylv,hl,r,,,
lp31,hepa nobi,hl,+,,,
lp31,hier bifi,hl,+,,,
lp31,knau maxi,hl,+,,,
lp31,lact mura,hl,+,,,
lp31,lase lati lati,hl,+,,,
lp31,loni xylo,hl,+,,,
lp31,meli nuta,hl,+,,,
lp31,merc pere,hl,+,,,
lp31,orig vulg,hl,+,,,
lp31,phyt orbi,hl,r,,,
lp31,poly mult,hl,r,,,
lp31,poly odor,hl,r,,,
lp31,poly vert,hl,+,,,
lp31,pren purp,hl,+,,,
lp31,prim auri auri,hl,r,,,
lp31,rham cath,hl,r,,,
lp31,rosa pend,hl,+,,,
lp31,rubu saxa,hl,r,,,
lp31,salv glut,hl,+,,,
lp31,scab luci luci,hl,r,,,
lp31,sesl caer,hl,1,,,
lp31,sile vulg vulg,hl,+,,,
lp31,soli virg virg,hl,+,,,
lp31,thal minu slat,hl,r,,,
lp31,tili ﾃ要ul,hl,r,,,
lp31,ulmu glab,hl,+,,,
lp31,vale offi tenu,hl,r,,,
lp31,vale trip,hl,+,,,
lp31,vero urti,hl,+,,,
lp31,vinc hiru,hl,1,,,
lp31,viol coll,hl,+,,,
lp31,acer pseu,sl,2a,,,
lp31,daph meze,sl,+,,,
lp31,frax exce,sl,1,,,
lp31,loni xylo,sl,+,,,
lp31,vibu lant,sl,r,,,
lp31,fagu sylv,tl1,3,,,
lp31,tili ﾃ要ul,tl1,2a,,,
lp31,acer pseu,tl2,1,,,
lp31,frax exce,tl2,2a,,,
lp31,sorb aria,tl2,+,,,
lp32,acer pseu,hl,+,,,
lp32,acon lyco vulp,hl,+,,,
lp32,acon vari vari,hl,+,,,
lp32,aden alpi,hl,+,,,
lp32,ange sylv sylv,hl,r,,,
lp32,aqui atra,hl,+,,,
lp32,aspl ruta,hl,+,,,
lp32,bell mich,hl,+,,,
lp32,beto alop,hl,+,,,
lp32,brac sylv,hl,1,,,
lp32,buph sali,hl,+,,,
lp32,cala vari,hl,2a,,,
lp32,camp trac,hl,+,,,
lp32,card defl viri,hl,+,,,
lp32,care alba,hl,+,,,
lp32,care brac,hl,+,,,
lp32,care digi,hl,+,,,
lp32,care humi,hl,2a,,,
lp32,care orni orni,hl,+,,,
lp32,daph meze,hl,+,,,
lp32,eupa cann,hl,1,,,
lp32,euph amyg amyg,hl,+,,,
lp32,frax exce,hl,+,,,
lp32,gale flav,hl,+,,,
lp32,gali moll,hl,+,,,
lp32,hepa nobi,hl,+,,,
lp32,hier bifi,hl,+,,,
lp32,hier muro,hl,r,,,
lp32,kern saxa,hl,+,,,
lp32,knau maxi,hl,+,,,
lp32,lact mura,hl,+,,,
lp32,loni xylo,hl,+,,,
lp32,meli nuta,hl,+,,,
lp32,merc pere,hl,+,,,
lp32,orig vulg,hl,+,,,
lp32,phyt orbi,hl,+,,,
lp32,poly cham,hl,+,,,
lp32,poly odor,hl,r,,,
lp32,poly vert,hl,+,,,
lp32,pren purp,hl,+,,,
lp32,rubu idae,hl,r,,,
lp32,salv glut,hl,+,,,
lp32,sesl caer,hl,+,,,
lp32,sile vulg vulg,hl,+,,,
lp32,soli virg virg,hl,+,,,
lp32,sorb aucu aucu,hl,+,,,
lp32,vale offi tenu,hl,+,,,
lp32,vale trip,hl,1,,,
lp32,vero cham cham,hl,r,,,
lp32,vero urti,hl,+,,,
lp32,vinc hiru,hl,+,,,
lp32,viol coll,hl,+,,,
lp32,acer pseu,sl,+,,,
lp32,daph meze,sl,+,,,
lp32,fagu sylv,sl,+,,,
lp32,frax exce,sl,+,,,
lp32,loni xylo,sl,+,,,
lp32,ulmu glab,sl,r,,,
lp32,fagu sylv,tl1,3,,,
lp32,frax exce,tl1,2a,,,
lp32,fagu sylv,tl2,2b,,,
lp32,frax exce,tl2,+,,,
lp33,acer pseu,hl,+,,,
lp33,acon lyco vulp,hl,+,,,
lp33,acon vari vari,hl,1,,,
lp33,anth ramo,hl,r,,,
lp33,aspl ruta,hl,+,,,
lp33,beto alop,hl,1,,,
lp33,brac sylv,hl,+,,,
lp33,buph sali,hl,1,,,
lp33,cala vari,hl,2a,,,
lp33,camp coch,hl,r,,,
lp33,camp trac,hl,r,,,
lp33,card defl viri,hl,1,,,
lp33,care humi,hl,3,,,
lp33,cent scab scab,hl,+,,,
lp33,clem vita,hl,+,,,
lp33,clin alpi alpi,hl,r,,,
lp33,clin vulg vulg,hl,+,,,
lp33,conv maja maja,hl,+,,,
lp33,epip atro,hl,+,,,
lp33,euph amyg amyg,hl,+,,,
lp33,euph cypa,hl,1,,,
lp33,euph sali,hl,r,,,
lp33,fagu sylv,hl,+,,,
lp33,fran alnu,hl,+,,,
lp33,frax exce,hl,+,,,
lp33,gali moll,hl,+,,,
lp33,hell nige,hl,r,,,
lp33,hepa nobi,hl,+,,,
lp33,hype perf,hl,+,,,
lp33,lase lati lati,hl,+,,,
lp33,lase sile sile,hl,+,,,
lp33,loni xylo,hl,r,,,
lp33,meli nuta,hl,+,,,
lp33,merc pere,hl,+,,,
lp33,orig vulg,hl,+,,,
lp33,phyt orbi,hl,+,,,
lp33,pimp majo majo,hl,+,,,
lp33,poly cham,hl,1,,,
lp33,poly odor,hl,+,,,
lp33,poly vert,hl,+,,,
lp33,pren purp,hl,+,,,
lp33,rham cath,hl,+,,,
lp33,rubu saxa,hl,+,,,
lp33,salv glut,hl,+,,,
lp33,sesl caer,hl,2a,,,
lp33,soli virg virg,hl,+,,,
lp33,sorb aria,hl,+,,,
lp33,sorb aucu aucu,hl,+,,,
lp33,teuc cham,hl,r,,,
lp33,thal minu slat,hl,r,,,
lp33,vale offi tenu,hl,+,,,
lp33,vibu lant,hl,r,,,
lp33,vinc hiru,hl,2a,,,
lp33,viol coll,hl,+,,,
lp33,frax exce,sl,1,,,
lp33,sorb aria,sl,1,,,
lp33,fagu sylv,tl2,2b,,,
lp33,frax exce,tl2,2b,,,
lp33,pice abie,tl2,1,,,
lp34,acer pseu,hl,+,,,
lp34,acon lyco vulp,hl,2a,,,
lp34,acon vari vari,hl,1,,,
lp34,aden alpi,hl,1,,,
lp34,ange sylv sylv,hl,+,,,
lp34,aqui atra,hl,+,,,
lp34,beto alop,hl,+,,,
lp34,brac sylv,hl,1,,,
lp34,cala vari,hl,2a,,,
lp34,camp rapu rapu,hl,+,,,
lp34,camp trac,hl,+,,,
lp34,card defl viri,hl,+,,,
lp34,care alba,hl,2a,,,
lp34,care digi,hl,+,,,
lp34,care humi,hl,1,,,
lp34,ceph long,hl,r,,,
lp34,clem vita,hl,+,,,
lp34,conv maja maja,hl,+,,,
lp34,daph meze,hl,+,,,
lp34,epip atro,hl,r,,,
lp34,eupa cann,hl,+,,,
lp34,euph amyg amyg,hl,+,,,
lp34,frag vesc,hl,+,,,
lp34,frax exce,hl,+,,,
lp34,gale flav,hl,2m,,,
lp34,gali moll,hl,r,,,
lp34,gera robe,hl,+,,,
lp34,gymn robe,hl,+,,,
lp34,hepa nobi,hl,+,,,
lp34,lact mura,hl,+,,,
lp34,meli nuta,hl,+,,,
lp34,merc pere,hl,+,,,
lp34,pimp majo majo,hl,+,,,
lp34,poly odor,hl,r,,,
lp34,poly vert,hl,+,,,
lp34,pren purp,hl,+,,,
lp34,salv glut,hl,+,,,
lp34,sene ovat ovat,hl,+,,,
lp34,sesl caer,hl,+,,,
lp34,sile vulg vulg,hl,r,,,
lp34,soli virg virg,hl,+,,,
lp34,thal minu slat,hl,+,,,
lp34,vale mont,hl,+,,,
lp34,vale offi tenu,hl,+,,,
lp34,vale trip,hl,+,,,
lp34,vero urti,hl,+,,,
lp34,vinc hiru,hl,+,,,
lp34,viol coll,hl,r,,,
lp34,acer pseu,sl,+,,,
lp34,frax exce,sl,+,,,
lp34,pice abie,sl,+,,,
lp34,fagu sylv,tl1,2b,,,
lp34,acer pseu,tl2,2b,,,
lp34,fagu sylv,tl2,2b,,,
lp34,frax exce,tl2,3,,,
