taxon,matched.taxon
Acer pseudoplatanus,Acer pseudoplatanus
Achillea millefolium agg.,Achillea millefolium agg.
Aegopodium podagraria,Aegopodium podagraria
Agrostis capillaris,Agrostis capillaris
Agrostis gigantea,Agrostis gigantea
Agrostis stolonifera s.str.,Agrostis stolonifera
Alopecurus myosuroides,Alopecurus myosuroides
Alopecurus pratensis,Alopecurus pratensis
Anagallis arvensis,Anagallis arvensis
Anthemis arvensis ssp. arvensis,Anthemis arvensis subsp. arvensis
Anthoxanthum odoratum s.str.,Anthoxanthum odoratum
Apera spica-venti,Apera spica-venti
Aphanes arvensis,Aphanes arvensis
Arabidopsis thaliana,Arabidopsis thaliana
Arenaria serpyllifolia s.str.,Arenaria serpyllifolia
Arrhenatherum elatius,Arrhenatherum elatius
Avena fatua,Avena fatua
Avena sativa ssp. sativa,Avena sativa subsp. sativa
Borago officinalis,Borago officinalis
Brassica napus,Brassica napus
Calystegia sepium s.str.,Calystegia sepium
Camelina sativa s.lat.,Camelina sativa
Capsella bursa-pastoris s.str.,Capsella bursa-pastoris
Carex hirta,Carex hirta
Cerastium glomeratum,Cerastium glomeratum
Cerastium holosteoides,Cerastium holosteoides
Chaerophyllum aureum,Chaerophyllum aureum
Chenopodium album s.lat.,Chenopodium album
Chenopodium polyspermum,Chenopodium polyspermum
Cichorium intybus,Cichorium intybus
Cirsium arvense,Cirsium arvense
Convolvulus arvensis,Convolvulus arvensis
Cyanus segetum,Cyanus segetum
Dactylis glomerata ssp. glomerata,Dactylis glomerata subsp. glomerata
Digitaria sanguinalis s.lat.,Digitaria sanguinalis
Draba verna s.str.,Draba verna
Echinochloa crus-galli ssp. crus-galli,Echinochloa crus-galli subsp. crus-galli
Elytrigia repens,Elymus repens
Epilobium sp.,Epilobium spec.
Equisetum arvense,Equisetum arvense
Erigeron annuus ssp. annuus,Erigeron annuus subsp. annuus
Erigeron canadensis,Erigeron canadensis
Euphorbia helioscopia,Euphorbia helioscopia
Fagopyrum esculentum,Fagopyrum esculentum
Fallopia × bohemica,Fallopia japonica x sachalinensis
Fallopia convolvulus,Fallopia convolvulus
Festuca pratensis s.str.,Festuca pratensis
Festuca rubra ssp. rubra,Festuca rubra subsp. rubra
Fumaria officinalis s.lat.,Fumaria officinalis
Galeopsis pubescens ssp. murriniana,Galeopsis pubescens subsp. murriana
Galeopsis speciosa,Galeopsis speciosa
Galeopsis tetrahit s.str.,Galeopsis tetrahit
Galium album s.str.,Galium album
Galium aparine s.str.,Galium aparine
Galinsoga ciliata,Galinsoga quadriradiata
Galium sp.,Galium spec.
Geranium columbinum,Geranium columbinum
Geranium dissectum,Geranium dissectum
Glechoma hederacea,Glechoma hederacea
Holcus lanatus,Holcus lanatus
Holcus mollis,Holcus mollis
Hordeum vulgare s.lat.,Hordeum vulgare
Hylotelephium maximum,Hylotelephium maximum
Hypochaeris radicata,Hypochaeris radicata
Juglans regia,Juglans regia
Knautia arvensis ssp. arvensis,Knautia arvensis subsp. arvensis
Lactuca serriola,Lactuca serriola
Lamium purpureum,Lamium purpureum
Lapsana communis ssp. communis,Lapsana communis subsp. communis
Lathyrus pratensis ssp. pratensis,Lathyrus pratensis subsp. pratensis
Legousia speculum-veneris,Legousia speculum-veneris
Linum usitatissimum,Linum usitatissimum
Lolium multiflorum,Lolium multiflorum
Lolium perenne,Lolium perenne
Lotus corniculatus s.str.,Lotus corniculatus
Matricaria chamomilla,Matricaria chamomilla
Matricaria discoidea,Matricaria discoidea
Medicago lupulina,Medicago lupulina
Medicago sativa s.lat.,Medicago sativa
Medicago falcata × varia,Medicago falcata x sativa
Melilotus albus,Melilotus albus
Mentha longifolia,Mentha longifolia
Microrrhinum minus s.str.,Chaenorhinum minus subsp. minus
Myosotis arvensis ssp. arvensis,Myosotis arvensis subsp. arvensis
Myosotis discolor,Myosotis discolor
Odontites vernus,Odontites vernus
Oxalis stricta,Oxalis stricta
Papaver rhoeas,Papaver rhoeas
Persicaria lapathifolia s.lat.,Persicaria lapathifolia
Persicaria maculosa,Persicaria maculosa
Persicaria sp.,Persicaria spec.
Phacelia tanacetifolia,Phacelia tanacetifolia
Phleum pratense s.str.,Phleum pratense
Pimpinella saxifraga ssp. saxifraga,Pimpinella saxifraga
Pisum sativum var. arvense,Pisum sativum var. arvense
Plantago lanceolata,Plantago lanceolata
Plantago major s.lat.,Plantago major
Poa angustifolia,Poa angustifolia
Poa annua ssp. annua,Poa annua agg.
Poa pratensis,Poa pratensis
Poa trivialis,Poa trivialis
Polygonum aviculare s.lat.,Polygonum aviculare
Potentilla anserina,Potentilla anserina
Potentilla reptans,Potentilla reptans
Prunella vulgaris,Prunella vulgaris
Ranunculus acris ssp. acris,Ranunculus acris subsp. acris
Ranunculus arvensis,Ranunculus arvensis
Ranunculus repens,Ranunculus repens
Raphanus raphanistrum,Raphanus raphanistrum
Raphanus sativus,Raphanus sativus
Rorippa palustris,Rorippa palustris
Rubus caesius,Rubus caesius
Rumex acetosella ssp. acetosella,Rumex acetosella subsp. acetosella
Rumex crispus,Rumex crispus
Rumex obtusifolius s.lat.,Rumex obtusifolius
Scleranthus annuus s.str.,Scleranthus annuus
Scrophularia nodosa,Scrophularia nodosa
Secale cereale,Secale cereale
Sherardia arvensis,Sherardia arvensis
Sinapis alba ssp. alba,Sinapis alba subsp. alba
Sinapis arvensis,Sinapis arvensis
Sonchus asper ssp. asper,Sonchus asper subsp. asper
Spergula arvensis ssp. arvensis,Spergula arvensis subsp. arvensis
Stachys palustris,Stachys palustris
Stellaria graminea,Stellaria graminea
Stellaria media s.str.,Stellaria media agg.
Taraxacum sect. Ruderalia,Taraxacum subgen. Ruderalia
Thlaspi arvense,Thlaspi arvense
Trifolium alexandrinum,Trifolium alexandrinum
Trifolium arvense,Trifolium arvense
Trifolium campestre,Trifolium campestre
Trifolium incarnatum ssp. incarnatum,Trifolium incarnatum subsp. incarnatum
Trifolium pratense ssp. pratense,Trifolium pratense subsp. pratense
Trifolium repens ssp. repens,Trifolium repens subsp. repens
Trifolium resupinatum s.str.,Trifolium resupinatum
Tripleurospermum inodorum,Tripleurospermum perforatum
Trisetum flavescens ssp. flavescens,Trisetum flavescens subsp. flavescens
Triticum aestivum s.lat.,Triticum aestivum
×Triticosecale,Secale cereale x Triticum aestivum
Triticum durum,Triticum durum
Triticum spelta,Triticum spelta
Tussilago farfara,Tussilago farfara
Valerianella dentata,Valerianella dentata
Valerianella locusta,Valerianella locusta
Valerianella rimosa,Valerianella rimosa
Veronica arvensis,Veronica arvensis
Veronica chamaedrys ssp. chamaedrys,Veronica chamaedrys subsp. chamaedrys
Veronica hederifolia (s.str.),Veronica hederifolia
Veronica persica,Veronica persica
Veronica serpyllifolia ssp. serpyllifolia,Veronica serpyllifolia var. serpyllifolia
Vicia angustifolia ssp. segetalis,Vicia segetalis
Vicia cracca s.str.,Vicia cracca
Vicia faba,Vicia faba
Vicia glabrescens,Vicia glabrescens
Vicia hirsuta,Vicia hirsuta
Vicia sativa,Vicia sativa
Vicia sepium,Vicia sepium
Vicia tetrasperma s.str.,Vicia tetrasperma
Vicia villosa s.str.,Vicia villosa subsp. villosa
Viola arvensis ssp. arvensis,Viola arvensis subsp. arvensis
Viola arvensis ssp. megalantha,Viola arvensis subsp. megalantha
