plot,abbr,layer,cov,voucher,sheets,comment,history
bh01,arab hirs,hl,+,97,,,
bh01,acer plat,hl,+,,,,
bh01,anth ramo,hl,+,,,,
bh01,aspl ruta,hl,+,,,,
bh01,berb vulg,sl,+,,,,
bh01,brac sylv,hl,1,,,,
bh01,cala vari,hl,1,,,,
bh01,camp pers,hl,+,,,,
bh01,camp rapu rapu,hl,2a,,,,
bh01,care alba,hl,4,,,,
bh01,care digi,hl,1,,,,
bh01,care mont,hl,1,,,,
bh01,carp betu,hl,+,,,,
bh01,carp betu,sl,+,,,,
bh01,carp betu,tl1,1,,,,
bh01,carp betu,tl2,1,,,,
bh01,ceph rubr,hl,+,,,cf.,
bh01,clem vita,hl,+,,,,
bh01,corn sang slat,hl,+,100,,,
bh01,coto diva,hl,r,101,,,
bh01,coto tome,hl,+,,,,
bh01,crat mono,sl,+,,,,
bh01,crat mono,tl2,1,,,,
bh01,epip hell slat,hl,+,,,cf., | Changed epip hell To epip hell 2012-11-26 23:01:01 | Changed epip hell To epip hell slat 2012-11-26 23:01:40
bh01,euph dulc,hl,+,,,,
bh01,euon euro,hl,+,,,, | Changed evon euro To euon euro 2012-11-26 23:01:01
bh01,fagu sylv,hl,+,,,,
bh01,fagu sylv,tl1,3,,,,
bh01,frax exce,hl,+,,,,
bh01,gali sylv,hl,1,,,,
bh01,geum urba,hl,+,,,,
bh01,hede heli,hl,1,,,,
bh01,hede heli,sl,+,,,,
bh01,hepa nobi,hl,2a,,,,
bh01,hier muro,hl,1,99,,,
bh01,hype mont,hl,+,,,,
bh01,hype perf,hl,+,,,,
bh01,lath vern,hl,2a,,,,
bh01,ligu vulg,hl,1,,,,
bh01,ligu vulg,sl,1,,,,
bh01,lili mart,hl,+,,,,
bh01,loni xylo,sl,1,,,,
bh01,meli meli,hl,1,,,, | Changed meli mell To meli meli 2012-11-26 23:01:01
bh01,meli nuta,hl,1,,,,
bh01,merc pere,hl,1,,,, | Changed mere pere To merc pere 2012-11-26 23:01:01
bh01,lact mura,hl,+,,,, | Changed myce mura To lact mura 2012-11-26 23:01:01
bh01,phyt spic spic,hl,1,,,,
bh01,pinu sylv,tl1,1,,,,
bh01,poa nemo,hl,+,,,,
bh01,prim veri veri,hl,+,,,, | Changed prim veri To prim veri veri 2012-11-26 23:01:01
bh01,prun aviu slat,hl,1,,,, | Changed prun aviu To prun aviu slat 2012-11-26 23:01:01
bh01,prun spin,hl,+,,,,
bh01,pulm offi,hl,1,98,,,
bh01,quer robu,hl,+,,,,
bh01,quer robu,tl1,1,,,,
bh01,rosa arve,hl,+,,,,
bh01,sesl caer,hl,2a,,,, | Changed sesl albi To sesl caer 2012-11-26 23:01:01
bh01,sile vulg vulg,hl,+,,,, | Changed sile vulg To sile vulg vulg 2012-11-26 23:01:01
bh01,sorb aucu aucu,hl,+,,,, | Changed sorb aucu To sorb aucu aucu 2012-11-26 23:01:01
bh01,symp tube slat,hl,2a,,,, | Changed symp tube To symp tube slat 2012-11-26 23:01:01
bh01,tana cory cory,hl,+,,,, | Changed tana cory To tana cory cory 2012-11-26 23:01:01
bh01,taxu bacc,hl,r,,,,
bh01,thes bava,hl,+,96,,,
bh01,tili plat,hl,+,,,,
bh01,tili plat,sl,+,,,,
bh01,tili plat,tl1,2b,,,,
bh01,vero urti,hl,+,,,,
bh01,vibu opul,hl,+,,,,
bh01,vibu opul,sl,1,,,,
bh01,viol hirt,hl,+,,,,
bh01,visc albu,tl1,r,,,,
bh02,anth ramo,hl,1,,,,
bh02,brac sylv,hl,1,,,,
bh02,buph sali,hl,+,,,,
bh02,care alba,hl,1,,,,
bh02,coto tome,hl,+,,,,
bh02,euph dulc,hl,+,,,,
bh02,fagu sylv,hl,+,,,,
bh02,frag vesc,hl,+,,,,
bh02,hepa nobi,hl,+,,,,
bh02,hier muro,hl,+,,,,
bh02,lath vern,hl,+,,,,
bh02,meli meli,hl,+,,,, | Changed meli mell To meli meli 2012-11-26 23:01:01
bh02,sesl caer,hl,3,,,, | Changed sesl albi To sesl caer 2012-11-26 23:01:01
bh02,thes bava,hl,+,,,,
bh03,aspe cyna,hl,+,,,,
bh03,brac sylv,hl,1,,,,
bh03,brom erec,hl,+,,,,
bh03,buph sali,hl,+,,,,
bh03,care orni orni,hl,+,,,,
bh03,cent stoe stoe,hl,+,,,, | Changed cent stoe To cent stoe stoe 2012-11-26 23:01:01
bh03,cham rati,hl,1,93,,,
bh03,coto tome,hl,1,,,,
bh03,euph cypa,hl,+,,,,
bh03,fest pall,hl,2a,,,,
bh03,frag mosc,hl,+,103,,,
bh03,gali veru,hl,+,,,,
bh03,heli numm obsc,hl,2a,102,,,
bh03,hype perf,hl,+,,,,
bh03,ligu vulg,hl,+,,,,
bh03,lotu corn corn,hl,+,94,,,
bh03,pimp saxi slat,hl,+,,,, | Changed pimp saxi To pimp saxi slat 2012-11-26 23:01:01
bh03,pinu sylv,hl,2a,,,,
bh03,pote pusi,hl,1,,,,
bh03,rham cath,hl,+,,,,
bh03,rosa cani blon,hl,+,,,cf., | Changed rosa blon To rosa cani blon 2012-11-26 23:01:01
bh03,sang mino mino,hl,+,,,, | Changed sang mino To sang mino mino 2012-11-26 23:01:01
bh03,sesl caer,hl,2b,,,, | Changed sesl albi To sesl caer 2012-11-26 23:01:01
bh03,teuc cham,hl,+,,,,
bh03,thym pule pule,hl,1,,,, | Changed thym pule To thym pule pule 2012-11-26 23:01:01
bh03,tort tort,ml,2b,,,,
bh03,trif mont mont,hl,+,,,, | Changed trif mont To trif mont mont 2012-11-26 23:01:01
bh03,vibu lant,hl,+,,,,
bh04,aspe cyna,hl,+,,,,
bh04,camp rotu,hl,+,,,,
bh04,crat mono,sl,+,,,,
bh04,cyti nigr nigr,hl,2a,,,, | Changed cyti spec To cyti nigr nigr 2012-11-26 23:01:01
bh04,euph cypa,hl,+,,,,
bh04,euon euro,hl,+,,,, | Changed evon euro To euon euro 2012-11-26 23:01:01
bh04,fest pall,hl,2a,,,,
bh04,ligu vulg,hl,+,,,,
bh04,pimp saxi slat,hl,+,,,, | Changed pimp saxi To pimp saxi slat 2012-11-26 23:01:01
bh04,pote pusi,hl,4,95,,,
bh04,scab colu,hl,+,,,, | Changed scab coll To scab colu 2012-11-26 23:01:01
bh04,sesl caer,hl,2a,,,, | Changed sesl albi To sesl caer 2012-11-26 23:01:01
bh04,thym pule pule,hl,+,92,,, | Changed thym pule To thym pule pule 2012-11-26 23:01:01
bh05,fagu sylv,hl,+,,,,
bh05,fagu sylv,sl,1,,,,
bh05,fagu sylv,tl1,4,,,,
bh05,fagu sylv,tl2,2b,,,,
bh05,pinu sylv,tl1,2b,,,,
bh05,sorb aria,hl,+,,,,
bh05,sorb aria,sl,1,,,,
bh05,loni xylo,hl,+,,,,
bh05,loni xylo,sl,+,,,,
bh05,vibu lant,hl,+,,,,
bh05,vibu lant,sl,+,,,,
bh05,quer robu,hl,+,,,,
bh05,acer pseu,hl,1,,,,
bh05,frax exce,hl,1,,,,
bh05,acer plat,hl,+,,,,
bh05,lari deci deci,tl1,2b,,,,
bh05,clem vita,hl,+,,,,
bh05,prun aviu slat,hl,r,,,,
bh05,care alba,hl,r,,,,
bh05,sesl caer,hl,4,,,,
bh05,tana cory cory,hl,+,,,,
bh05,prim veri veri,hl,+,,,,
bh05,cala vari,hl,1,,,,
bh05,sile vulg vulg,hl,+,,,,
bh05,anth ramo,hl,1,,,,
bh05,hepa nobi,hl,1,,,,
bh05,anem nemo,hl,1,,,,
bh05,euph dulc,hl,+,,,,
bh05,camp rapu rapu,hl,+,,,,
bh05,mela prat,hl,+,,,,
bh05,daph meze,hl,+,,,,
bh05,viol reic,hl,+,,,,
bh05,soli virg virg,hl,+,,,,
bh05,gali sylv,hl,1,,,,
bh05,hede heli,hl,+,,,,
bh05,meli nuta,hl,+,,,,
bh05,conv maja maja,hl,1,,,,
bh05,meli meli,hl,+,,,,
bh05,merc pere,hl,1,,,,
bh05,hier muro,hl,+,,,,
bh05,care digi,hl,1,,,,
bh05,peuc oreo,hl,r,,,,
bh05,euph cypa,hl,r,,,,
bh05,aspl ruta,hl,r,,,,
bh05,prun padu padu,hl,r,,,,
bh05,coto spec ies,hl,r,2014-0066,,,
bh05,berb vulg,hl,r,,,,
bh05,rham cath,hl,r,,,,
bh06,fest gues,hl,+,2014-0064,,,
bh06,arrh elat,hl,4,,,,
bh06,cera arve arve,hl,+,,,,
bh06,saxi gran gran,hl,+,,,,
bh06,gali veru,hl,1,,,,
bh06,plan lanc,hl,1,,,,
bh06,secu vari,hl,1,,,,
bh06,ranu bulb,hl,+,,,,
bh06,poa angu,hl,1,,,,
bh06,luzu camp,hl,2a,,,,
bh06,knau arve arve,hl,+,,,,
bh06,lotu corn,hl,1,,,,
bh06,gali albu,hl,1,,,,
bh06,leon hisp slat,hl,+,,,,
bh06,fest prat prat,hl,+,,,,
bh06,hier pilo ella,hl,1,,,,
bh06,care cary,hl,1,,,,
bh06,vero cham cham,hl,1,,,,
bh06,anth odor,hl,2a,,,,
bh06,gali pumi,hl,r,,,,
bh06,hype perf,hl,+,,,,
bh06,trif prat prat,hl,1,,,,
bh06,fest rubr slat,hl,1,,,,
bh06,fest nigr cens,hl,+,,,,
bh06,homa pube pube,hl,1,,,,
bh06,brac pinn,hl,1,,,,
bh06,poa prat,hl,+,,,,
bh06,tris flav flav,hl,+,,,,
bh07,fagu sylv,hl,1,,,,
bh07,fagu sylv,sl,2a,,,,
bh07,fagu sylv,tl1,4,,,,
bh07,fagu sylv,tl2,2a,,,,
bh07,pinu sylv,tl1,2b,,,,
bh07,pice abie,tl1,2b,,,,
bh07,sorb aucu aucu,hl,+,,,,
bh07,sorb aucu aucu,sl,+,,,,
bh07,acer pseu,hl,+,,,,
bh07,quer robu,hl,+,,,,
bh07,frax exce,hl,+,,,,
bh07,ulmu glab,hl,r,,,,
bh07,samb nigr,hl,+,,,,
bh07,ajug gene,hl,r,,,,
bh07,fest amet amet,hl,+,2014-0063,,,
bh07,care mont,hl,1,,,,
bh07,anth ramo,hl,1,,,,
bh07,care alba,hl,4,,,,
bh07,hepa nobi,hl,+,,,,
bh07,sesl caer,hl,1,,,,
bh07,euph cypa,hl,+,,,,
bh07,camp rotu,hl,+,,,,
bh07,hier muro,hl,+,,,,
bh07,hede heli,hl,+,,,,
bh07,meli nuta,hl,+,,,,
bh07,brac pinn,hl,+,,,,
bh07,anem nemo,hl,r,,,,
bh07,vero urti,hl,+,,,,
bh07,acer camp,hl,+,,,,
bh07,camp pers,hl,+,,,,
bh07,aspl tric pach,hl,+,,,,
bh07,lact mura,hl,+,,,,
bh07,care digi,hl,+,,,,
bh07,aspl ruta,hl,+,,,,
bh07,cala vari,hl,1,,,,
