plot,abbr,layer,cover,voucher,comment,history
nb01,agro stol,hl,1,,,
nb01,card amar aust,hl,r,,,
nb01,card rivu,hl,+,,,
nb01,care nigr,hl,2a,,,
nb01,cera font,hl,r,,,
nb01,desc cesp,hl,+,,,
nb01,epil alsi,hl,+,,,
nb01,junc cast,hl,2a,,,
nb01,junc trig trig,hl,+,,,
nb01,saxi stel prol,hl,+,,,
nb01,saxi stel robu,hl,2a,,,
nb01,sedu vill,hl,r,,,
nb01,stel alsi,hl,r,2014-0363,,
nb01,viol palu,hl,r,,,
nb01,bryu pseu pseu,ml,1,B2014-0124,,
nb01,bryu schl schl,ml,1,B2014-0126,,
nb01,dich pell,ml,+,B2014-0125,,
nb01,palu comm falc,ml,3,B2014-0123,,
nb01,unde bryo,ml,+,,,
nb02,arme alpi,hl,r,,,
nb02,care firm,hl,r,,,
nb02,erio angu,hl,2a,,,
nb02,junc trig trig,hl,1,,,
nb02,kobr simp,hl,2a,,,
nb02,saxi aizo,hl,r,,,
nb02,palu comm falc,ml,1,B2014-0127,,
nb03,agro stol,hl,+,,,
nb03,arab soye subc,hl,r,,,
nb03,calt palu,hl,+,,,
nb03,card rivu,hl,+,,,
nb03,care echi,hl,r,,,
nb03,care frig,hl,+,,,
nb03,care nigr,hl,2b,,,
nb03,desc cesp,hl,1,,,
nb03,erio angu,hl,1,,,
nb03,junc cast,hl,2a,,,
nb03,junc trig trig,hl,+,,,
nb03,saxi aizo,hl,+,,,
nb03,saxi stel prol,hl,1,,,
nb03,tofi caly,hl,r,,,
nb03,viol palu,hl,r,,,
nb03,will stip stip,hl,+,,,
nb03,aula palu,ml,r,B2014-0132,,
nb03,blin acut,ml,+,B2014-0130,,
nb03,bryu pseu pseu,ml,+,B2014-0135,,
nb03,dich palu,ml,+,B2014-0128,,
nb03,dicr cris,ml,+,B2014-0131,,
nb03,hylo sple,ml,+,,det. R. Krisai,
nb03,palu comm comm,ml,+,B2014-0133,,
nb03,palu comm falc,ml,2a,B2014-0129,,
nb03,phil font,ml,+,B2014-0134,,
nb04,agro stol,hl,1,,,
nb04,alch sect cori,hl,r,,,
nb04,calt palu,hl,+,,,
nb04,card amar aust,hl,+,,,
nb04,card rivu,hl,+,,,
nb04,care echi,hl,2a,,,
nb04,care nigr,hl,3,,,
nb04,desc cesp,hl,1,,,
nb04,epil nuta,hl,+,2014-0377,,
nb04,erio angu,hl,1,,,
nb04,homo alpi,hl,+,,,
nb04,junc arti,hl,1,2014-0376,,
nb04,junc cast,hl,r,,,
nb04,junc trig trig,hl,r,,,
nb04,mont font font,hl,2a,,,
nb04,nard stri,hl,+,,,
nb04,pote aure,hl,+,,,
nb04,saxi stel prol,hl,+,,,
nb04,bryu schl schl,ml,1,B2014-0142,,
nb04,dicr bonj,ml,+,B2014-0141,,
nb04,phil font,ml,1,B2014-0137,,
nb04,phil seri,ml,3,B2014-0136,,
nb04,prei quad,ml,r,B2014-0138,,
nb04,ricc lati,ml,r,B2014-0139,,
nb04,scap undu,ml,+,B2014-0140,,
nb04,spha comp,ml,+,B2014-0143,,
nb05,agro stol,hl,+,,,
nb05,bart alpi,hl,r,,,
nb05,briz medi,hl,+,,,
nb05,calt palu,hl,1,,,
nb05,card rivu,hl,+,,,
nb05,care dioi,hl,r,,,
nb05,care echi,hl,2b,,,
nb05,care nigr,hl,2b,,,
nb05,care pani,hl,+,,,
nb05,desc cesp,hl,2a,,,
nb05,epil alsi,hl,+,,,
nb05,epil nuta,hl,+,2014-0380,,
nb05,erio angu,hl,+,,,
nb05,fest nigr cens,hl,+,,,
nb05,gent bava suba,hl,+,,,
nb05,junc arti,hl,+,2014-0381,,
nb05,junc cast,hl,r,,,
nb05,junc trig trig,hl,r,,,
nb05,luzu sude,hl,+,,,
nb05,mont font font,hl,+,,,
nb05,nard stri,hl,1,,,
nb05,pote aure,hl,+,,,
nb05,saxi stel prol,hl,1,,,
nb05,sela sela,hl,+,,,
nb05,viol palu,hl,+,,,
nb05,will stip stip,hl,1,,,
nb05,call cusp,ml,+,,,
nb05,dich palu,ml,1,B2014-0147,,
nb05,phil font,ml,3,B2014-0144,,
nb05,warn exan,ml,1,B2014-0146,,
nb05,warn sarm,ml,+,B2014-0145,,
nb06,alch sect cori,hl,+,,,
nb06,calt palu,hl,1,,,
nb06,camp sche,hl,+,,,
nb06,card amar aust,hl,+,,,
nb06,card rivu,hl,+,,,
nb06,care echi,hl,+,,,
nb06,care frig,hl,1,,,
nb06,care nigr,hl,2b,,,
nb06,cera font,hl,+,,,
nb06,desc cesp,hl,1,,,
nb06,epil alsi,hl,1,,,
nb06,erio angu,hl,+,,,
nb06,homo alpi,hl,+,,,
nb06,junc cast,hl,+,,,
nb06,junc fili,hl,+,,,
nb06,junc trig trig,hl,+,,,
nb06,luzu sude,hl,1,,,
nb06,mont font font,hl,+,,,
nb06,mute adon,hl,+,,,
nb06,pers vivi,hl,+,,,
nb06,ping vulg,hl,+,,,
nb06,poa alpi,hl,+,,,
nb06,saxi stel prol,hl,+,,,
nb06,saxi stel robu,hl,1,,,
nb06,sold pusi alpi,hl,1,,,
nb06,viol palu,hl,+,,,
nb06,will stip stip,hl,2a,,,
nb06,call cusp,ml,+,,,
nb06,dich palu,ml,1,,,
nb06,palu comm falc,ml,3,,,
nb06,phil seri,ml,1,,,
nb07,agro stol,hl,+,,,
nb07,alch sect cori,hl,r,,,
nb07,calt palu,hl,+,,,
nb07,camp sche,hl,r,,,
nb07,card amar aust,hl,+,,,
nb07,card rivu,hl,+,,,
nb07,care echi,hl,r,,,
nb07,care nigr,hl,1,,,
nb07,cera font,hl,r,,,
nb07,desc cesp,hl,1,,,
nb07,epil alsi,hl,1,,,
nb07,epil nuta,hl,+,,,
nb07,erio angu,hl,+,,,
nb07,junc cast,hl,+,,,
nb07,junc trig trig,hl,+,,,
nb07,mute adon,hl,+,,,
nb07,nard stri,hl,1,,,
nb07,ping vulg,hl,+,,,
nb07,saxi stel prol,hl,2b,,,
nb07,saxi stel robu,hl,+,,,
nb07,sold pusi alpi,hl,+,,,
nb07,stel alsi,hl,+,,,
nb07,tofi pusi,hl,r,,,
nb07,viol palu,hl,+,,,
nb07,will stip stip,hl,+,,,
nb07,bryu pseu pseu,ml,+,,det. R. Krisai,
nb07,bryu schl schl,ml,1,,det. R. Krisai,
nb07,palu comm falc,ml,3,,det. R. Krisai,
nb07,phil seri,ml,2a,,det. R. Krisai,
nb08,agro rupe rupe,hl,+,,,
nb08,agro stol,hl,+,,,
nb08,calt palu,hl,+,,,
nb08,care flav alpi,hl,+,,,
nb08,care nigr,hl,1,,,
nb08,desc cesp,hl,1,,,
nb08,erio angu,hl,1,,,
nb08,junc cast,hl,2a,,,
nb08,junc trig trig,hl,+,,,
nb08,nard stri,hl,+,,,
nb08,ping vulg,hl,+,,cf.,
nb08,poa alpi,hl,+,,,
nb08,prim mini,hl,+,,,
nb08,sedu vill,hl,+,,,
nb08,vale celt nori,hl,+,,,
nb08,camp stel,ml,+,,,
nb08,scor coss,ml,1,,,
nb09,agro rupe rupe,hl,1,,,
nb09,care oede,hl,+,,,
nb09,desc cesp,hl,1,,,
nb09,erio angu,hl,+,,,
nb09,erio vagi,hl,+,,,
nb09,junc cast,hl,2a,,,
nb09,junc trig trig,hl,2a,,,
nb09,ping vulg,hl,+,,,
nb09,saxi stel robu,hl,1,,,
nb09,dicr vari,ml,+,,det. R. Krisai,
nb09,warn exan,ml,1,,det. R. Krisai,
nb10,bell mich,hl,+,,,
nb10,camp sche,hl,+,,,
nb10,card rivu,hl,+,,,
nb10,care echi,hl,+,,,
nb10,care flav alpi,hl,+,,,
nb10,care nigr,hl,2b,,,
nb10,care parv,hl,r,,,
nb10,desc cesp,hl,+,,,
nb10,erio angu,hl,+,,,
nb10,gent bava suba,hl,r,,,
nb10,junc cast,hl,+,,,
nb10,junc trig trig,hl,1,,,
nb10,lois proc,hl,+,,,
nb10,pers vivi,hl,+,,,
nb10,poa alpi,hl,+,,,
nb10,prim mini,hl,+,,,
nb10,sali retu,hl,+,,,
nb10,saxi stel robu,hl,+,,,
nb10,sedu vill,hl,+,,,
nb10,sela sela,hl,+,,,
nb10,tofi pusi,hl,+,,,
nb10,camp stel,ml,1,,det. R. Krisai,
nb10,ditr flex,ml,+,,det. R. Krisai,
nb10,palu comm falc,ml,2a,,det. R. Krisai,
nb10,phil font,ml,1,,det. R. Krisai,
nb10,scor coss,ml,+,,det. R. Krisai,
nb10,tayl ling,ml,+,,det. R. Krisai,
nb11,bell mich,hl,+,,,
nb11,calt palu,hl,1,,,
nb11,card rivu,hl,2m,,,
nb11,care flav alpi,hl,r,,,
nb11,care frig,hl,+,,,
nb11,care nigr,hl,3,,,
nb11,care pani,hl,1,,,
nb11,cera font,hl,+,,,
nb11,desc cesp,hl,1,,,
nb11,erio angu,hl,1,,,
nb11,fest pseu dura,hl,r,,,
nb11,gent bava suba,hl,+,,,
nb11,junc cast,hl,1,,,
nb11,junc trig trig,hl,1,,,
nb11,nard stri,hl,+,,,
nb11,parn palu,hl,+,,,
nb11,pers vivi,hl,+,,,
nb11,phle comm,hl,+,,,
nb11,ping vulg,hl,+,,,
nb11,poa alpi,hl,+,,,
nb11,prim mini,hl,+,,,
nb11,sagi sagi ides,hl,+,,,
nb11,sali alpi,hl,+,,,
nb11,saxi stel robu,hl,+,,,
nb11,sedu vill,hl,+,,,
nb11,vero alpi,hl,+,,,
nb11,viol palu,hl,+,,,
nb11,bryu pseu pseu,ml,+,,det. R. Krisai,
nb11,palu comm falc,ml,+,,det. R. Krisai,
nb11,phil font,ml,+,,det. R. Krisai,
nb12,agro stol,hl,+,,,
nb12,anth alpi,hl,+,,,
nb12,bart alpi,hl,+,,,
nb12,call vulg,hl,+,,,
nb12,calt palu,hl,+,,,
nb12,card rivu,hl,+,,,
nb12,care dava,hl,+,,,
nb12,care dioi,hl,+,,,
nb12,care echi,hl,1,,,
nb12,care flav alpi,hl,+,,,
nb12,care frig,hl,+,,,
nb12,care nigr,hl,3,,,
nb12,care oede,hl,+,,,
nb12,care pani,hl,1,,,
nb12,desc cesp,hl,1,,,
nb12,eleo quin,hl,+,,,
nb12,epil alsi,hl,+,,,
nb12,erio angu,hl,1,,,
nb12,fest pseu dura,hl,+,,,
nb12,gent bava suba,hl,+,,,
nb12,homo alpi,hl,+,,,
nb12,junc arti,hl,+,,,
nb12,junc cast,hl,+,,,
nb12,junc fili,hl,+,,,
nb12,junc trig trig,hl,+,,,
nb12,luzu sude,hl,+,,,
nb12,nard stri,hl,+,,,
nb12,phle comm,hl,+,,,
nb12,ping vulg,hl,+,,,
nb12,poa alpi,hl,+,,,
nb12,pote erec,hl,+,,,
nb12,saxi stel robu,hl,+,,,
nb12,sela sela,hl,+,,,
nb12,tofi caly,hl,+,,,
nb12,trif badi,hl,+,,,
nb12,viol palu,hl,+,,,
nb12,will stip stip,hl,+,,,
nb12,atri undu,ml,1,,det. R. Krisai,
nb12,bryu schl schl,ml,1,,det. R. Krisai,
nb12,camp stel,ml,1,,det. R. Krisai,
nb12,palu comm falc,ml,1,,det. R. Krisai,
nb12,phil font,ml,2a,,det. R. Krisai,
nb12,spha warn,ml,2a,,det. R. Krisai,
nb13,alch sect cori,hl,r,,,
nb13,card rivu,hl,+,,,
nb13,care frig,hl,+,,,
nb13,care nigr,hl,1,,,
nb13,desc cesp,hl,1,,,
nb13,epil alsi,hl,1,,,
nb13,junc cast,hl,1,,,
nb13,nard stri,hl,+,,,
nb13,saxi stel robu,hl,1,,,
nb13,sold alpi,hl,r,,,
nb13,viol palu,hl,+,,,
nb13,will stip stip,hl,+,,,
nb13,bryu schl schl,ml,3,,det. R. Krisai,
nb13,palu comm falc,ml,2b,,det. R. Krisai,
nb13,phil seri,ml,2b,,det. R. Krisai,
nb14,agro stol,hl,+,,,
nb14,alch sect cori,hl,+,,,
nb14,calt palu,hl,+,,,
nb14,card rivu,hl,+,,,
nb14,care echi,hl,1,,,
nb14,care nigr,hl,2a,,,
nb14,desc cesp,hl,1,,,
nb14,epil alsi,hl,+,,,
nb14,epil nuta,hl,2m,,,
nb14,erio angu,hl,+,,,
nb14,gent bava suba,hl,r,,,
nb14,junc alpi alpi,hl,+,,,
nb14,junc cast,hl,1,,,
nb14,junc fili,hl,+,,,
nb14,luzu sude,hl,+,,,
nb14,mont font font,hl,2a,,,
nb14,nard stri,hl,+,,,
nb14,pote erec,hl,+,,,
nb14,saxi stel robu,hl,1,,,
nb14,sedu vill,hl,+,,,
nb14,stel alsi,hl,2a,,,
nb14,viol palu,hl,+,,,
nb14,dich palu,ml,3,,det. R. Krisai,
nb15,agro stol,hl,+,,,
nb15,alch spec ies,hl,+,,,
nb15,bart alpi,hl,+,,,
nb15,calt palu,hl,1,,,
nb15,card rivu,hl,+,,,
nb15,desc cesp,hl,1,,,
nb15,epil alsi,hl,+,,,
nb15,epil nuta,hl,2m,,,
nb15,junc cast,hl,+,,,
nb15,mont font font,hl,+,,,
nb15,sagi sagi ides,hl,+,,,
nb15,saxi stel robu,hl,2a,,,
nb15,stel alsi,hl,+,,,
nb15,viol palu,hl,+,,,
nb15,bryu schl schl,ml,3,,det. R. Krisai,
nb15,phil seri,ml,2b,,det. R. Krisai,
nb15,prei quad,ml,+,,,
nb16,arab stel,hl,r,,,
nb16,arme alpi,hl,+,,,
nb16,care frig,hl,r,,,
nb16,equi vari,hl,1,,,
nb16,erio angu,hl,1,,,
nb16,junc trig trig,hl,1,,,
nb16,kobr simp,hl,2a,,,
nb16,parn palu,hl,+,,,
nb16,bryu pseu pseu,ml,1,,,
nb16,palu comm falc,ml,2a,,det. R. Krisai,
nb17,calt palu,hl,+,,,
nb17,card rivu,hl,r,,,
nb17,care flav alpi,hl,r,,,
nb17,care nigr,hl,1,,,
nb17,desc cesp,hl,1,,,
nb17,epil alsi,hl,1,,,
nb17,junc cast,hl,+,,,
nb17,junc trig trig,hl,r,,,
nb17,mute adon,hl,r,,,
nb17,saxi stel prol,hl,+,,,
nb17,saxi stel robu,hl,2a,,,
nb17,sedu vill,hl,r,,,
nb17,sold alpi,hl,+,,,
nb17,viol palu,hl,+,,,
nb17,bryu pseu pseu,ml,1,,,
nb17,bryu schl schl,ml,r,,,
nb17,dich palu,ml,+,,,
nb17,dich pell,ml,+,,,
nb17,palu comm falc,ml,2a,,,
nb17,phil font,ml,+,,,
