plot;abbr;layer;cov;voucher;comment;history
hk01;achi mill aggr;hl;+;;;
hk01;acon taur taur;hl;1;;;
hk01;agro capi;hl;2a;;;
hk01;anth alpi;hl;2a;;;
hk01;aven flex flex;hl;+;;;
hk01;briz medi;hl;+;;;
hk01;camp sche;hl;+;;;
hk01;care nigr;hl;1;;;
hk01;desc cesp;hl;2b;;;
hk01;fest nigr cens;hl;2a;;;
hk01;geum mont;hl;+;;;
hk01;junc fili;hl;+;;;
hk01;luzu luzu rube;hl;+;;;
hk01;nard stri;hl;3;;;
hk01;phle comm;hl;1;;;
hk01;ranu repe;hl;1;;;
hk01;scor autu;hl;1;;;
hk01;scor helv;hl;+;;;
hk01;sene suba;hl;2a;;;
hk01;sold pusi alpi;hl;+;;;
hk01;tara sect rude;hl;+;;;
hk01;trif repe repe;hl;2b;;;
hk01;vacc myrt;hl;1;;;
hk01;viol bifl;hl;+;;;
hk01;will stip stip;hl;+;;;
hk01;poly form;ml;+;;;
hk01;rhyt triq;ml;2a;;;
hk01;scle puru;ml;1;;;
hk02;anth alpi;hl;1;;;
hk02;aven flex flex;hl;2b;;;
hk02;blec spic;hl;+;;;
hk02;clad rang;hl;+;;;
hk02;desc cesp;hl;+;;;
hk02;dryo cart;hl;+;;;
hk02;gymn dryo;hl;+;;;
hk02;homo alpi;hl;1;;;
hk02;hype macu;hl;+;;;
hk02;luzu luzu rube;hl;2a;;;
hk02;nard stri;hl;1;;;
hk02;oxal acet;hl;1;;;
hk02;pice abie;hl;+;;;
hk02;sold pusi alpi;hl;+;;;
hk02;vacc myrt;hl;4;;;
hk02;vacc viti;hl;+;;;
hk02;vera albu slat;hl;+;;;
hk02;dicr scop;ml;2a;;;
hk02;fiss taxi;ml;+;;;
hk02;hylo sple;ml;2b;;;
hk02;pleu schr;ml;3;;;
hk02;poly form;ml;2b;;;
hk02;rhyt triq;ml;2a;;;
hk02;pice abie;sl;+;;;
hk02;lari deci deci;tl1;1;;;
hk02;pice abie;tl1;3;;;
hk02;pseu furf slat;tl1;2a;;;
hk03;agro capi;hl;1;;;
hk03;anth alpi;hl;1;;;
hk03;athy dist;hl;+;;;
hk03;aven flex flex;hl;2a;;;
hk03;cala vill;hl;+;;;
hk03;care nigr;hl;+;;;
hk03;desc cesp;hl;1;;;
hk03;dryo cart;hl;+;;;
hk03;dryo dila;hl;+;;;
hk03;fest nigr cens;hl;+;;;
hk03;geum mont;hl;+;;;
hk03;homo alpi;hl;1;;;
hk03;hylo sple;hl;2a;;;
hk03;junc fili;hl;+;;;
hk03;luzu luzu rube;hl;+;;;
hk03;nard stri;hl;2a;;;
hk03;oxal acet;hl;+;;;
hk03;rhod ferr;hl;4;;;
hk03;scor helv;hl;+;;;
hk03;spha girg;hl;2b;;;
hk03;thel limb;hl;+;;;
hk03;vacc gaul;hl;2b;;;
hk03;vacc myrt;hl;3;;;
hk03;vacc viti;hl;1;;;
hk03;clad rang;ml;+;;;
hk03;dicr scop;ml;2a;;;
hk03;hedw cili;ml;+;;;
hk03;pleu schr;ml;3;;;
hk03;poly form;ml;1;;;
hk03;rhyt triq;ml;1;;;
hk04;achi mill aggr;hl;+;;;
hk04;acon taur taur;hl;r;;;
hk04;agro rupe rupe;hl;1;;;
hk04;anth alpi;hl;2a;;;
hk04;aven vers;hl;1;;;
hk04;camp alpi;hl;+;;;
hk04;camp sche;hl;+;;;
hk04;card alpi;hl;+;;cf.;
hk04;euph mini;hl;+;;;
hk04;fest vari;hl;4;;;
hk04;geum mont;hl;+;;;
hk04;junc trif;hl;+;;;
hk04;juni comm nana;hl;+;;;
hk04;luzu luzu rube;hl;+;;;
hk04;phyt conf;hl;+;2011-0002;cf.;
hk04;phyt hemi;hl;1;;;
hk04;pote cran;hl;+;;;
hk04;prim mini;hl;+;;;
hk04;sapo pumi;hl;+;;;
hk04;sedu albu;hl;+;;;
hk04;semp stir;hl;r;;;
hk04;sile rupe;hl;1;;;
hk04;thym prae poly;hl;+;;;
hk04;vacc gaul;hl;+;;;
hk04;vacc viti;hl;+;;;
hk04;vero bell bell;hl;2a;;;
hk04;vero cham cham;hl;+;;;
hk04;poly form;ml;+;;;
hk04;poly pili;ml;1;;;
hk04;tham verm verm;ml;+;;; | Changed tham verm To tham verm verm 2012-11-27 12:30:57
hk05;aven flex flex;hl;1;;;
hk05;call vulg;hl;+;;;
hk05;lois proc;hl;5;;;
hk05;vacc gaul;hl;2b;;;
hk05;vacc myrt;hl;2a;;;
hk05;vacc viti;hl;1;;;
hk05;cetr eric;ml;1;;;
hk05;cetr isla isla;ml;1;;; | Changed cetr isla To cetr isla isla 2012-11-27 12:30:57
hk05;clad rang;ml;1;;;
hk05;clad unci slat;ml;1;;; | Changed clad unci To clad unci slat 2012-11-27 12:30:57
hk05;flav cucu;ml;2b;;; | Changed clad cucu To flav cucu 2012-11-27 12:30:57
hk05;hylo sple;ml;+;;;
hk05;pleu schr;ml;2a;;;
hk05;poly juni;ml;2a;;;
hk05;tham verm verm;ml;+;;; | Changed tham verm To tham verm verm 2012-11-27 12:30:57
hk06;aven flex flex;hl;2a;;;
hk06;cala vill;hl;2b;;;
hk06;call vulg;hl;1;;;
hk06;luzu luzu rube;hl;1;;;
hk06;pinu mugo;hl;+;;;
hk06;rhod ferr;hl;3;;;
hk06;thel limb;hl;+;;;
hk06;vacc gaul;hl;2a;;;
hk06;vacc myrt;hl;2b;;;
hk06;vacc viti;hl;1;;;
hk06;clad rang;ml;+;;;
hk06;dicr scop;ml;2a;;;
hk06;pleu schr;ml;2b;;;
hk06;poly form;ml;2a;;;
hk06;pinu mugo;sl;4;;;
hk07;athy dist;hl;1;;;
hk07;aven flex flex;hl;2a;;;
hk07;cala vill;hl;2a;;;
hk07;homo alpi;hl;1;;;
hk07;luzu luzu rube;hl;1;;;
hk07;nard stri;hl;+;;;
hk07;pote erec;hl;+;;;
hk07;rhod ferr;hl;5;;;
hk07;sile vulg vulg;hl;+;;;
hk07;thel limb;hl;+;;;
hk07;vacc gaul;hl;2a;;;
hk07;vacc myrt;hl;2b;;;
hk07;cetr isla isla;ml;+;;; | Changed cetr isla To cetr isla isla 2012-11-27 12:30:57
hk07;clad rang;ml;+;;;
hk07;dicr scop;ml;2a;;;
hk07;hylo sple;ml;1;;;
hk07;pleu schr;ml;2b;;;
hk07;poly form;ml;1;;;
hk07;spha capi;ml;+;;;
hk07;pinu mugo;sl;2a;;;
hk08;aven flex flex;hl;2a;;;
hk08;blec spic;hl;1;;;
hk08;cala vill;hl;2b;;;
hk08;call vulg;hl;1;;;
hk08;dryo cart;hl;+;;;
hk08;dryo dila;hl;+;;;
hk08;empe herm;hl;r;;;
hk08;hier muro;hl;+;;;
hk08;homo alpi;hl;1;;;
hk08;luzu luzu rube;hl;2a;;;
hk08;oxal acet;hl;1;;;
hk08;pice abie;hl;+;;;
hk08;pinu cemb;hl;+;;;
hk08;scor helv;hl;+;;;
hk08;semp stir;hl;+;;;
hk08;soli virg virg;hl;+;;;
hk08;sorb aucu glab;hl;+;;;
hk08;vacc myrt;hl;3;;;
hk08;vacc viti;hl;2b;;;
hk08;cetr isla isla;ml;+;;; | Changed cetr isla To cetr isla isla 2012-11-27 12:30:57
hk08;clad rang;ml;1;;;
hk08;dicr scop;ml;2b;;;
hk08;fiss taxi;ml;+;;;
hk08;hedw cili;ml;1;;;
hk08;hylo sple;ml;2b;;;
hk08;hypn cupr;ml;1;;;
hk08;pleu schr;ml;2b;;;
hk08;poly alpi;ml;+;;;
hk08;poly form;ml;1;;;
hk08;poly pili;ml;+;;;
hk08;rhyt triq;ml;1;;;
hk08;tort incl;ml;+;;;
hk08;lari deci deci;sl;1;;;
hk08;pice abie;sl;2a;;;
hk08;pinu cemb;sl;1;;;
hk08;lari deci deci;tl1;1;;;
hk08;pice abie;tl1;3;;;
hk08;pinu cemb;tl1;2b;;;
hk08;pseu furf slat;tl1;2a;;;
hk08;usne spec ies;tl1;1;;;
hk09;agro capi;hl;1;;;
hk09;anth alpi;hl;2a;;;
hk09;briz medi;hl;1;;;
hk09;call vulg;hl;1;;;
hk09;camp barb barb;hl;1;;;
hk09;care echi;hl;2a;;;
hk09;care lepo;hl;1;;;
hk09;fest nigr cens;hl;2a;;;
hk09;gent punc;hl;r;;cf.;
hk09;homo alpi;hl;2a;;;
hk09;luzu alpi na;hl;+;;;
hk09;nard stri;hl;4;;;
hk09;pote aure;hl;1;;;
hk09;pote erec;hl;2a;;;
hk09;scor helv;hl;1;;;
hk09;vacc gaul;hl;2a;;;
hk09;vacc myrt;hl;3;;;
hk09;vera albu slat;hl;2a;;;
hk09;cetr isla isla;ml;+;;; | Changed cetr isla To cetr isla isla 2012-11-27 12:30:57
hk09;hylo sple;ml;1;;;
hk09;pleu schr;ml;2a;;;
hk09;poly form;ml;2b;;;
hk09;spha girg;ml;2a;;;
hk10;agro agro;hl;2b;2011-0003;;
hk10;anth alpi;hl;1;;;
hk10;aven flex flex;hl;1;;;
hk10;call vulg;hl;1;;;
hk10;junc trif;hl;3;;;
hk10;lari deci deci;hl;+;;;
hk10;rhod ferr;hl;3;;;
hk10;semp stir;hl;+;;;
hk10;vacc myrt;hl;1;;;
hk10;clad rang;ml;1;;;
hk10;poly pili;ml;1;;;
hk10;rhiz geog geog;ml;2a;;; | Changed rhiz geog To rhiz geog geog 2012-11-27 12:30:57
hk11;agro capi;hl;2a;;;
hk11;anth alpi;hl;2b;;;
hk11;aven flex flex;hl;1;;;
hk11;camp sche;hl;+;;;
hk11;care nigr;hl;2b;;;
hk11;cera font;hl;+;;;
hk11;fest nigr cens;hl;2a;;;
hk11;geum mont;hl;1;;;
hk11;homo alpi;hl;2a;;;
hk11;junc fili;hl;+;;;
hk11;luzu alpi na;hl;1;;;
hk11;nard stri;hl;4;;;
hk11;phle comm;hl;1;;;
hk11;pote aure;hl;1;;;
hk11;pote erec;hl;1;;;
hk11;rhod ferr;hl;1;;;
hk11;scor helv;hl;1;;;
hk11;vacc gaul;hl;1;;;
hk11;vacc myrt;hl;2b;;;
hk11;vera albu slat;hl;+;;;
hk11;cetr isla isla;ml;1;;; | Changed cetr isla To cetr isla isla 2012-11-27 12:30:57
hk11;dicr scop;ml;2a;;;
hk11;poly form;ml;2b;;;
hk11;spha capi;ml;2a;;;
hk12;agro rupe rupe;hl;+;;;
hk12;anth alpi;hl;2a;;;
hk12;aven flex flex;hl;2a;;;
hk12;desc cesp;hl;1;;;
hk12;empe herm;hl;r;;;
hk12;fest nigr cens;hl;1;;;
hk12;homo alpi;hl;2a;;;
hk12;mela prat;hl;+;;;
hk12;nard stri;hl;3;;;
hk12;pote aure;hl;+;;;
hk12;rhod ferr;hl;3;;;
hk12;scor helv;hl;2a;;;
hk12;vacc gaul;hl;2a;;;
hk12;vacc myrt;hl;2b;;;
hk12;vera albu slat;hl;+;;;
hk12;cetr isla isla;ml;1;;; | Changed cetr isla To cetr isla isla 2012-11-27 12:30:57
hk12;clad rang;ml;1;;;
hk12;dicr scop;ml;2a;;;
hk12;hedw cili;ml;1;;;
hk12;hylo sple;ml;1;;;
hk12;pleu schr;ml;2b;;;
hk12;poly form;ml;2b;;;
hk12;rhyt triq;ml;2a;;;
hk12;spha capi;ml;1;;cf.;
hk12;spha girg;ml;1;;cf.;
hk13;aven flex flex;hl;2a;;;
hk13;empe herm;hl;2a;;;
hk13;lois proc;hl;5;;;
hk13;mela prat;hl;+;;;
hk13;pinu cemb;hl;r;;;
hk13;rhod ferr;hl;+;;;
hk13;vacc myrt;hl;3;;;
hk13;vacc viti;hl;1;;;
hk13;alec ochr;ml;+;;;
hk13;cetr isla isla;ml;1;;; | Changed cetr isla To cetr isla isla 2012-11-27 12:30:57
hk13;clad rang;ml;2a;;;
hk13;dicr scop;ml;1;;;
hk13;hylo sple;ml;1;;;
hk13;pleu schr;ml;1;;;
hk14;agro rupe rupe;hl;2a;;;
hk14;anth alpi;hl;2b;;;
hk14;desc cesp;hl;2b;;;
hk14;fest nigr cens;hl;2a;;;
hk14;gnap supi;hl;1;;;
hk14;homo alpi;hl;2a;;;
hk14;hupe sela;hl;+;;;
hk14;junc trif;hl;1;;;
hk14;luzu alpi losa;hl;2b;;;
hk14;luzu alpi na;hl;1;;;
hk14;nard stri;hl;2b;;;
hk14;rhod ferr;hl;+;;;
hk14;scor helv;hl;2a;;;
hk14;sold pusi alpi;hl;4;;;
hk14;soli virg virg;hl;+;;;
hk14;vacc myrt;hl;1;;;
hk14;vera albu slat;hl;+;;;
hk14;clad rang;ml;+;;;
hk14;dicr cerv;ml;2b;;cf.;
hk14;dicr scop;ml;1;;;
hk14;pell spec ies;ml;+;;cf.;
hk14;poly alpi;ml;1;;cf.;
hk14;poly form;ml;2a;;cf.;
hk14;poly juni;ml;2b;;cf.;
hk15;care curv curv;hl;2b;;;
hk15;empe herm;hl;2b;;;
hk15;hupe sela;hl;+;;;
hk15;junc trif;hl;2a;;;
hk15;lois proc;hl;3;;;
hk15;oreo dist;hl;1;;;
hk15;rhod ferr;hl;+;;;
hk15;sapo pumi;hl;2a;;;
hk15;vacc gaul;hl;2a;;;
hk15;vacc viti;hl;1;;;
hk15;vale celt nori;hl;2m;;;
hk15;cetr eric;ml;2m;;;
hk15;cetr isla isla;ml;1;;; | Changed cetr isla To cetr isla isla 2012-11-27 12:30:57
hk15;clad rang;ml;1;;;
hk15;clad unci slat;ml;+;;; | Changed clad unci To clad unci slat 2012-11-27 12:30:57
hk15;dicr cerv;ml;1;;;
hk15;hedw cili;ml;1;;;
hk16;anth alpi;hl;2a;;;
hk16;aven flex flex;hl;2a;;;
hk16;aven vers;hl;2a;;;
hk16;camp sche;hl;1;;;
hk16;care semp semp;hl;2b;;;
hk16;empe herm;hl;+;;;
hk16;euph offi pict;hl;+;2011-0006;;
hk16;fest vari;hl;3;;;
hk16;geum mont;hl;1;;;
hk16;homo alpi;hl;+;;;
hk16;juni comm nana;hl;2a;;;
hk16;luzu luzu rube;hl;1;;;
hk16;nard stri;hl;2a;;;
hk16;oreo dist;hl;1;;;
hk16;phyt hemi;hl;+;;;
hk16;pote aure;hl;1;;;
hk16;puls alpi alba;hl;+;;;
hk16;sapo pumi;hl;+;;;
hk16;scor helv;hl;+;;;
hk16;vacc gaul;hl;1;;;
hk16;vacc myrt;hl;2b;;;
hk16;vacc viti;hl;2a;;;
hk16;vale celt nori;hl;+;;;
hk16;cetr isla isla;ml;2a;;; | Changed cetr isla To cetr isla isla 2012-11-27 12:30:57
hk16;clad rang;ml;2a;;;
hk16;dicr scop;ml;2a;;cf.;
hk16;hylo sple;ml;+;;;
hk16;pleu schr;ml;2a;;;
hk16;poly juni;ml;1;;;
hk17;anth alpi;hl;+;;;
hk17;aven flex flex;hl;1;;;
hk17;aven vers;hl;1;;;
hk17;camp alpi;hl;+;;cf.;
hk17;care brun brun;hl;r;;;
hk17;care semp semp;hl;1;;;
hk17;euph offi pict;hl;+;;cp. 2011-0006;
hk17;fest pict;hl;+;;;
hk17;fest vari;hl;4;;;
hk17;hier alpi;hl;+;;;
hk17;junc trif;hl;+;;;
hk17;juni comm nana;hl;1;;;
hk17;oreo dist;hl;+;;;
hk17;pote aure;hl;+;;;
hk17;prim mini;hl;+;;;
hk17;rhod ferr;hl;+;;;
hk17;sapo pumi;hl;+;;;
hk17;scor helv;hl;+;;;
hk17;vacc gaul;hl;1;;;
hk17;vacc myrt;hl;2a;;;
hk17;vacc viti;hl;2a;;;
hk17;alec ochr;ml;+;;;
hk17;cetr eric;ml;1;;cf.;
hk17;cetr isla isla;ml;1;;; | Changed cetr isla To cetr isla isla 2012-11-27 12:30:57
hk17;clad rang;ml;+;;;
hk17;clad unci slat;ml;+;;; | Changed clad unci To clad unci slat 2012-11-27 12:30:57
hk17;flav cucu;ml;+;;; | Changed clad cucu To flav cucu 2012-11-27 12:30:57
hk17;flav niva;ml;+;;; | Changed cetr niva To flav niva 2012-11-27 12:30:57
hk17;hedw cili;ml;+;;cf.;
hk17;hylo sple;ml;1;;;
hk17;pleu schr;ml;+;;;
hk17;poly juni;ml;1;;;
hk17;tham verm verm;ml;+;;; | Changed tham verm To tham verm verm 2012-11-27 12:30:57
hk18;aven flex flex;hl;2a;;;
hk18;aven vers;hl;+;;;
hk18;call vulg;hl;2a;;;
hk18;camp alpi;hl;+;;;
hk18;care brun brun;hl;+;;;
hk18;care curv curv;hl;1;;;
hk18;care semp semp;hl;2a;;;
hk18;fest vari;hl;2b;;;
hk18;geum mont;hl;+;;;
hk18;junc trif;hl;1;;;
hk18;lois proc;hl;3;;;
hk18;oreo dist;hl;+;;;
hk18;phyt hemi;hl;+;;;
hk18;puls alpi alba;hl;+;;;
hk18;rhod ferr;hl;+;;;
hk18;sapo pumi;hl;1;;;
hk18;scor helv;hl;+;;;
hk18;vacc gaul;hl;2a;;;
hk18;vacc myrt;hl;3;;;
hk18;cetr isla isla;ml;2b;;; | Changed cetr isla To cetr isla isla 2012-11-27 12:30:57
hk18;clad rang;ml;1;;;
hk18;pleu schr;ml;2a;;;
hk19;aven flex flex;hl;1;;;
hk19;call vulg;hl;1;;;
hk19;care brun brun;hl;2a;2011-0007;;
hk19;empe herm;hl;2a;;;
hk19;fest vari;hl;1;;;
hk19;lois proc;hl;3;;;
hk19;pinu cemb;hl;r;;;
hk19;sapo pumi;hl;+;;;
hk19;vacc gaul;hl;3;;;
hk19;vacc myrt;hl;2a;;;
hk19;vacc viti;hl;1;;;
hk19;alec ochr;ml;2a;;;
hk19;cetr eric;ml;2a;;;
hk19;cetr isla isla;ml;3;;; | Changed cetr isla To cetr isla isla 2012-11-27 12:30:57
hk19;clad rang;ml;2a;;;
hk19;dicr scop;ml;1;;;
hk19;flav cucu;ml;2a;;; | Changed clad cucu To flav cucu 2012-11-27 12:30:57
hk19;flav niva;ml;+;;; | Changed cetr niva To flav niva 2012-11-27 12:30:57
hk19;pleu schr;ml;+;;;
hk19;poly form;ml;1;;;
hk19;poly juni;ml;2b;;;
hk20;cirs spec ies;hl;1;;;
hk20;dact glom aggr;hl;2a;;;
hk20;desc cesp;hl;2a;;;
hk20;fest rubr;hl;2a;;;
hk20;gali spec ies;hl;1;;;
hk20;phle prat aggr;hl;2a;;;
hk20;plan majo slat;hl;2m;;;
hk20;poa prat;hl;2a;;;
hk20;ranu acri acri;hl;2a;;;
hk20;ranu repe;hl;1;;;
hk20;tara sect rude;hl;1;;;
hk20;trif prat slat;hl;2b;;;
hk20;urti dioc slat;hl;1;;;
hk21;agro capi;hl;2a;;;
hk21;alch acut;hl;r;;;
hk21;cera font;hl;1;;;
hk21;desc cesp;hl;3;;;
hk21;fest nigr cens;hl;2a;;;
hk21;junc effu;hl;1;;;
hk21;nard stri;hl;2b;;;
hk21;plan majo slat;hl;r;;;
hk21;poa alpi;hl;2a;;;
hk21;poa prat;hl;2m;;;
hk21;poa supi;hl;1;;;
hk21;pote erec;hl;r;;;
hk21;ranu acri acri;hl;1;;;
hk21;tara sect rude;hl;r;;;
hk21;vero bell bell;hl;r;;;
hk22;achi mill aggr;hl;r;;;
hk22;acon taur taur;hl;r;;;
hk22;anth alpi;hl;2a;;;
hk22;camp sche;hl;r;;;
hk22;cera font;hl;r;;;
hk22;desc cesp;hl;3;;;
hk22;fest nigr cens;hl;2a;;;
hk22;geum mont;hl;1;;;
hk22;nard stri;hl;2b;;;
hk22;poa supi;hl;2b;;;
hk22;pote erec;hl;r;;;
hk22;ranu acri acri;hl;r;;;
hk22;rume acet slat;hl;1;;;
hk22;vero bell bell;hl;r;;;
hk23;achi mill aggr;hl;2m;;;
hk23;ajug pyra;hl;r;;;
hk23;alop prat;hl;2a;;;
hk23;anth alpi;hl;1;;;
hk23;desc cesp;hl;2a;;;
hk23;fest rubr;hl;2m;;;
hk23;geum mont;hl;r;;;
hk23;homo alpi;hl;r;;;
hk23;loli pere;hl;2a;;;
hk23;lotu corn slat;hl;1;;;
hk23;phle prat aggr;hl;1;;;
hk23;plan majo slat;hl;r;;;
hk23;poa alpi;hl;1;;;
hk23;poa prat;hl;2a;;;
hk23;pote erec;hl;r;;;
hk23;ranu repe;hl;1;;;
hk23;rume alpi;hl;r;;;
hk23;tara sect rude;hl;r;;;
hk23;trif prat slat;hl;2a;;;
hk23;vacc myrt;hl;r;;;
hk23;vera albu slat;hl;r;;;
hk23;vero offi;hl;r;;;
hk24;achi mill aggr;hl;1;;;
hk24;alop prat;hl;1;;;
hk24;desc cesp;hl;1;;;
hk24;fest rubr;hl;2a;;;
hk24;lotu corn slat;hl;1;;;
hk24;myos scor scor;hl;r;;;
hk24;phle prat aggr;hl;3;;;
hk24;plan majo slat;hl;1;;;
hk24;poa alpi;hl;2a;;;
hk24;poa prat;hl;2a;;;
hk24;ranu acri acri;hl;1;;;
hk24;ranu repe;hl;1;;;
hk24;rume acet osa;hl;r;;;
hk24;tara sect rude;hl;r;;;
hk24;trif hybr slat;hl;1;;;
hk24;trif repe repe;hl;2a;;;
hk24;vero bell bell;hl;1;;;
