"plot";"abbr";"layer";"cov";"comment";"history"
"fu01a";"cala vari";"hl";"3";"";""
"fu01a";"brac sylv";"hl";"2b";"";""
"fu01a";"desc cesp";"hl";"1";"";""
"fu01a";"rubu idae";"hl";"+";"";""
"fu01a";"cirs arve";"hl";"+";"";""
"fu01a";"atro bell";"hl";"+";"";""
"fu01a";"care flac";"hl";"1";"";""
"fu01a";"care sylv";"hl";"1";"";""
"fu01a";"care pall";"hl";"+";"";""
"fu01a";"pice abie";"hl";"+";"";""
"fu01a";"hell nige";"hl";"1";"";""
"fu01a";"clin vulg vulg";"hl";"+";"";" | Changed clin vulg To clin vulg vulg 2012-11-27 00:39:21"
"fu01a";"gali odor";"hl";"+";"";""
"fu01a";"aden alpi";"hl";"+";"";" | Changed aden glab To aden alpi 2012-11-27 00:39:21"
"fu01a";"euph cypa";"hl";"+";"";""
"fu01a";"frag vesc";"hl";"+";"";""
"fu01a";"fagu sylv";"hl";"+";"";""
"fu01a";"rubu sect rubu";"hl";"+";"";" | Changed rubu frut To rubu sect rubu 2012-11-27 00:39:21"
"fu01a";"sali capr";"hl";"+";"";""
"fu01a";"apos foet";"hl";"+";"";""
"fu01a";"viol reic";"hl";"+";"";""
"fu01a";"cirs palu";"hl";"+";"";""
"fu01a";"vero offi";"hl";"+";"";""
"fu01a";"viol hirt";"hl";"+";"";""
"fu01a";"ajug rept";"hl";"+";"";""
"fu01a";"pote rept";"hl";"+";"";""
"fu02a";"pice abie";"tl";"4";"";""
"fu02a";"cala vari";"hl";"3";"";""
"fu02a";"aden alpi";"hl";"1";"";" | Changed aden glab To aden alpi 2012-11-27 00:39:21"
"fu02a";"sorb aucu aucu";"hl";"+";"";" | Changed sorb aucu To sorb aucu aucu 2012-11-27 00:39:21"
"fu02a";"poly vert";"hl";"+";"";""
"fu02a";"merc pere";"hl";"1";"";""
"fu02a";"lysi nemo";"hl";"+";"";""
"fu02a";"gale mont";"hl";"1";"";""
"fu02a";"meli nuta";"hl";"1";"";""
"fu02a";"care alba";"hl";"2a";"";""
"fu02a";"salv glut";"hl";"+";"";""
"fu02a";"ajug rept";"hl";"+";"";""
"fu02a";"gali rotu";"hl";"+";"";""
"fu02a";"apos foet";"hl";"1";"";""
"fu02a";"hupe sela";"hl";"+";"";""
"fu02a";"dryo dila";"hl";"+";"";""
"fu02a";"frag vesc";"hl";"1";"";""
"fu02a";"gali albu";"hl";"1";"";""
"fu02a";"orig vulg";"hl";"1";"";""
"fu02a";"fagu sylv";"hl";"+";"";""
"fu02a";"viol reic";"hl";"+";"";""
"fu02a";"brac sylv";"hl";"1";"";""
"fu02a";"peta albu";"hl";"+";"";""
"fu02a";"oxal acet";"hl";"+";"";""
"fu02a";"pari quad";"hl";"+";"";""
"fu02a";"acer pseu";"hl";"+";"";""
"fu02a";"vinc hiru";"hl";"+";"";" | Changed vinc hier To vinc hiru 2012-11-27 00:39:21"
"fu02a";"clem vita";"hl";"+";"";""
"fu02a";"clem vita";"sl";"+";"";""
"fu02a";"clem vita";"tl";"+";"";""
"fu02a";"vero cham cham";"hl";"+";"";" | Changed vero cham To vero cham cham 2012-11-27 00:39:21"
"fu02a";"card defl viri";"hl";"+";"";" | Changed card defl To card defl viri 2012-11-27 00:39:21"
"fu02a";"abie alba";"hl";"+";"";""
"fu02a";"frax exce";"hl";"+";"";""
"fu02a";"poly acul";"hl";"+";"";""
"fu02a";"pote erec";"hl";"+";"";""
"fu02a";"care flac";"hl";"+";"";""
"fu02a";"sesl caer";"hl";"+";"";" | Changed sesl albi To sesl caer 2012-11-27 00:39:21"
"fu02a";"cirs palu";"hl";"+";"";""
"fu02a";"lact mura";"hl";"+";"";" | Changed myce mura To lact mura 2012-11-27 00:39:21"
"fu02a";"gymn robe";"hl";"+";"";""
"fu02a";"epip atro";"hl";"+";"";""
"fu02a";"desc cesp";"hl";"+";"";""
"fu02b";"pice abie";"tl";"5";"";""
"fu02b";"fagu sylv";"tl";"2a";"";""
"fu02b";"merc pere";"hl";"1";"";""
"fu02b";"phyt spic spic";"hl";"1";"";""
"fu02b";"card trif";"hl";"1";"";""
"fu02b";"cycl purp";"hl";"+";"";""
"fu02b";"poly acul";"hl";"+";"";""
"fu02b";"poly vert";"hl";"+";"";""
"fu02b";"hell nige";"hl";"+";"";""
"fu02b";"hepa nobi";"hl";"+";"";""
"fu02b";"gale mont";"hl";"+";"";""
"fu02b";"care alba";"hl";"1";"";""
"fu02b";"care digi";"hl";"+";"";""
"fu02b";"euph cypa";"hl";"+";"";""
"fu02b";"viol reic";"hl";"+";"";""
"fu02b";"aden alpi";"hl";"+";"";" | Changed aden glab To aden alpi 2012-11-27 00:39:21"
"fu02b";"acer pseu";"hl";"+";"";""
"fu02b";"frax exce";"hl";"+";"";""
"fu02b";"aspl viri";"hl";"+";"";""
"fu02b";"epip atro";"hl";"r";"";""
"fu02b";"pari quad";"hl";"+";"";""
"fu02b";"pren purp";"hl";"+";"";""
"fu02b";"abie alba";"hl";"+";"";""
"fu02b";"abie alba";"tl";"1";"";""
"fu02c";"pice abie";"tl";"5";"";""
"fu02c";"pice abie";"sl";"+";"";""
"fu02c";"fagu sylv";"tl";"+";"";""
"fu02c";"fagu sylv";"sl";"+";"";""
"fu02c";"fagu sylv";"hl";"+";"";""
"fu02c";"merc pere";"hl";"+";"";""
"fu02c";"sorb aucu aucu";"hl";"+";"";" | Changed sorb aucu To sorb aucu aucu 2012-11-27 00:39:21"
"fu02c";"frax exce";"hl";"+";"";""
"fu02c";"frax exce";"tl";"+";"";""
"fu02c";"lysi nemo";"hl";"+";"";""
"fu02c";"aden alpi";"hl";"+";"";" | Changed aden glab To aden alpi 2012-11-27 00:39:21"
"fu02c";"viol reic";"hl";"+";"";""
"fu02c";"oxal acet";"hl";"+";"";""
"fu02c";"gali rotu";"hl";"+";"";""
"fu02c";"rubu sect rubu";"hl";"+";"";" | Changed rubu frut To rubu sect rubu 2012-11-27 00:39:21"
"fu02c";"care alba";"hl";"+";"";""
"fu02c";"acer pseu";"hl";"+";"";""
"fu02c";"care digi";"hl";"+";"";""
"fu02c";"hell nige";"hl";"+";"";""
"fu02d";"pice abie";"tl";"4";"";""
"fu02d";"pice abie";"sl";"1";"";""
"fu02d";"acon vari nasu";"hl";"+";"";" | Changed acon vari To acon vari nasu 2012-11-27 00:39:21"
"fu02d";"cala vari";"hl";"2b";"";""
"fu02d";"orig vulg";"hl";"1";"";""
"fu02d";"care flac";"hl";"1";"";""
"fu02d";"acer pseu";"hl";"+";"";""
"fu02d";"aden alpi";"hl";"1";"";" | Changed aden glab To aden alpi 2012-11-27 00:39:21"
"fu02d";"linu cath";"hl";"+";"";""
"fu02d";"sesl caer";"hl";"3";"";" | Changed sesl albi To sesl caer 2012-11-27 00:39:21"
"fu02d";"ranu nemo";"hl";"+";"";""
"fu02d";"card defl viri";"hl";"+";"";" | Changed card defl To card defl viri 2012-11-27 00:39:21"
"fu02d";"gali trun";"hl";"+";"";""
"fu02d";"gali albu";"hl";"+";"";""
"fu02d";"care flav flav";"hl";"+";"";" | Changed care flav To care flav flav 2012-11-27 00:39:21"
"fu02d";"cirs palu";"hl";"+";"";""
"fu02d";"salv glut";"hl";"+";"";""
"fu02d";"viol hirt";"hl";"+";"";""
"fu02d";"clem vita";"tl";"+";"";""
"fu02d";"clem vita";"sl";"+";"";""
"fu02d";"clem vita";"hl";"+";"";""
"fu02d";"ajug rept";"hl";"+";"";""
"fu02d";"eupa cann";"hl";"+";"";""
"fu02d";"euph cypa";"hl";"+";"";""
"fu02d";"poly cham";"hl";"+";"";""
"fu02d";"sorb aria";"sl";"+";"";""
"fu02d";"sorb aria";"hl";"+";"";""
"fu02d";"frax exce";"hl";"+";"";""
"fu02d";"vinc hiru";"hl";"+";"";" | Changed vinc hier To vinc hiru 2012-11-27 00:39:21"
"fu02d";"care alba";"hl";"1";"";""
"fu02d";"pote erec";"hl";"+";"";""
"fu02d";"gent ascl";"hl";"+";"";""
"fu02d";"moli caer";"hl";"1";"";""
"fu02d";"frag vesc";"hl";"+";"";""
"fu02d";"merc pere";"hl";"+";"";""
"fu02d";"poly vert";"hl";"+";"";""
"fu02d";"dryo cart";"hl";"+";"";""
"fu02d";"oxal acet";"hl";"+";"";""
"fu02d";"pren purp";"hl";"+";"";""
"fu02d";"lact mura";"hl";"+";"";" | Changed myce mura To lact mura 2012-11-27 00:39:21"
"fu02d";"sene ovat ovat";"hl";"+";"";" | Changed sene ovat To sene ovat ovat 2012-11-27 00:39:21"
"fu02d";"phyt spic spic";"hl";"+";"";""
"fu02d";"eric carn";"hl";"+";"";""
"fu02d";"hell nige";"hl";"+";"";""
"fu02d";"lysi nemo";"hl";"+";"";""
"fu02d";"lath prat prat";"hl";"+";"";" | Changed lath prat To lath prat prat 2012-11-27 00:39:21"
"fu02d";"poly amar ella";"hl";"+";"Polygala amarella";" | Changed poly amal To poly amar ella 2012-11-27 00:39:21"
"fu02e";"pice abie";"tl";"5";"";""
"fu02e";"fagu sylv";"tl";"2a";"";""
"fu02e";"fagu sylv";"sl";"+";"";""
"fu02e";"fagu sylv";"hl";"+";"";""
"fu02e";"care alba";"hl";"+";"";""
"fu02e";"merc pere";"hl";"+";"";""
"fu02e";"salv glut";"hl";"+";"";""
"fu02e";"pren purp";"hl";"+";"";""
"fu02e";"phyt spic spic";"hl";"+";"";""
"fu02e";"pter aqui";"hl";"+";"";""
"fu02e";"rubu sect rubu";"hl";"+";"";" | Changed rubu frut To rubu sect rubu 2012-11-27 00:39:21"
"fu02e";"meli nuta";"hl";"+";"";""
"fu02e";"frax exce";"hl";"+";"";""
"fu02e";"viol reic";"hl";"+";"";""
"fu02e";"apos foet";"hl";"+";"";""
"fu02e";"vinc hiru";"hl";"+";"";" | Changed vinc hier To vinc hiru 2012-11-27 00:39:21"
"fu02e";"abie alba";"hl";"+";"";""
"fu02e";"lari deci deci";"tl";"1";"";""
"fu03a";"sesl caer";"hl";"2a";"";" | Changed sesl albi To sesl caer 2012-11-27 00:39:21"
"fu03a";"buph sali";"hl";"1";"";""
"fu03a";"care humi";"hl";"4";"";""
"fu03a";"moli caer";"hl";"1";"";""
"fu03a";"vinc hiru";"hl";"2b";"";" | Changed vinc hier To vinc hiru 2012-11-27 00:39:21"
"fu03a";"cala vari";"hl";"2a";"";""
"fu03a";"orig vulg";"hl";"+";"";""
"fu03a";"pote erec";"hl";"1";"";""
"fu03a";"euph cypa";"hl";"1";"";""
"fu03a";"anth ramo";"hl";"+";"";""
"fu03a";"acon vari nasu";"hl";"+";"";" | Changed acon vari To acon vari nasu 2012-11-27 00:39:21"
"fu03a";"apos foet";"hl";"+";"";""
"fu03a";"salv glut";"hl";"+";"";""
"fu03a";"eupa cann";"hl";"+";"";""
"fu03a";"aqui atra";"hl";"+";"";""
"fu03a";"carl acau acau";"hl";"+";"";" | Changed carl acau To carl acau acau 2012-11-27 00:39:21"
"fu03a";"hepa nobi";"hl";"+";"";""
"fu03a";"phyt orbi";"hl";"1";"";""
"fu03a";"merc pere";"hl";"+";"";""
"fu03a";"care flac";"hl";"+";"";""
"fu03a";"aden alpi";"hl";"+";"";" | Changed aden glab To aden alpi 2012-11-27 00:39:21"
"fu03a";"pter aqui";"hl";"+";"";""
"fu03a";"ajug rept";"hl";"+";"";""
"fu03a";"gymn robe";"hl";"+";"";""
"fu03a";"pimp majo majo";"hl";"+";"";" | Changed pimp majo To pimp majo majo 2012-11-27 00:39:21"
"fu03a";"clin alpi alpi";"hl";"+";"";" | Changed acin alpi To clin alpi alpi 2012-11-27 00:39:21"
"fu03a";"gali anis";"hl";"+";"";""
"fu03a";"care mucr";"hl";"+";"";""
"fu03a";"aspl ruta";"hl";"+";"";""
"fu03a";"medi lupu";"hl";"+";"";""
"fu03a";"frag vesc";"hl";"+";"";""
"fu03a";"gali trun";"hl";"+";"";""
"fu03a";"hier bifi";"hl";"+";"";""
"fu03a";"arab sagi";"hl";"+";"";""
"fu03a";"clin vulg vulg";"hl";"+";"";" | Changed clin vulg To clin vulg vulg 2012-11-27 00:39:21"
"fu03a";"viol hirt";"hl";"+";"";""
"fu04a";"fagu sylv";"tl";"3";"";""
"fu04a";"acer pseu";"tl";"2b";"";""
"fu04a";"acer pseu";"hl";"+";"";""
"fu04a";"pice abie";"tl";"1";"";""
"fu04a";"pice abie";"sl";"1";"";""
"fu04a";"pice abie";"hl";"1";"";""
"fu04a";"cala vari";"hl";"2b";"";""
"fu04a";"euph cypa";"hl";"1";"";""
"fu04a";"care humi";"hl";"4";"";""
"fu04a";"pren purp";"hl";"+";"";""
"fu04a";"phyt orbi";"hl";"+";"";""
"fu04a";"sesl caer";"hl";"1";"";" | Changed sesl albi To sesl caer 2012-11-27 00:39:21"
"fu04a";"vinc hiru";"hl";"1";"";" | Changed vinc hier To vinc hiru 2012-11-27 00:39:21"
"fu04a";"aden alpi";"hl";"1";"";" | Changed aden glab To aden alpi 2012-11-27 00:39:21"
"fu04a";"gent cili";"hl";"+";"Gentianella ciliata";""
"fu04a";"vacc myrt";"hl";"+";"";""
"fu04a";"hell nige";"hl";"+";"";""
"fu04a";"merc pere";"hl";"+";"";""
"fu04a";"apos foet";"hl";"+";"";""
"fu04a";"poly cham";"hl";"+";"";""
"fu04a";"gali anis";"hl";"+";"";""
"fu04a";"sorb aucu aucu";"hl";"+";"";" | Changed sorb aucu To sorb aucu aucu 2012-11-27 00:39:21"
"fu04a";"gali rotu";"hl";"+";"";""
"fu04a";"acon vari nasu";"hl";"+";"";" | Changed acon vari To acon vari nasu 2012-11-27 00:39:21"
"fu04a";"frax exce";"hl";"+";"";""
"fu04a";"brac sylv";"hl";"+";"";""
"fu04a";"card defl viri";"hl";"+";"";" | Changed card defl To card defl viri 2012-11-27 00:39:21"
"fu04a";"frag mosc";"hl";"+";"";""
"fu04a";"care flac";"hl";"+";"";""
"fu04a";"viol hirt";"hl";"+";"";""
"fu04b";"pice abie";"tl";"4";"";""
"fu04b";"pice abie";"sl";"1";"";""
"fu04b";"vinc hiru";"hl";"2a";"";" | Changed vinc hier To vinc hiru 2012-11-27 00:39:21"
"fu04b";"cala vari";"hl";"2b";"";""
"fu04b";"scab luci luci";"hl";"+";"";""
"fu04b";"thes alpi";"hl";"+";"";""
"fu04b";"sesl caer";"hl";"1";"";" | Changed sesl albi To sesl caer 2012-11-27 00:39:21"
"fu04b";"buph sali";"hl";"+";"";""
"fu04b";"aden alpi";"hl";"1";"";" | Changed aden glab To aden alpi 2012-11-27 00:39:21"
"fu04b";"care humi";"hl";"3";"";""
"fu04b";"eupa cann";"hl";"+";"";""
"fu04b";"orig vulg";"hl";"+";"";""
"fu04b";"card defl viri";"hl";"+";"";" | Changed card defl To card defl viri 2012-11-27 00:39:21"
"fu04b";"hepa nobi";"hl";"+";"";""
"fu04b";"apos foet";"hl";"+";"";""
"fu04b";"meli nuta";"hl";"+";"";""
"fu04b";"frax exce";"tl";"1";"";""
"fu04b";"frax exce";"hl";"+";"";""
"fu04b";"brac sylv";"hl";"1";"";""
"fu04b";"merc pere";"hl";"+";"";""
"fu04b";"epip atro";"hl";"+";"";""
"fu04b";"plat bifo";"hl";"+";"";""
"fu04b";"sene ovat ovat";"hl";"+";"";" | Changed sene ovat To sene ovat ovat 2012-11-27 00:39:21"
"fu04b";"pren purp";"hl";"+";"";""
"fu04b";"care alba";"hl";"1";"";""
"fu04b";"care flac";"hl";"1";"";""
"fu04b";"care digi";"hl";"+";"";""
"fu04b";"salv glut";"hl";"+";"";""
"fu04b";"daph meze";"hl";"+";"";""
"fu04b";"camp trac";"hl";"+";"";""
"fu04b";"clin vulg vulg";"hl";"+";"";" | Changed clin vulg To clin vulg vulg 2012-11-27 00:39:21"
"fu04b";"gymn robe";"hl";"+";"";""
"fu04b";"acon vari nasu";"hl";"+";"";" | Changed acon vari To acon vari nasu 2012-11-27 00:39:21"
"fu04b";"acer pseu";"hl";"+";"";""
"fu04b";"ceph long";"hl";"+";"";""
"fu04b";"clin alpi alpi";"hl";"+";"";" | Changed acin alpi To clin alpi alpi 2012-11-27 00:39:21"
"fu04b";"phyt orbi";"hl";"+";"";""
"fu04b";"care mucr";"hl";"+";"";""
"fu04b";"aspl viri";"hl";"+";"";""
"fu04b";"viol hirt";"hl";"+";"";""
"fu04b";"euph amyg amyg";"hl";"+";"";" | Changed euph amyg To euph amyg amyg 2012-11-27 00:39:22"
"fu04b";"knau arve arve";"hl";"+";"";" | Changed knau arve To knau arve arve 2012-11-27 00:39:22"
"fu04b";"cyan mont";"hl";"+";"";" | Changed cent mont To cyan mont 2012-11-27 00:39:22"
"fu04b";"gale mont";"hl";"+";"";""
"fu05a";"fagu sylv";"tl";"5";"";""
"fu05a";"pice abie";"tl";"1";"";""
"fu05a";"acer pseu";"tl";"1";"";""
"fu05a";"acer pseu";"hl";"+";"";""
"fu05a";"frax exce";"hl";"+";"";""
"fu05a";"phyt spic spic";"hl";"+";"";""
"fu05a";"hepa nobi";"hl";"+";"";""
"fu05a";"hell nige";"hl";"+";"";""
"fu05a";"pren purp";"hl";"+";"";""
"fu05b";"fagu sylv";"tl";"5";"";""
"fu05b";"pice abie";"tl";"2a";"";""
"fu05b";"hepa nobi";"hl";"+";"";""
"fu05b";"aden alpi";"hl";"+";"";" | Changed aden glab To aden alpi 2012-11-27 00:39:21"
"fu05b";"gale mont";"hl";"+";"";""
"fu05b";"phyt spic spic";"hl";"+";"";""
"fu05b";"hell nige";"hl";"+";"";""
"fu05b";"merc pere";"hl";"+";"";""
"fu05b";"apos foet";"hl";"+";"";""
"fu05b";"pren purp";"hl";"+";"";""
"fu05b";"viol reic";"hl";"+";"";""
"fu05b";"abie alba";"hl";"+";"";""
"fu05b";"lari deci deci";"hl";"r";"";""
"fu05c";"fagu sylv";"tl";"5";"";""
"fu05c";"fagu sylv";"hl";"+";"";""
"fu05c";"pice abie";"tl";"2a";"";""
"fu05c";"hell nige";"hl";"+";"";""
"fu05c";"phyt spic spic";"hl";"+";"";""
"fu05c";"frax exce";"hl";"+";"";""
"fu05c";"ajug rept";"hl";"+";"";""
"fu05c";"merc pere";"hl";"+";"";""
"fu05c";"card enne";"hl";"+";"";" | Changed dent enne To card enne 2012-11-27 00:39:22"
"fu05c";"gale mont";"hl";"+";"";""
"fu05c";"epip hell slat";"hl";"+";"";" | Changed epip hell To epip hell slat 2012-11-27 00:39:22"
"fu05c";"viol reic";"hl";"+";"";""
"fu05d";"fagu sylv";"tl";"5";"";""
"fu05d";"fagu sylv";"hl";"+";"";""
"fu05d";"frax exce";"tl";"2a";"";""
"fu05d";"frax exce";"hl";"+";"";""
"fu05d";"abie alba";"tl";"2a";"";""
"fu05d";"abie alba";"hl";"+";"";""
"fu05d";"pice abie";"tl";"1";"";""
"fu05d";"card enne";"hl";"+";"";" | Changed dent enne To card enne 2012-11-27 00:39:22"
"fu05d";"cycl purp";"hl";"+";"";""
"fu05d";"hepa nobi";"hl";"+";"";""
"fu05d";"merc pere";"hl";"+";"";""
"fu05d";"gale mont";"hl";"+";"";""
"fu05d";"hell nige";"hl";"+";"";""
"fu05d";"viol reic";"hl";"+";"";""
"fu05d";"acer pseu";"hl";"+";"";""
"fu05d";"card trif";"hl";"+";"";""
"fu05d";"poly acul";"hl";"+";"";""
"fu05d";"dryo borr";"hl";"+";"Dryopteris affinis ssp. borreri";" | Changed dryo affi borr To dryo borr 2012-11-27 00:39:22"
"fu05d";"aspl tric slat";"hl";"+";"";" | Changed aspl tric To aspl tric slat 2012-11-27 00:39:22"
"fu05e";"fagu sylv";"tl";"5";"";""
"fu05e";"fagu sylv";"hl";"+";"";""
"fu05e";"frax exce";"tl";"2a";"";""
"fu05e";"frax exce";"hl";"+";"";""
"fu05e";"pice abie";"tl";"2b";"";""
"fu05e";"hell nige";"hl";"+";"";""
"fu05e";"gale mont";"hl";"+";"";""
"fu05e";"card enne";"hl";"+";"";" | Changed dent enne To card enne 2012-11-27 00:39:22"
"fu05e";"merc pere";"hl";"+";"";""
"fu05e";"cycl purp";"hl";"+";"";""
"fu05e";"aden alpi";"hl";"+";"";" | Changed aden glab To aden alpi 2012-11-27 00:39:21"
"fu05e";"hepa nobi";"hl";"+";"";""
"fu05e";"sene ovat ovat";"hl";"+";"";" | Changed sene ovat To sene ovat ovat 2012-11-27 00:39:21"
"fu05e";"care alba";"hl";"+";"";""
"fu05e";"acer pseu";"hl";"+";"";""
"fu05e";"pren purp";"hl";"+";"";""
"fu05e";"card trif";"hl";"+";"";""
"fu05f";"fagu sylv";"tl";"5";"";""
"fu05f";"fagu sylv";"hl";"+";"";""
"fu05f";"pice abie";"tl";"2b";"";""
"fu05f";"abie alba";"tl";"2a";"";""
"fu05f";"abie alba";"hl";"+";"";""
"fu05f";"frax exce";"tl";"2a";"";""
"fu05f";"frax exce";"hl";"1";"";""
"fu05f";"hepa nobi";"hl";"+";"";""
"fu05f";"cycl purp";"hl";"+";"";""
"fu05f";"acer pseu";"hl";"+";"";""
"fu05f";"hell nige";"hl";"+";"";""
"fu05f";"phyt spic spic";"hl";"+";"";""
"fu05f";"oxal acet";"hl";"+";"";""
"fu05f";"poly vert";"hl";"+";"";""
"fu05f";"merc pere";"hl";"+";"";""
"fu05f";"card trif";"hl";"+";"";""
"fu05f";"viol reic";"hl";"+";"";""
"fu05f";"care alba";"hl";"+";"";""
"fu05f";"anem nemo";"hl";"+";"";""
"fu05f";"lysi nemo";"hl";"r";"";""
"fu05f";"thel limb";"hl";"r";"";""
"fu05g";"fagu sylv";"tl";"5";"";""
"fu05g";"fagu sylv";"sl";"1";"";""
"fu05g";"fagu sylv";"hl";"+";"";""
"fu05g";"pice abie";"tl";"2b";"";""
"fu05g";"pice abie";"sl";"1";"";""
"fu05g";"abie alba";"tl";"2a";"";""
"fu05g";"abie alba";"hl";"+";"";""
"fu05g";"acer pseu";"tl";"1";"";""
"fu05g";"acer pseu";"hl";"+";"";""
"fu05g";"merc pere";"hl";"+";"";""
"fu05g";"care alba";"hl";"1";"";""
"fu05g";"hepa nobi";"hl";"+";"";""
"fu05g";"viol reic";"hl";"+";"";""
"fu05g";"acta spic";"hl";"+";"";""
"fu05g";"hell nige";"hl";"+";"";""
"fu05g";"sani euro";"hl";"+";"";""
"fu05g";"pren purp";"hl";"+";"";""
"fu05g";"vinc hiru";"hl";"+";"";" | Changed vinc hier To vinc hiru 2012-11-27 00:39:21"
"fu05g";"aden alpi";"hl";"+";"";" | Changed aden glab To aden alpi 2012-11-27 00:39:21"
"fu05g";"phyt spic spic";"hl";"+";"";""
"fu05g";"frax exce";"hl";"+";"";""
"fu05g";"gale mont";"hl";"+";"";""
"fu05g";"apos foet";"hl";"+";"";""
"fu05g";"lact mura";"hl";"+";"";" | Changed myce mura To lact mura 2012-11-27 00:39:21"
"fu05h";"pice abie";"tl";"4";"";""
"fu05h";"lari deci deci";"tl";"3";"";""
"fu05h";"fagu sylv";"tl";"3";"";""
"fu05h";"fagu sylv";"sl";"+";"";""
"fu05h";"frax exce";"hl";"1";"";""
"fu05h";"merc pere";"hl";"+";"";""
"fu05h";"care digi";"hl";"+";"";""
"fu05h";"hepa nobi";"hl";"+";"";""
"fu05h";"acer pseu";"hl";"+";"";""
"fu05h";"phyt spic spic";"hl";"+";"";""
"fu05h";"conv maja maja";"hl";"+";"";" | Changed conv maja To conv maja maja 2012-11-27 00:39:22"
"fu05h";"symp tube slat";"hl";"+";"";" | Changed symp tube To symp tube slat 2012-11-27 00:39:22"
"fu05h";"daph meze";"hl";"+";"";""
"fu05h";"salv glut";"hl";"+";"";""
"fu05h";"care alba";"hl";"+";"";""
"fu05h";"abie alba";"hl";"+";"";""
"fu06a";"fagu sylv";"tl";"4";"";""
"fu06a";"fagu sylv";"hl";"+";"";""
"fu06a";"pice abie";"tl";"2a";"";""
"fu06a";"abie alba";"tl";"3";"";""
"fu06a";"care alba";"hl";"3";"";""
"fu06a";"cala vari";"hl";"2a";"";""
"fu06a";"merc pere";"hl";"2a";"";""
"fu06a";"hell nige";"hl";"1";"";""
"fu06a";"oxal acet";"hl";"+";"";""
"fu06a";"aden alpi";"hl";"1";"";" | Changed aden glab To aden alpi 2012-11-27 00:39:21"
"fu06a";"phyt spic spic";"hl";"1";"";""
"fu06a";"hepa nobi";"hl";"+";"";""
"fu06a";"meli nuta";"hl";"1";"";""
"fu06a";"viol reic";"hl";"+";"";""
"fu06a";"apos foet";"hl";"+";"";""
"fu06a";"frax exce";"hl";"+";"";""
"fu06a";"poly vert";"hl";"+";"";""
"fu06a";"salv glut";"hl";"+";"";""
"fu06a";"brac sylv";"hl";"1";"";""
"fu06a";"sorb aria";"tl";"+";"";""
"fu06a";"pren purp";"hl";"+";"";""
"fu06a";"vacc myrt";"hl";"+";"";""
"fu06a";"care digi";"hl";"+";"";""
"fu06a";"acer pseu";"tl";"+";"";""
"fu06a";"acer pseu";"hl";"+";"";""
"fu06a";"lact mura";"hl";"+";"";" | Changed myce mura To lact mura 2012-11-27 00:39:21"
"fu06a";"care mont";"hl";"+";"";""
"fu06a";"sorb aucu aucu";"hl";"+";"";" | Changed sorb aucu To sorb aucu aucu 2012-11-27 00:39:21"
"fu06a";"pari quad";"hl";"+";"";""
"fu06b";"abie alba";"tl";"2b";"";""
"fu06b";"abie alba";"sl";"+";"";""
"fu06b";"pice abie";"tl";"2a";"";""
"fu06b";"pice abie";"sl";"+";"";""
"fu06b";"fagu sylv";"tl";"4";"";""
"fu06b";"fagu sylv";"hl";"+";"";""
"fu06b";"aden alpi";"hl";"1";"";" | Changed aden glab To aden alpi 2012-11-27 00:39:21"
"fu06b";"care alba";"hl";"3";"";""
"fu06b";"merc pere";"hl";"2a";"";""
"fu06b";"lact mura";"hl";"+";"";" | Changed myce mura To lact mura 2012-11-27 00:39:21"
"fu06b";"pren purp";"hl";"+";"";""
"fu06b";"hell nige";"hl";"1";"";""
"fu06b";"frax exce";"hl";"+";"";""
"fu06b";"cala vari";"hl";"2a";"";""
"fu06b";"acer pseu";"tl";"2a";"";""
"fu06b";"acer pseu";"sl";"+";"";""
"fu06b";"acer pseu";"hl";"+";"";""
"fu06b";"meli nuta";"hl";"+";"";""
"fu06b";"gali odor";"hl";"+";"";""
"fu06b";"apos foet";"hl";"+";"";""
"fu06b";"clem vita";"hl";"+";"";""
"fu06b";"hepa nobi";"hl";"+";"";""
"fu06b";"viol reic";"hl";"+";"";""
"fu06b";"rubu sect rubu";"hl";"+";"";" | Changed rubu frut To rubu sect rubu 2012-11-27 00:39:21"
"fu06b";"cycl purp";"hl";"+";"";""
"fu06b";"care mont";"hl";"+";"";""
"fu06b";"gale mont";"hl";"+";"";""
"fu06b";"card trif";"hl";"+";"";""
"fu06b";"brac sylv";"hl";"+";"";""
"fu06b";"daph meze";"hl";"+";"";""
"fu06b";"vinc hiru";"hl";"+";"";" | Changed vinc hier To vinc hiru 2012-11-27 00:39:21"
"fu06c";"fagu sylv";"tl";"4";"";""
"fu06c";"fagu sylv";"hl";"+";"";""
"fu06c";"acer pseu";"tl";"2b";"";""
"fu06c";"acer pseu";"hl";"+";"";""
"fu06c";"pice abie";"tl";"2b";"";""
"fu06c";"hell nige";"hl";"1";"";""
"fu06c";"care alba";"hl";"2a";"";""
"fu06c";"vinc hiru";"hl";"1";"";" | Changed vinc hier To vinc hiru 2012-11-27 00:39:21"
"fu06c";"pren purp";"hl";"+";"";""
"fu06c";"aden alpi";"hl";"1";"";" | Changed aden glab To aden alpi 2012-11-27 00:39:21"
"fu06c";"poly vert";"hl";"+";"";""
"fu06c";"viol reic";"hl";"+";"";""
"fu06c";"apos foet";"hl";"+";"";""
"fu06c";"frax exce";"hl";"+";"";""
"fu06c";"brac sylv";"hl";"1";"";""
"fu06c";"acon vari nasu";"hl";"+";"";" | Changed acon vari To acon vari nasu 2012-11-27 00:39:21"
"fu06c";"hepa nobi";"hl";"+";"";""
"fu06c";"cycl purp";"hl";"+";"";""
"fu06c";"cala vari";"hl";"1";"";""
"fu06c";"knau maxi";"hl";"r";"";""
"fu06c";"epip hell slat";"hl";"+";"";" | Changed epip hell To epip hell slat 2012-11-27 00:39:22"
"fu06c";"dryo cart";"hl";"+";"";""
"fu06d";"pice abie";"tl";"2a";"";""
"fu06d";"pice abie";"hl";"+";"";""
"fu06d";"fagu sylv";"tl";"4";"";""
"fu06d";"fagu sylv";"hl";"+";"";""
"fu06d";"acer pseu";"hl";"+";"";""
"fu06d";"abie alba";"tl";"1";"";""
"fu06d";"abie alba";"sl";"+";"";""
"fu06d";"abie alba";"hl";"+";"";""
"fu06d";"aden alpi";"hl";"1";"";" | Changed aden glab To aden alpi 2012-11-27 00:39:21"
"fu06d";"cycl purp";"hl";"+";"";""
"fu06d";"cala vari";"hl";"1";"";""
"fu06d";"merc pere";"hl";"1";"";""
"fu06d";"card enne";"hl";"+";"";" | Changed dent enne To card enne 2012-11-27 00:39:22"
"fu06d";"frax exce";"hl";"+";"";""
"fu06d";"hell nige";"hl";"2a";"";""
"fu06d";"care alba";"hl";"3";"";""
"fu06d";"lact mura";"hl";"+";"";" | Changed myce mura To lact mura 2012-11-27 00:39:21"
"fu06d";"pren purp";"hl";"+";"";""
"fu06d";"gale mont";"hl";"1";"";""
"fu06d";"sene ovat ovat";"hl";"+";"";" | Changed sene ovat To sene ovat ovat 2012-11-27 00:39:21"
"fu06d";"hepa nobi";"hl";"+";"";""
"fu06d";"camp trac";"hl";"+";"";""
"fu06d";"visc albu";"tl";"+";"";""
"fu06d";"poly vert";"hl";"+";"";""
"fu06d";"rubu idae";"hl";"+";"";""
"fu06d";"daph meze";"hl";"+";"";""
"fu06d";"phyt spic spic";"hl";"+";"";""
"fu06d";"ajug rept";"hl";"+";"";""
"fu06d";"gali odor";"hl";"+";"";""
"fu06d";"neot nidu";"hl";"r";"";""
"fu06d";"pari quad";"hl";"+";"";""
"fu06d";"vero offi";"hl";"r";"";""
"fu06d";"sani euro";"hl";"+";"";""
"fu06d";"viol reic";"hl";"+";"";""
"fu06d";"desc cesp";"hl";"+";"";""
"fu06d";"vinc hiru";"hl";"+";"";" | Changed vinc hier To vinc hiru 2012-11-27 00:39:21"
"fu06d";"salv glut";"hl";"+";"";""
"fu06d";"brac sylv";"hl";"+";"";""
"fu06d";"meli nuta";"hl";"+";"";""
"fu06e";"fagu sylv";"tl";"5";"";""
"fu06e";"fagu sylv";"hl";"+";"";""
"fu06e";"abie alba";"tl";"2b";"";""
"fu06e";"abie alba";"sl";"+";"";""
"fu06e";"abie alba";"hl";"+";"";""
"fu06e";"pice abie";"tl";"2b";"";""
"fu06e";"pice abie";"sl";"+";"";""
"fu06e";"acer pseu";"tl";"1";"";""
"fu06e";"acer pseu";"hl";"+";"";""
"fu06e";"aden alpi";"hl";"1";"";" | Changed aden glab To aden alpi 2012-11-27 00:39:21"
"fu06e";"care alba";"hl";"2a";"";""
"fu06e";"hell nige";"hl";"+";"";""
"fu06e";"merc pere";"hl";"1";"";""
"fu06e";"poly vert";"hl";"+";"";""
"fu06e";"pren purp";"hl";"+";"";""
"fu06e";"lact mura";"hl";"+";"";" | Changed myce mura To lact mura 2012-11-27 00:39:21"
"fu06e";"cycl purp";"hl";"+";"";""
"fu06e";"neot nidu";"hl";"+";"";""
"fu06e";"card enne";"hl";"+";"";" | Changed dent enne To card enne 2012-11-27 00:39:22"
"fu06e";"apos foet";"hl";"+";"";""
"fu06e";"cala vari";"hl";"+";"";""
"fu06e";"sene ovat ovat";"hl";"1";"";" | Changed sene ovat To sene ovat ovat 2012-11-27 00:39:21"
"fu06e";"vinc hiru";"hl";"+";"";" | Changed vinc hier To vinc hiru 2012-11-27 00:39:21"
"fu06e";"viol reic";"hl";"+";"";""
"fu06e";"gale mont";"hl";"+";"";""
"fu06e";"phyt spic spic";"hl";"+";"";""
"fu06e";"care digi";"hl";"+";"";""
"fu06e";"euph cypa";"hl";"+";"";""
"fu06e";"care flac";"hl";"+";"";""
"fu06e";"frax exce";"hl";"+";"";""
"fu06e";"hepa nobi";"hl";"+";"";""
"fu06e";"epip hell slat";"hl";"r";"";" | Changed epip hell To epip hell slat 2012-11-27 00:39:22"
"fu06e";"sorb aucu aucu";"hl";"+";"";" | Changed sorb aucu To sorb aucu aucu 2012-11-27 00:39:21"
"fu07a";"pinu sylv";"tl";"2b";"";""
"fu07a";"sorb aria";"tl";"+";"";""
"fu07a";"sorb aria";"sl";"2a";"";""
"fu07a";"pice abie";"tl";"3";"";""
"fu07a";"acer pseu";"tl";"1";"";""
"fu07a";"fagu sylv";"tl";"2a";"";""
"fu07a";"fagu sylv";"sl";"+";"";""
"fu07a";"moli caer";"hl";"2a";"";""
"fu07a";"vinc hiru";"hl";"+";"";" | Changed vinc hier To vinc hiru 2012-11-27 00:39:21"
"fu07a";"care humi";"hl";"3";"";""
"fu07a";"cala vari";"hl";"2b";"";""
"fu07a";"euph cypa";"hl";"+";"";""
"fu07a";"card defl viri";"hl";"+";"";" | Changed card defl To card defl viri 2012-11-27 00:39:21"
"fu07a";"sesl caer";"hl";"2b";"";" | Changed sesl albi To sesl caer 2012-11-27 00:39:21"
"fu07a";"pote erec";"hl";"+";"";""
"fu07a";"anth ramo";"hl";"+";"";""
"fu07a";"buph sali";"hl";"1";"";""
"fu07a";"phyt orbi";"hl";"+";"";""
"fu07a";"loni alpi";"sl";"+";"";""
"fu07a";"loni alpi";"hl";"+";"";""
"fu07a";"frax exce";"tl";"+";"";""
"fu07a";"frax exce";"hl";"+";"";""
"fu07a";"amel oval";"sl";"+";"";""
"fu07a";"amel oval";"hl";"+";"";""
"fu07a";"clin alpi alpi";"hl";"+";"";" | Changed acin alpi To clin alpi alpi 2012-11-27 00:39:21"
"fu07a";"thes alpi";"hl";"+";"";""
"fu07a";"viol hirt";"hl";"+";"";""
"fu07a";"eric carn";"hl";"1";"";""
"fu07a";"gali anis";"hl";"+";"";""
"fu07a";"epip atro";"hl";"+";"";""
"fu07a";"aqui atra";"hl";"+";"";""
"fu07a";"apos foet";"hl";"+";"";""
"fu07a";"vale saxa";"hl";"+";"";""
"fu07a";"pren purp";"hl";"+";"";""
"fu07a";"hepa nobi";"hl";"+";"";""
"fu07a";"care flac";"hl";"+";"";""
"fu07a";"daph meze";"hl";"+";"";""
"fu07a";"meli nuta";"hl";"+";"";""
"fu07a";"carl acau acau";"hl";"+";"";" | Changed carl acau To carl acau acau 2012-11-27 00:39:21"
"fu07a";"aden alpi";"hl";"+";"";" | Changed aden glab To aden alpi 2012-11-27 00:39:21"
"fu07b";"cycl purp";"hl";"+";"";""
"fu07b";"vale mont";"hl";"+";"";""
"fu07b";"card defl viri";"hl";"+";"";" | Changed card defl To card defl viri 2012-11-27 00:39:21"
"fu07b";"vinc hiru";"hl";"2b";"";" | Changed vinc hier To vinc hiru 2012-11-27 00:39:21"
"fu07b";"sorb aria";"tl";"+";"";""
"fu07b";"sorb aria";"sl";"+";"";""
"fu07b";"pice abie";"tl";"3";"";""
"fu07b";"acer pseu";"tl";"1";"";""
"fu07b";"acer pseu";"sl";"1";"";""
"fu07b";"fagu sylv";"tl";"2a";"";""
"fu07b";"fagu sylv";"sl";"+";"";""
"fu07b";"poly cham";"hl";"+";"";""
"fu07b";"merc pere";"hl";"+";"";""
"fu07b";"euph cypa";"hl";"1";"";""
"fu07b";"care humi";"hl";"5";"";""
"fu07b";"cala vari";"hl";"2a";"";""
"fu07b";"buph sali";"hl";"1";"";""
"fu07b";"conv maja maja";"hl";"+";"";" | Changed conv maja To conv maja maja 2012-11-27 00:39:22"
"fu07b";"abie alba";"tl";"1";"";""
"fu07b";"abie alba";"hl";"+";"";""
"fu07b";"gali trun";"hl";"+";"";""
"fu07b";"gali luci";"hl";"+";"";""
"fu07b";"pote caul";"hl";"+";"";""
"fu07b";"sesl caer";"hl";"1";"";" | Changed sesl albi To sesl caer 2012-11-27 00:39:21"
"fu07b";"care mucr";"hl";"1";"";""
"fu07b";"meli nuta";"hl";"1";"";""
"fu07b";"gali anis";"hl";"+";"";""
"fu07b";"leon inca";"hl";"+";"";""
"fu07b";"aspl ruta";"hl";"+";"";""
"fu07b";"thes alpi";"hl";"+";"";""
"fu07b";"clin alpi alpi";"hl";"+";"";" | Changed acin alpi To clin alpi alpi 2012-11-27 00:39:21"
"fu07b";"rham cath";"hl";"+";"";""
"fu07b";"hell nige";"hl";"1";"";""
"fu07b";"card enne";"hl";"+";"";" | Changed dent enne To card enne 2012-11-27 00:39:22"
"fu07b";"epip atro";"hl";"+";"";""
"fu07b";"pren purp";"hl";"+";"";""
"fu07b";"aden alpi";"hl";"+";"";" | Changed aden glab To aden alpi 2012-11-27 00:39:21"
"fu07b";"loni alpi";"hl";"+";"";""
"fu07b";"orig vulg";"hl";"+";"";""
"fu07b";"apos foet";"hl";"+";"";""
"fu07b";"mela sylv";"hl";"+";"";""
"fu07b";"epip hell slat";"hl";"+";"";" | Changed epip hell To epip hell slat 2012-11-27 00:39:22"
"fu07b";"hepa nobi";"hl";"+";"";""
"fu07b";"phyt orbi";"hl";"+";"";""
"fu07b";"aqui atra";"hl";"+";"";""
"fu07b";"anth ramo";"hl";"+";"";""
"fu07c";"fagu sylv";"tl";"2b";"";""
"fu07c";"fagu sylv";"hl";"+";"";""
"fu07c";"pice abie";"tl";"2b";"";""
"fu07c";"pice abie";"sl";"1";"";""
"fu07c";"pice abie";"hl";"+";"";""
"fu07c";"sorb aria";"tl";"2a";"";""
"fu07c";"sorb aria";"sl";"1";"";""
"fu07c";"cycl purp";"hl";"1";"";""
"fu07c";"moli caer";"hl";"1";"";""
"fu07c";"acer pseu";"tl";"1";"";""
"fu07c";"acer pseu";"hl";"+";"";""
"fu07c";"anth ramo";"hl";"+";"";""
"fu07c";"pimp majo majo";"hl";"+";"";" | Changed pimp majo To pimp majo majo 2012-11-27 00:39:21"
"fu07c";"frag vesc";"hl";"+";"";""
"fu07c";"pote erec";"hl";"+";"";""
"fu07c";"vinc hiru";"hl";"2a";"";" | Changed vinc hier To vinc hiru 2012-11-27 00:39:21"
"fu07c";"care humi";"hl";"2b";"";""
"fu07c";"care flac";"hl";"+";"";""
"fu07c";"sesl caer";"hl";"4";"";" | Changed sesl albi To sesl caer 2012-11-27 00:39:21"
"fu07c";"eric carn";"hl";"1";"";""
"fu07c";"conv maja maja";"hl";"+";"";" | Changed conv maja To conv maja maja 2012-11-27 00:39:22"
"fu07c";"ranu nemo";"hl";"+";"";""
"fu07c";"cala vari";"hl";"2b";"";""
"fu07c";"vacc myrt";"hl";"+";"";""
"fu07c";"card defl viri";"hl";"+";"";" | Changed card defl To card defl viri 2012-11-27 00:39:21"
"fu07c";"euph cypa";"hl";"1";"";""
"fu07c";"rhin glac";"hl";"+";"";""
"fu07c";"lotu corn";"hl";"+";"";""
"fu07c";"aqui atra";"hl";"+";"";""
"fu07c";"care alba";"hl";"2a";"";""
"fu07c";"apos foet";"hl";"+";"";""
"fu07c";"hepa nobi";"hl";"+";"";""
"fu07c";"thes alpi";"hl";"+";"";""
"fu07c";"orig vulg";"hl";"+";"";""
"fu07c";"gali anis";"hl";"+";"";""
"fu07c";"clin alpi alpi";"hl";"+";"";" | Changed acin alpi To clin alpi alpi 2012-11-27 00:39:21"
"fu07c";"buph sali";"hl";"+";"";""
"fu07c";"thym prae slat";"hl";"+";"";" | Changed thym prae To thym prae slat 2012-11-27 00:39:22"
"fu07c";"phyt orbi";"hl";"+";"";""
"fu07c";"aden alpi";"hl";"+";"";" | Changed aden glab To aden alpi 2012-11-27 00:39:21"
"fu07c";"kern saxa";"hl";"+";"";""
"fu07c";"leon inca";"hl";"+";"";""
"fu07c";"hell nige";"hl";"+";"";""
"fu07c";"care mucr";"hl";"+";"";""
"fu07c";"aspl ruta";"hl";"+";"";""
"fu07c";"salv glut";"hl";"+";"";""
"fu07c";"viol hirt";"hl";"+";"";""
"fu07c";"rham cath";"hl";"+";"";""
"fu07c";"care digi";"hl";"+";"";""
"fu07c";"frax exce";"hl";"+";"";""
"fu07c";"merc pere";"hl";"+";"";""
"fu07c";"poly cham";"hl";"+";"";""
"fu07c";"clin vulg vulg";"hl";"+";"";" | Changed clin vulg To clin vulg vulg 2012-11-27 00:39:21"
"fu07c";"hipp emer emer";"hl";"+";"";" | Changed coro emer To hipp emer emer 2012-11-27 00:39:22"
"fu07c";"pote caul";"hl";"+";"";""
"fu07c";"knau maxi";"hl";"+";"";""
"fu08";"alnu glut";"sl";"3";"";""
"fu08";"alnu glut";"hl";"1";"";""
"fu08";"lari deci deci";"sl";"2b";"";""
"fu08";"lari deci deci";"hl";"2a";"";""
"fu08";"pice abie";"sl";"1";"";""
"fu08";"pice abie";"hl";"1";"";""
"fu08";"alnu inca";"sl";"2a";"";""
"fu08";"alnu inca";"hl";"1";"";""
"fu08";"acer pseu";"sl";"+";"";""
"fu08";"acer pseu";"hl";"+";"";""
"fu08";"fest rubr";"hl";"3";"";""
"fu08";"poa prat";"hl";"2a";"";""
"fu08";"vici crac";"hl";"1";"";""
"fu08";"aego poda";"hl";"+";"";""
"fu08";"care flac";"hl";"1";"";""
"fu08";"ajug rept";"hl";"+";"";""
"fu08";"lyth sali";"hl";"+";"";""
"fu08";"phyt spic spic";"hl";"+";"";""
"fu08";"merc pere";"hl";"+";"";""
"fu08";"hell nige";"hl";"+";"";""
"fu08";"frax exce";"hl";"+";"";""
"fu08";"atro bell";"hl";"+";"";""
"fu08";"fagu sylv";"sl";"+";"";""
"fu08";"fagu sylv";"hl";"+";"";""
"fu08";"care alba";"hl";"1";"";""
"fu08";"viol reic";"hl";"+";"";""
"fu08";"vinc hiru";"hl";"+";"";" | Changed vinc hier To vinc hiru 2012-11-27 00:39:21"
"fu08";"pren purp";"hl";"+";"";""
"fu08";"eupa cann";"hl";"1";"";""
"fu08";"rubu idae";"hl";"+";"";""
"fu08";"gale tetr";"hl";"+";"";""
"fu08";"cirs arve";"hl";"+";"";""
"fu08";"epil mont";"hl";"+";"";""
"fu08";"verb spec";"hl";"+";"";""
"fu08";"clem vita";"hl";"+";"";""
"fu08";"euph cypa";"hl";"1";"";""
"fu08";"cala vari";"hl";"2a";"";""
"fu08";"aden alpi";"hl";"1";"";" | Changed aden glab To aden alpi 2012-11-27 00:39:21"
"fu08";"gale mont";"hl";"+";"";""
"fu08";"frag vesc";"hl";"+";"";""
"fu08";"cirs vulg";"hl";"+";"";""
"fu08";"dact glom glom";"hl";"2b";"";" | Changed dact glom To dact glom glom 2012-11-27 00:39:22"
"fu08";"lotu corn";"hl";"+";"";""
"fu08";"phle prat";"hl";"1";"";""
"fu08";"sali appe";"sl";"+";"";""
"fu08";"sali appe";"hl";"+";"";""
"fu08";"betu pend";"sl";"+";"";""
"fu08";"fest prat prat";"hl";"2a";"";" | Changed fest prat To fest prat prat 2012-11-27 00:39:22"
"fu08";"agro capi";"hl";"+";"";" | Changed agro tenu To agro capi 2012-11-27 00:39:22"
"fu08";"soli cana";"hl";"1";"";""
"fu08";"tara sect rude";"hl";"+";"";" | Changed tara offi To tara sect rude 2012-11-27 00:39:22"
"fu08";"peta albu";"hl";"1";"";""
"fu08";"epil parv";"hl";"+";"";""
"fu08";"cala epig";"hl";"1";"";""
"fu08";"arrh elat";"hl";"+";"";""
"fu08";"knau maxi";"hl";"+";"";""
"fu08";"poa angu";"hl";"2a";"";""
"fu09";"pice abie";"tl";"1";"";""
"fu09";"pice abie";"sl";"2a";"";""
"fu09";"lari deci deci";"tl";"1";"";""
"fu09";"lari deci deci";"sl";"1";"";""
"fu09";"alnu glut";"tl";"5";"";""
"fu09";"alnu glut";"sl";"1";"";""
"fu09";"sali purp";"sl";"2a";"";""
"fu09";"acer pseu";"sl";"+";"";""
"fu09";"acer pseu";"hl";"+";"";""
"fu09";"samb race";"sl";"1";"";""
"fu09";"card defl viri";"hl";"1";"";" | Changed card defl To card defl viri 2012-11-27 00:39:21"
"fu09";"urti dioi dioi";"hl";"1";"";" | Changed urti dioi To urti dioi dioi 2012-11-27 00:39:22"
"fu09";"erig annu slat";"hl";"1";"";" | Changed erig annu To erig annu slat 2012-11-27 00:39:22"
"fu09";"eupa cann";"hl";"1";"";""
"fu09";"fest rubr";"hl";"3";"";""
"fu09";"epil cili cili";"hl";"1";"";" | Changed epil cili To epil cili cili 2012-11-27 00:39:22"
"fu09";"cirs arve";"hl";"+";"";""
"fu09";"euph cypa";"hl";"+";"";""
"fu09";"cirs vulg";"hl";"+";"";""
"fu09";"verb spec";"hl";"+";"";""
"fu09";"hell nige";"hl";"+";"";""
"fu09";"care alba";"hl";"1";"";""
"fu09";"aden alpi";"hl";"+";"";" | Changed aden glab To aden alpi 2012-11-27 00:39:21"
"fu09";"dact glom glom";"hl";"1";"";" | Changed dact glom To dact glom glom 2012-11-27 00:39:22"
"fu09";"tara sect rude";"hl";"+";"";" | Changed tara offi To tara sect rude 2012-11-27 00:39:22"
"fu09";"lact mura";"hl";"+";"";" | Changed myce mura To lact mura 2012-11-27 00:39:21"
"fu09";"rubu idae";"hl";"+";"";""
"fu09";"impa noli";"hl";"+";"";""
"fu09";"cala vari";"hl";"1";"";""
"fu09";"epil parv";"hl";"+";"";""
"fu09";"orig vulg";"hl";"+";"";""
"fu09";"frag vesc";"hl";"+";"";""
"fu09";"lotu corn";"hl";"+";"";""
"fu09";"poly vert";"hl";"+";"";""
"fu09";"gale tetr";"hl";"1";"";""
"fu09";"vinc hiru";"hl";"+";"";" | Changed vinc hier To vinc hiru 2012-11-27 00:39:21"
"fu09";"epip atro";"hl";"r";"";""
"fu09";"card enne";"hl";"1";"";" | Changed dent enne To card enne 2012-11-27 00:39:22"
"fu09";"poly odor";"hl";"+";"";""
"fu09";"ulmu glab";"hl";"+";"";""
"fu09";"frax exce";"hl";"+";"";""
"fu09";"vici crac";"hl";"+";"";""
"fu09";"poa prat";"hl";"1";"";""
"fu09";"aspl ruta";"hl";"r";"";""
"fu09";"sile noct";"hl";"1";"";""
"fu09";"alnu inca";"tl";"1";"";""
"fu09";"alnu inca";"sl";"+";"";""
"fu09";"sonc aspe aspe";"hl";"+";"";" | Changed sonc aspe To sonc aspe aspe 2012-11-27 00:39:22"
"fu09";"knau maxi";"hl";"1";"";""
"fu09";"acon vari nasu";"hl";"+";"";" | Changed acon vari To acon vari nasu 2012-11-27 00:39:21"
"fu09";"fest prat prat";"hl";"+";"";" | Changed fest prat To fest prat prat 2012-11-27 00:39:22"
"fu09";"hier muro";"hl";"+";"";""
"fu09";"phyt orbi";"hl";"+";"";""
"fu09";"trif prat prat";"hl";"+";"";" | Changed trif prat To trif prat prat 2012-11-27 00:39:22"
"fu09";"poa angu";"hl";"1";"";""
"fu10";"pice abie";"sl";"1";"";""
"fu10";"pice abie";"hl";"1";"";""
"fu10";"lari deci deci";"sl";"1";"";""
"fu10";"lari deci deci";"hl";"2a";"";""
"fu10";"alnu glut";"sl";"2b";"";""
"fu10";"alnu glut";"hl";"2a";"";""
"fu10";"alnu inca";"sl";"1";"";""
"fu10";"alnu inca";"hl";"1";"";""
"fu10";"acer pseu";"hl";"1";"";""
"fu10";"frax exce";"hl";"+";"";""
"fu10";"fest rubr";"hl";"5";"";""
"fu10";"loli mult";"hl";"+";"";""
"fu10";"euph cypa";"hl";"2a";"";""
"fu10";"buph sali";"hl";"1";"";""
"fu10";"poa prat";"hl";"2a";"";""
"fu10";"care flac";"hl";"2a";"";""
"fu10";"cala vari";"hl";"2a";"";""
"fu10";"cirs arve";"hl";"2a";"";""
"fu10";"vinc hiru";"hl";"1";"";" | Changed vinc hier To vinc hiru 2012-11-27 00:39:21"
"fu10";"epil parv";"hl";"1";"";""
"fu10";"epil mont";"hl";"+";"";""
"fu10";"tara sect rude";"hl";"+";"";" | Changed tara offi To tara sect rude 2012-11-27 00:39:22"
"fu10";"card defl viri";"hl";"1";"";" | Changed card defl To card defl viri 2012-11-27 00:39:21"
"fu10";"lotu corn";"hl";"1";"";""
"fu10";"aden alpi";"hl";"+";"";" | Changed aden glab To aden alpi 2012-11-27 00:39:21"
"fu10";"loli pere";"hl";"2a";"";""
"fu10";"lath prat prat";"hl";"+";"";" | Changed lath prat To lath prat prat 2012-11-27 00:39:21"
"fu10";"orig vulg";"hl";"2a";"";""
"fu10";"pote erec";"hl";"1";"";""
"fu10";"sesl caer";"hl";"1";"";" | Changed sesl albi To sesl caer 2012-11-27 00:39:21"
"fu10";"eupa cann";"hl";"1";"";""
"fu10";"fest prat prat";"hl";"2a";"";" | Changed fest prat To fest prat prat 2012-11-27 00:39:22"
"fu10";"peta albu";"hl";"+";"";""
"fu10";"thes alpi";"hl";"+";"";""
"fu10";"phle prat";"hl";"2a";"";""
"fu10";"dact glom glom";"hl";"2a";"";" | Changed dact glom To dact glom glom 2012-11-27 00:39:22"
"fu10";"tuss farf";"hl";"1";"";""
"fu10";"moli caer";"hl";"1";"";""
"fu10";"cirs vulg";"hl";"+";"";""
"fu10";"plan lanc";"hl";"+";"";""
"fu10";"trif prat prat";"hl";"1";"";" | Changed trif prat To trif prat prat 2012-11-27 00:39:22"
"fu10";"trif repe repe";"hl";"1";"";""
"fu10";"cirs palu";"hl";"+";"";""
"fu10";"sonc aspe aspe";"hl";"+";"";" | Changed sonc aspe To sonc aspe aspe 2012-11-27 00:39:22"
"fu10";"frag vesc";"hl";"+";"";""
"fu10";"pren purp";"hl";"+";"";""
"fu10";"aqui atra";"hl";"+";"";""
"fu10";"hell nige";"hl";"+";"";""
"fu10";"lysi nemo";"hl";"+";"";""
"fu10";"vici crac";"hl";"+";"";""
"fu10";"rubu idae";"hl";"+";"";""
"fu10";"onob vici";"hl";"+";"";""
"fu10";"crep bien";"hl";"+";"";""
"fu10";"ranu nemo";"hl";"+";"";""
"fu10";"gali albu";"hl";"+";"";""
"fu10";"care flav flav";"hl";"+";"";" | Changed care flav To care flav flav 2012-11-27 00:39:21"
"fu10";"arrh elat";"hl";"2a";"";""
"fu10";"sali capr";"sl";"+";"";""
"fu10";"epil cili cili";"hl";"+";"";" | Changed epil cili To epil cili cili 2012-11-27 00:39:22"
"fu10";"poa angu";"hl";"2a";"";""
