plot,abbr,layer,cov,voucher,comment,history
tb01,abie alba,hl,+,,,
tb01,abie alba,sl2,r,,,
tb01,abie alba,tl1,2a,,,
tb01,acer pseu,hl,+,,,
tb01,acer pseu,tl1,2b,,,
tb01,athy fili,hl,1,,,
tb01,atro bell,hl,1,,,
tb01,brac sylv,hl,2a,,,
tb01,buph sali,hl,r,,,
tb01,cala vari,hl,2b,,,
tb01,camp trac,hl,r,,,
tb01,card trif,hl,+,,,
tb01,care pend,hl,r,,,
tb01,care sylv,hl,1,,,
tb01,circ lute lute,hl,+,,,
tb01,cirs arve,hl,r,,,
tb01,cirs oler,hl,+,,,
tb01,clem vita,hl,+,,,
tb01,clem vita,sl2,+,,,
tb01,cory avel,sl2,2a,,,
tb01,daph meze,hl,+,,,
tb01,dryo dila,hl,+,,,
tb01,dryo fili,hl,+,,,
tb01,eupa cann,hl,2a,,,
tb01,fagu sylv,hl,2a,,,
tb01,fagu sylv,sl1,1,,,
tb01,fagu sylv,sl2,2b,,,
tb01,fagu sylv,tl1,2b,,,
tb01,frag mosc,hl,r,,,
tb01,frag vesc,hl,+,,,
tb01,frax exce,hl,r,,,
tb01,gale mont,hl,+,,,
tb01,gali albu,hl,+,,,
tb01,gali odor,hl,+,,,
tb01,gali rotu,hl,r,,,
tb01,gymn robe,hl,+,,,
tb01,hype hirs,hl,r,,,
tb01,lact mura,hl,r,,,
tb01,lari deci deci,sl1,+,,,
tb01,lysi nemo,hl,+,,,
tb01,merc pere,hl,+,,,
tb01,orig vulg,hl,+,,,
tb01,peta albu,hl,2a,,,
tb01,pice abie,hl,r,,,
tb01,pice abie,sl2,1,,,
tb01,poly acul,hl,+,,,
tb01,pren purp,hl,1,,,
tb01,rosa arve,hl,1,,,
tb01,rosa tome,hl,r,,,
tb01,rubu idae,hl,+,,,
tb01,rubu sect rubu,hl,1,,,
tb01,salv glut,hl,1,,,
tb01,samb nigr,sl2,1,,,
tb01,sene nemo slat,hl,1,,,
tb01,soli virg virg,hl,+,,,
tb01,sorb aria,hl,r,,,
tb01,sorb aria,sl2,r,,,
tb01,stac sylv,hl,r,,,
tb01,tuss farf,hl,+,,,
tb01,ulmu glab,hl,+,,,
tb01,ulmu glab,sl1,+,,,
tb01,vero urti,hl,+,,,
tb01,viol reic,hl,+,,,
tb02,acer pseu,hl,+,,,
tb02,acer pseu,sl1,2a,,,
tb02,acer pseu,sl2,r,,,
tb02,acer pseu,tl3,1,,,
tb02,aego poda,hl,+,,,
tb02,ange sylv sylv,hl,+,,,
tb02,athy fili,hl,1,,,
tb02,atro bell,hl,+,,,
tb02,brac sylv,hl,2a,,,
tb02,cala vari,hl,2a,,,
tb02,camp trac,hl,+,,,
tb02,card defl viri,hl,r,,,
tb02,card trif,hl,+,,,
tb02,care sylv,hl,1,,,
tb02,cirs arve,hl,1,,,
tb02,cirs oler,hl,+,,,
tb02,cirs palu,hl,r,,,
tb02,cirs vulg,hl,r,,,
tb02,clem vita,hl,1,,,
tb02,clem vita,sl2,1,,,
tb02,clin vulg vulg,hl,1,,,
tb02,cory avel,sl1,1,,,
tb02,cory avel,sl2,1,,,
tb02,digi gran,hl,r,,,
tb02,dryo fili,hl,+,,,
tb02,eupa cann,hl,1,,,
tb02,fagu sylv,hl,r,,,
tb02,fagu sylv,sl1,1,,,
tb02,fagu sylv,sl2,1,,,
tb02,frag vesc,hl,1,,,
tb02,frax exce,hl,r,,,
tb02,frax exce,sl2,r,,,
tb02,gale flav,hl,+,,,
tb02,gale mont,hl,+,,,
tb02,gale psis spec ies,hl,+,,,
tb02,gali albu,hl,+,,,
tb02,gali odor,hl,1,,,
tb02,hype hirs,hl,+,,,
tb02,impa noli,hl,+,,,
tb02,lact mura,hl,+,,,
tb02,lari deci deci,tl3,2b,,,
tb02,lysi nemo,hl,+,,,
tb02,merc pere,hl,+,,,
tb02,orig vulg,hl,1,,,
tb02,oxal acet,hl,+,,,
tb02,peta albu,hl,2a,,,
tb02,pice abie,hl,r,,,
tb02,pice abie,sl1,2a,,,
tb02,pice abie,sl2,1,,,
tb02,pice abie,tl3,3,,,
tb02,poly acul,hl,+,,,
tb02,pren purp,hl,+,,,
tb02,rosa tome,sl2,r,,,
tb02,rubu idae,hl,1,,,
tb02,rubu sect rubu,hl,1,,,
tb02,salv glut,hl,2a,,,
tb02,scro nodo,hl,1,,,
tb02,sene nemo slat,hl,1,,,
tb02,sene ovat ovat,hl,+,,,
tb02,soli virg virg,hl,+,,,
tb02,stac sylv,hl,1,,,
tb02,thel limb,hl,+,,,
tb02,ulmu glab,hl,+,,,
tb02,ulmu glab,sl1,1,,,
tb02,ulmu glab,sl2,1,,,
tb02,ulmu glab,tl3,2a,,,
tb02,urti dioi dioi,hl,+,,,
tb02,verb thap,hl,r,,,
tb02,vero urti,hl,+,,,
tb02,vici sylv,hl,1,,,
tb02,viol reic,hl,+,,,
tb03,abie alba,hl,+,,,
tb03,acer pseu,hl,+,,,
tb03,acer pseu,tl2,2b,,,
tb03,athy fili,hl,1,,,
tb03,atro bell,hl,+,,,
tb03,brac sylv,hl,1,,,
tb03,cala vari,hl,3,,,
tb03,camp rotu,hl,r,,,
tb03,card trif,hl,+,,,
tb03,care sylv,hl,+,,,
tb03,cirs arve,hl,+,,,
tb03,cirs oler,hl,+,,,
tb03,cirs palu,hl,+,,,
tb03,clem vita,hl,+,,,
tb03,clin vulg vulg,hl,1,,,
tb03,desc cesp,hl,r,,,
tb03,dryo cart,hl,r,,,
tb03,epil mont,hl,+,,,
tb03,eupa cann,hl,1,,,
tb03,fagu sylv,hl,1,,,
tb03,fagu sylv,sl1,1,,,
tb03,fagu sylv,sl2,2a,,,
tb03,fagu sylv,tl1,2a,,,
tb03,fagu sylv,tl2,3,,,
tb03,frag vesc,hl,1,,,
tb03,gali albu,hl,+,,,
tb03,gali rotu,hl,+,,,
tb03,hier lach,hl,+,,,
tb03,hier muro,hl,+,,,
tb03,hupe sela,hl,+,,,
tb03,hype perf,hl,+,,,
tb03,lact mura,hl,+,,,
tb03,lari deci deci,hl,r,,,
tb03,lari deci deci,sl1,2a,,,
tb03,lari deci deci,sl2,r,,,
tb03,leon hisp hisp,hl,+,,,
tb03,lysi nemo,hl,+,,,
tb03,orig vulg,hl,1,,,
tb03,oxal acet,hl,1,,,
tb03,peta albu,hl,2a,,,
tb03,pice abie,hl,+,,,
tb03,pice abie,sl1,2a,,,
tb03,pice abie,sl2,2a,,,
tb03,pren purp,hl,+,,,
tb03,rubu idae,hl,+,,,
tb03,rubu sect rubu,hl,1,,,
tb03,salv glut,hl,1,,,
tb03,scro nodo,hl,1,,,
tb03,sene nemo slat,hl,1,,,
tb03,soli virg virg,hl,+,,,
tb03,sorb aria,hl,r,,,
tb03,sorb aucu aucu,hl,r,,,
tb03,thel limb,hl,3,,,
tb03,tuss farf,hl,+,,,
tb03,ulmu glab,hl,+,,,
tb03,vacc myrt,hl,+,,,
tb03,vero offi,hl,+,,,
tb03,vero urti,hl,r,,,
tb03,viol reic,hl,+,,,
tb04,abie alba,hl,r,,,
tb04,abie alba,tl1,2b,,,
tb04,abie alba,tl2,2b,,,
tb04,abie alba,tl3,2a,,,
tb04,acer pseu,hl,r,,,
tb04,athy fili,hl,+,,,
tb04,brac sylv,hl,+,,,
tb04,cala vari,hl,+,,,
tb04,card trif,hl,+,,,
tb04,dryo cart,hl,r,,,
tb04,dryo fili,hl,+,,,
tb04,fagu sylv,hl,+,,,
tb04,fagu sylv,tl1,4,,,
tb04,fagu sylv,tl2,1,,,
tb04,fagu sylv,tl3,1,,,
tb04,frag vesc,hl,+,,,
tb04,frax exce,hl,r,,,
tb04,gali rotu,hl,1,,,
tb04,gymn dryo,hl,r,,,
tb04,impa noli,hl,+,,,
tb04,lact mura,hl,+,,,
tb04,oxal acet,hl,+,,,
tb04,peta albu,hl,+,,,
tb04,phyt spic spic,hl,r,,,
tb04,pren purp,hl,+,,,
tb04,rubu sect rubu,hl,+,,,
tb04,salv glut,hl,+,,,
tb04,samb nigr,hl,r,,,
tb04,sene nemo slat,hl,1,,,
tb04,thel limb,hl,1,,,
tb04,vero urti,hl,r,,,
tb04,vici sylv,hl,r,,,
tb04,viol reic,hl,+,,,
tb05,abie alba,hl,r,,,
tb05,abie alba,tl2,2a,,,
tb05,acer pseu,hl,+,,,
tb05,ajug rept,hl,1,,,
tb05,athy fili,hl,+,,,
tb05,atro bell,hl,+,,,
tb05,brac sylv,hl,1,,,
tb05,cala vari,hl,3,,,
tb05,card defl viri,hl,+,,,
tb05,card impa,hl,r,,,
tb05,care sylv,hl,1,,,
tb05,cirs arve,hl,1,,,
tb05,cirs palu,hl,+,,,
tb05,clin vulg vulg,hl,+,,,
tb05,daph meze,hl,+,,,
tb05,dryo fili,hl,r,,,
tb05,elym cani,hl,+,,,
tb05,epil mont,hl,r,,,
tb05,eupa cann,hl,1,,,
tb05,euph amyg amyg,hl,+,,,
tb05,euph cypa,hl,1,,,
tb05,fagu sylv,hl,+,,,
tb05,fagu sylv,sl2,1,,,
tb05,frag vesc,hl,1,,,
tb05,gale spec iosa,hl,+,,,
tb05,gali albu,hl,1,,,
tb05,gali anis,hl,+,,,
tb05,gali odor,hl,+,,,
tb05,gali rotu,hl,+,,,
tb05,impa noli,hl,+,,,
tb05,lari deci deci,sl1,1,,,
tb05,lari deci deci,sl2,2a,,,
tb05,leon hisp hisp,hl,1,,,
tb05,lotu corn,hl,+,,,
tb05,merc pere,hl,+,,,
tb05,orig vulg,hl,2a,,,
tb05,oxal acet,hl,+,,,
tb05,peta albu,hl,1,,,
tb05,pice abie,sl2,2a,,,
tb05,poa nemo,hl,+,,,
tb05,pren purp,hl,r,,,
tb05,prun vulg,hl,+,,,
tb05,ranu nemo,hl,+,,,
tb05,rosa tome,hl,r,,,
tb05,rubu idae,hl,+,,,
tb05,rubu sect rubu,hl,+,,,
tb05,sali appe,hl,r,,,
tb05,sali capr,hl,+,,,
tb05,salv glut,hl,2b,,,
tb05,samb race,hl,1,,,
tb05,samb race,sl2,1,,,
tb05,sene nemo slat,hl,1,,,
tb05,sorb aria,hl,r,,,
tb05,thel limb,hl,2b,,,
tb05,tuss farf,hl,+,,,
tb05,ulmu glab,tl3,2a,,,
tb05,vero offi,hl,+,,,
tb05,vero urti,hl,+,,,
tb05,vinc hiru,hl,r,,,
tb05,viol reic,hl,r,,,
tb06,abie alba,hl,+,,,
tb06,acer pseu,hl,r,,,
tb06,acer pseu,tl3,+,,,
tb06,aden alpi,hl,2a,,,
tb06,apos foet,hl,1,,,
tb06,athy fili,hl,+,,,
tb06,brac sylv,hl,+,,,
tb06,cala vari,hl,2b,,,
tb06,card enne,hl,+,,,
tb06,cirs palu,hl,r,,,
tb06,dact glom glom,hl,r,,,
tb06,fagu sylv,hl,+,,,
tb06,fagu sylv,tl1,5,,,
tb06,fagu sylv,tl2,1,,,
tb06,frag vesc,hl,+,,,
tb06,gale flav,hl,+,,,
tb06,gali odor,hl,1,,,
tb06,gali rotu,hl,1,,,
tb06,lact mura,hl,+,,,
tb06,lili mart,hl,r,,,
tb06,luzu sylv sylv,hl,+,,,
tb06,meli nuta,hl,1,,,
tb06,merc pere,hl,1,,,
tb06,orig vulg,hl,r,,,
tb06,oxal acet,hl,+,,,
tb06,phyt spic spic,hl,+,,,
tb06,pice abie,hl,r,,,
tb06,pice abie,sl2,1,,,
tb06,poly acul,hl,+,,,
tb06,pren purp,hl,+,,,
tb06,ranu nemo,hl,+,,,
tb06,rubu idae,hl,r,,,
tb06,rubu sect rubu,hl,+,,,
tb06,samb race,hl,r,,,
tb06,sene nemo slat,hl,+,,,
tb06,soli virg virg,hl,+,,,
tb06,thel limb,hl,+,,,
tb06,vale mont,hl,+,,,
tb06,vero urti,hl,1,,,
tb06,viol reic,hl,+,,,
tb07,abie alba,hl,+,,,
tb07,acer pseu,hl,+,,,
tb07,acer pseu,sl2,r,,,
tb07,aden alpi,hl,+,,,
tb07,ajug rept,hl,+,,,
tb07,athy fili,hl,+,,,
tb07,brac sylv,hl,+,,,
tb07,cala vari,hl,1,,,
tb07,card enne,hl,1,,,
tb07,card trif,hl,+,,,
tb07,care sylv,hl,+,,,
tb07,circ alpi,hl,+,,,
tb07,cirs oler,hl,r,,,
tb07,cirs palu,hl,+,,,
tb07,daph meze,hl,r,,,
tb07,dryo borr,hl,+,,,
tb07,dryo dila,hl,+,,,
tb07,epil mont,hl,r,,,
tb07,eupa cann,hl,+,,,
tb07,euph amyg amyg,hl,r,,,
tb07,fagu sylv,sl1,2b,,,
tb07,fagu sylv,sl2,2b,,,
tb07,fagu sylv,tl3,1,,,
tb07,frag vesc,hl,+,,,
tb07,gali odor,hl,+,,,
tb07,gali rotu,hl,+,,,
tb07,hord euro,hl,r,,,
tb07,impa noli,hl,+,,,
tb07,lact mura,hl,+,,,
tb07,lari deci deci,sl1,1,,,
tb07,lari deci deci,sl2,1,,,
tb07,lari deci deci,tl3,4,,,
tb07,luzu sylv sylv,hl,+,,,
tb07,meli nuta,hl,r,,,
tb07,merc pere,hl,1,,,
tb07,orig vulg,hl,+,,,
tb07,oxal acet,hl,1,,,
tb07,peta albu,hl,1,,,
tb07,pheg conn,hl,r,,,
tb07,phyt spic spic,hl,+,,,
tb07,pice abie,sl2,1,,,
tb07,pice abie,tl3,2b,,,
tb07,poly acul,hl,+,,,
tb07,pren purp,hl,+,,,
tb07,rubu idae,hl,+,,,
tb07,rubu sect rubu,hl,+,,,
tb07,samb nigr,hl,r,,,
tb07,samb race,hl,+,,,
tb07,sene nemo slat,hl,2a,,,
tb07,soli virg virg,hl,+,,,
tb07,thel limb,hl,1,,,
tb07,vera albu albu,hl,+,,,
tb07,vero urti,hl,+,,,
tb07,viol reic,hl,+,,,
tb08,abie alba,hl,+,,,
tb08,acer pseu,hl,r,,,
tb08,acer pseu,tl2,1,,,
tb08,acta spic,hl,r,,,
tb08,aden alpi,hl,1,,,
tb08,apos foet,hl,+,,,
tb08,athy fili,hl,+,,,
tb08,bell mich,hl,+,,,
tb08,cala vari,hl,1,,,
tb08,camp rotu,hl,r,,,
tb08,card enne,hl,+,,,
tb08,daph meze,hl,r,,,
tb08,dryo dila,hl,+,,,
tb08,fagu sylv,hl,+,,,
tb08,fagu sylv,sl1,1,,,
tb08,fagu sylv,sl2,r,,,
tb08,fagu sylv,tl1,5,,,
tb08,fagu sylv,tl2,2a,,,
tb08,gali odor,hl,+,,,
tb08,gali rotu,hl,+,,,
tb08,hord euro,hl,r,,,
tb08,hupe sela,hl,r,,,
tb08,lili mart,hl,+,,,
tb08,luzu sylv sylv,hl,+,,,
tb08,meli nuta,hl,+,,,
tb08,merc pere,hl,+,,,
tb08,oxal acet,hl,+,,,
tb08,pari quad,hl,+,,,
tb08,peta albu,hl,+,,,
tb08,phyt orbi,hl,r,,,
tb08,phyt spic spic,hl,+,,,
tb08,pice abie,hl,r,,,
tb08,pice abie,sl1,1,,,
tb08,pice abie,sl2,1,,,
tb08,poly acul,hl,+,,,
tb08,poly vert,hl,+,,,
tb08,pren purp,hl,+,,,
tb08,sene nemo slat,hl,+,,,
tb08,soli virg virg,hl,+,,,
tb08,thel limb,hl,+,,,
tb08,vacc myrt,hl,r,,,
tb08,vale mont,hl,+,,,
tb08,vera albu albu,hl,+,,,
tb08,vero urti,hl,1,,,
tb08,vici sylv,hl,+,,,
tb08,viol reic,hl,r,,,
tb09,abie alba,hl,+,,,
tb09,acer pseu,hl,+,,,
tb09,acer pseu,tl2,2a,,,
tb09,acta spic,hl,r,,,
tb09,aden alpi,hl,+,,,
tb09,ajug rept,hl,+,,,
tb09,anem nemo,hl,r,,,
tb09,athy fili,hl,1,,,
tb09,blec spic,hl,+,,,
tb09,brac sylv,hl,+,,,
tb09,card enne,hl,+,,,
tb09,card trif,hl,1,,,
tb09,care sylv,hl,+,,,
tb09,circ alpi,hl,r,,,
tb09,dryo borr,hl,1,,,
tb09,dryo cart,hl,1,,,
tb09,dryo dila,hl,+,,,
tb09,dryo fili,hl,+,,,
tb09,epil mont,hl,+,,,
tb09,fagu sylv,hl,r,,,
tb09,fagu sylv,sl2,1,,,
tb09,frag vesc,hl,+,,,
tb09,gale psis spec ies,hl,r,,,
tb09,gali odor,hl,+,,,
tb09,gali rotu,hl,1,,,
tb09,gymn dryo,hl,r,,,
tb09,hier muro,hl,+,,,
tb09,impa noli,hl,+,,,
tb09,lact mura,hl,+,,,
tb09,lari deci deci,tl2,4,,,
tb09,luzu sylv sylv,hl,+,,,
tb09,lysi nemo,hl,r,,,
tb09,meli nuta,hl,+,,,
tb09,merc pere,hl,+,,,
tb09,oxal acet,hl,2a,,,
tb09,pari quad,hl,+,,,
tb09,peta albu,hl,1,,,
tb09,pheg conn,hl,+,,,
tb09,phyt spic spic,hl,+,,,
tb09,pice abie,sl2,+,,,
tb09,pice abie,tl2,3,,,
tb09,pren purp,hl,+,,,
tb09,rubu idae,hl,r,,,
tb09,rubu sect rubu,hl,+,,,
tb09,salv glut,hl,+,,,
tb09,scro nodo,hl,+,,,
tb09,sene nemo slat,hl,+,,,
tb09,sene ovat ovat,hl,r,,,
tb09,soli virg virg,hl,+,,,
tb09,sorb aucu aucu,hl,r,,,
tb09,thel limb,hl,2a,,,
tb09,ulmu glab,hl,r,,,
tb09,ulmu glab,tl2,2a,,,
tb09,vera albu albu,hl,+,,,
tb09,vero urti,hl,+,,,
tb09,viol reic,hl,+,,,
tb10,abie alba,hl,r,,,
tb10,acer pseu,hl,1,,,
tb10,acer pseu,tl2,4,,,
tb10,athy fili,hl,r,,,
tb10,blec spic,hl,+,,,
tb10,card enne,hl,+,,,
tb10,card trif,hl,1,,,
tb10,cory avel,hl,r,,,
tb10,dryo cart,hl,+,,,
tb10,dryo fili,hl,+,,,
tb10,fagu sylv,sl1,1,,,
tb10,fagu sylv,sl2,r,,,
tb10,gale psis spec ies,hl,r,,,
tb10,lari deci deci,tl2,2a,,,
tb10,merc pere,hl,r,,,
tb10,oxal acet,hl,+,,,
tb10,pari quad,hl,r,,,
tb10,pice abie,tl2,3,,,
tb10,ulmu glab,hl,r,,,
tb10,viol reic,hl,r,,,
tb11,abie alba,hl,r,,,
tb11,acer pseu,hl,+,,,
tb11,acer pseu,sl1,+,,,
tb11,acer pseu,tl2,4,,,
tb11,acta spic,hl,r,,,
tb11,aego poda,hl,+,,,
tb11,ajug rept,hl,+,,,
tb11,ange sylv sylv,hl,+,,,
tb11,asar euro euro,hl,2a,,,
tb11,athy fili,hl,1,,,
tb11,brac sylv,hl,2a,,,
tb11,cala vari,hl,1,,,
tb11,camp trac,hl,+,,,
tb11,card enne,hl,+,,,
tb11,card impa,hl,r,,,
tb11,care digi,hl,+,,,
tb11,care pend,hl,r,,,
tb11,care sylv,hl,1,,,
tb11,clem vita,hl,r,,,
tb11,cory avel,hl,r,,,
tb11,cory avel,sl1,2b,,,
tb11,daph meze,hl,r,,,
tb11,dryo borr,hl,1,,,
tb11,dryo cart,hl,+,,,
tb11,dryo dila,hl,+,,,
tb11,dryo fili,hl,2a,,,
tb11,epil mont,hl,r,,,
tb11,eupa cann,hl,+,,,
tb11,fagu sylv,hl,r,,,
tb11,frag vesc,hl,+,,,
tb11,frax exce,hl,r,,,
tb11,frax exce,tl2,3,,,
tb11,gale flav,hl,2a,,,
tb11,gali odor,hl,+,,,
tb11,gali rotu,hl,+,,,
tb11,gera robe,hl,+,,,
tb11,hier muro,hl,r,,,
tb11,hype hirs,hl,+,,,
tb11,lact mura,hl,1,,,
tb11,lari deci deci,tl2,2a,,,
tb11,merc pere,hl,+,,,
tb11,orig vulg,hl,1,,,
tb11,orob salv,hl,r,,cf,
tb11,oxal acet,hl,+,,,
tb11,peta albu,hl,+,,,
tb11,pice abie,hl,+,,,
tb11,pice abie,sl1,2b,,,
tb11,pice abie,sl2,1,,,
tb11,pice abie,tl2,1,,,
tb11,poly acul,hl,+,,,
tb11,pren purp,hl,+,,,
tb11,prun aviu slat,hl,r,,,
tb11,rubu idae,hl,+,,,
tb11,rubu sect rubu,hl,1,,,
tb11,sali capr,tl2,1,,,
tb11,salv glut,hl,2a,,,
tb11,sene nemo slat,hl,1,,,
tb11,soli virg virg,hl,1,,,
tb11,stac sylv,hl,+,,,
tb11,thel limb,hl,+,,,
tb11,ulmu glab,hl,r,,,
tb11,ulmu glab,tl2,2a,,,
tb11,vero urti,hl,+,,,
tb11,vici sylv,hl,+,,,
tb11,vinc hiru,hl,r,,,
tb11,viol reic,hl,+,,,
tb12,abie alba,hl,+,,,
tb12,abie alba,tl1,2a,,,
tb12,acer pseu,hl,r,,,
tb12,acer pseu,sl1,+,,,
tb12,acer pseu,sl2,+,,,
tb12,ajug rept,hl,+,,,
tb12,ange sylv sylv,hl,+,,,
tb12,arun dioi,hl,r,,,
tb12,athy fili,hl,1,,,
tb12,brac sylv,hl,2a,,,
tb12,cala vari,hl,1,,,
tb12,card trif,hl,2a,,,
tb12,care pend,hl,+,,,
tb12,care sylv,hl,1,,,
tb12,circ alpi,hl,+,,,
tb12,circ lute lute,hl,1,,,
tb12,cirs oler,hl,r,,,
tb12,cory avel,hl,r,,,
tb12,dryo borr,hl,2a,,,
tb12,dryo cart,hl,+,,,
tb12,dryo dila,hl,1,,,
tb12,epil mont,hl,+,,,
tb12,eupa cann,hl,1,,,
tb12,fagu sylv,sl1,2a,,,
tb12,fagu sylv,sl2,3,,,
tb12,fagu sylv,tl2,2b,,,
tb12,frag vesc,hl,+,,,
tb12,frax exce,hl,r,,,
tb12,frax exce,sl1,+,,,
tb12,gale mont,hl,1,,,
tb12,gali odor,hl,r,,,
tb12,gali rotu,hl,+,,,
tb12,gent ascl,hl,+,,,
tb12,gymn dryo,hl,+,,,
tb12,hier muro,hl,+,,,
tb12,hupe sela,hl,r,,,
tb12,impa noli,hl,1,,,
tb12,lyco anno,hl,+,,,
tb12,lysi nemo,hl,1,,,
tb12,meli nuta,hl,r,,,
tb12,oxal acet,hl,1,,,
tb12,peta albu,hl,3,,,
tb12,pheg conn,hl,+,,,
tb12,phyt spic spic,hl,+,,,
tb12,pice abie,hl,r,,,
tb12,poly lonc,hl,+,,,
tb12,pren purp,hl,+,,,
tb12,rubu idae,hl,+,,,
tb12,rubu sect rubu,hl,1,,,
tb12,salv glut,hl,+,,,
tb12,scro nodo,hl,+,,,
tb12,sene nemo slat,hl,+,,,
tb12,sene ovat ovat,hl,r,,,
tb12,soli virg virg,hl,+,,,
tb12,sorb aria,hl,r,,,
tb12,sorb aria,sl2,+,,,
tb12,stac sylv,hl,+,,,
tb12,thel limb,hl,4,,,
tb12,ulmu glab,sl1,+,,,
tb12,ulmu glab,sl2,r,,,
tb12,vero urti,hl,+,,,
tb12,viol reic,hl,+,,,
tb13,abie alba,hl,+,,,
tb13,abie alba,sl1,2a,,,
tb13,abie alba,tl2,3,,,
tb13,abie alba,tl3,2a,,,
tb13,acer pseu,hl,r,,,
tb13,acer pseu,tl2,2b,,,
tb13,aden alpi,hl,r,,,
tb13,ajug rept,hl,+,,,
tb13,athy fili,hl,+,,,
tb13,brac sylv,hl,1,,,
tb13,cala vari,hl,r,,,
tb13,camp trac,hl,r,,,
tb13,card trif,hl,+,,,
tb13,care digi,hl,r,,,
tb13,care sylv,hl,+,,,
tb13,cory avel,hl,r,,,
tb13,dryo borr,hl,r,,,
tb13,dryo dila,hl,r,,,
tb13,dryo fili,hl,+,,,
tb13,fagu sylv,hl,+,,,
tb13,fagu sylv,sl1,1,,,
tb13,fagu sylv,sl2,+,,,
tb13,fagu sylv,tl1,2b,,,
tb13,fagu sylv,tl2,3,,,
tb13,frag vesc,hl,+,,,
tb13,frax exce,hl,r,,,
tb13,gale flav,hl,1,,,
tb13,gali odor,hl,+,,,
tb13,gali rotu,hl,+,,,
tb13,gymn dryo,hl,r,,,
tb13,hier muro,hl,r,,,
tb13,lact mura,hl,1,,,
tb13,meli nuta,hl,+,,,
tb13,merc pere,hl,+,,,
tb13,neot nidu,hl,r,,,
tb13,oxal acet,hl,+,,,
tb13,peta albu,hl,+,,,
tb13,poly vulg,hl,r,,,
tb13,pren purp,hl,1,,,
tb13,rubu idae,hl,r,,,
tb13,rubu sect rubu,hl,+,,,
tb13,sene nemo slat,hl,+,,,
tb13,soli virg virg,hl,+,,,
tb13,sorb aria,hl,r,,,
tb13,stac sylv,hl,+,,,
tb13,thel limb,hl,1,,,
tb13,ulmu glab,hl,r,,,
tb13,vero urti,hl,+,,,
tb13,viol reic,hl,+,,,
tb14,abie alba,hl,+,,,
tb14,acer pseu,hl,r,,,
tb14,acer pseu,sl2,+,,,
tb14,acta spic,hl,+,,,
tb14,aden alpi,hl,1,,,
tb14,athy fili,hl,1,,,
tb14,blec spic,hl,+,,,
tb14,brac sylv,hl,1,,,
tb14,cala vari,hl,2a,,,
tb14,card enne,hl,+,,,
tb14,card trif,hl,1,,,
tb14,care digi,hl,+,,,
tb14,care sylv,hl,+,,,
tb14,cirs palu,hl,1,,,
tb14,clem vita,hl,+,,,
tb14,clem vita,sl2,+,,,
tb14,cory avel,sl2,+,,,
tb14,dryo borr,hl,1,,,
tb14,dryo cart,hl,+,,,
tb14,dryo dila,hl,1,,,
tb14,dryo fili,hl,1,,,
tb14,epil mont,hl,r,,,
tb14,eupa cann,hl,1,,,
tb14,fagu sylv,sl1,1,,,
tb14,fagu sylv,sl2,2a,,,
tb14,frag vesc,hl,+,,,
tb14,frax exce,hl,r,,,
tb14,frax exce,sl2,r,,,
tb14,gale flav,hl,1,,,
tb14,gali odor,hl,+,,,
tb14,gali rotu,hl,1,,,
tb14,hier muro,hl,+,,,
tb14,hype perf,hl,r,,,
tb14,ilex aqui,hl,r,,,
tb14,ilex aqui,sl2,r,,,
tb14,lact mura,hl,+,,,
tb14,lari deci deci,tl3,2a,,,
tb14,lili mart,hl,r,,,
tb14,loni alpi,hl,+,,,
tb14,merc pere,hl,1,,,
tb14,oxal acet,hl,1,,,
tb14,pari quad,hl,+,,,
tb14,peta albu,hl,1,,,
tb14,pheg conn,hl,+,,,
tb14,pice abie,hl,r,,,
tb14,pice abie,sl1,+,,,
tb14,pice abie,sl2,+,,,
tb14,pice abie,tl3,4,,,
tb14,poly acul,hl,+,,,
tb14,poly vert,hl,r,,,
tb14,pren purp,hl,1,,,
tb14,rubu idae,hl,+,,,
tb14,rubu sect rubu,hl,1,,,
tb14,salv glut,hl,2a,,,
tb14,sani euro,hl,+,,,
tb14,sene nemo slat,hl,1,,,
tb14,sene ovat ovat,hl,+,,,
tb14,soli virg virg,hl,+,,,
tb14,sorb aucu aucu,hl,r,,,
tb14,thel limb,hl,2a,,,
tb14,ulmu glab,hl,r,,,
tb14,ulmu glab,tl3,+,,,
tb14,vero urti,hl,+,,,
tb14,vici crac,hl,r,,,
tb14,viol reic,hl,+,,,
tb15,abie alba,hl,+,,,
tb15,abie alba,tl1,2a,,,
tb15,abie alba,tl2,2a,,,
tb15,abie alba,tl3,1,,,
tb15,acer pseu,hl,r,,,
tb15,aden alpi,hl,2a,,,
tb15,apos foet,hl,r,,,
tb15,bell mich,hl,r,,,
tb15,beto alop,hl,r,,,
tb15,brac sylv,hl,1,,,
tb15,buph sali,hl,r,,,
tb15,cala vari,hl,3,,,
tb15,camp coch,hl,r,,,
tb15,card defl viri,hl,1,,,
tb15,card enne,hl,+,,,
tb15,card trif,hl,+,,,
tb15,care digi,hl,+,,,
tb15,care mont,hl,+,,,
tb15,clem vita,hl,r,,,
tb15,dryo fili,hl,r,,,
tb15,eupa cann,hl,+,,,
tb15,fagu sylv,tl2,2b,,,
tb15,fagu sylv,tl3,1,,,
tb15,frag vesc,hl,1,,,
tb15,gale flav,hl,+,,,
tb15,gali anis,hl,+,,,
tb15,gali odor,hl,+,,,
tb15,gent ascl,hl,+,,,
tb15,gymn dryo,hl,r,,,
tb15,hepa nobi,hl,+,,,
tb15,hier bifi,hl,+,,,
tb15,hier muro,hl,+,,,
tb15,knau maxi,hl,1,,,
tb15,lact mura,hl,1,,,
tb15,lase lati lati,hl,r,,,
tb15,leon hisp hisp,hl,+,,,
tb15,loni alpi,hl,+,,,
tb15,lyco anno,hl,r,,,
tb15,mela sylv,hl,+,,,
tb15,meli nuta,hl,1,,,
tb15,merc pere,hl,+,,,
tb15,orig vulg,hl,1,,,
tb15,oxal acet,hl,1,,,
tb15,pari quad,hl,r,,,
tb15,phyt spic spic,hl,1,,,
tb15,pice abie,hl,r,,,
tb15,pice abie,sl2,+,,,
tb15,pice abie,tl1,2a,,,
tb15,pice abie,tl2,1,,,
tb15,pice abie,tl3,1,,,
tb15,pimp majo majo,hl,1,,,
tb15,pren purp,hl,1,,,
tb15,salv glut,hl,2a,,,
tb15,sani euro,hl,+,,,
tb15,sene nemo slat,hl,+,,,
tb15,sene ovat ovat,hl,+,,,
tb15,soli virg virg,hl,1,,,
tb15,sorb aria,hl,+,,,
tb15,sorb aucu aucu,hl,+,,,
tb15,thel limb,hl,+,,,
tb15,vale mont,hl,+,,,
tb15,vale trip,hl,1,,,
tb15,vero urti,hl,+,,,
tb15,vinc hiru,hl,r,,,
tb15,viol reic,hl,+,,,
tb16,abie alba,hl,+,,,
tb16,abie alba,tl1,2a,,,
tb16,acer pseu,hl,+,,,
tb16,acta spic,hl,+,,,
tb16,aden alpi,hl,2a,,,
tb16,aspl viri,hl,r,,,
tb16,athy fili,hl,+,,,
tb16,bell mich,hl,+,,,
tb16,brac sylv,hl,1,,,
tb16,cala vari,hl,2a,,,
tb16,card enne,hl,+,,,
tb16,card trif,hl,+,,,
tb16,care ferr,hl,+,,,
tb16,chae vill,hl,+,,,
tb16,daph meze,hl,r,,,
tb16,dryo borr,hl,r,,,
tb16,dryo dila,hl,r,,,
tb16,fagu sylv,hl,r,,,
tb16,fagu sylv,tl2,r,,,
tb16,fagu sylv,tl3,2a,,,
tb16,frax exce,hl,r,,,
tb16,gali odor,hl,+,,,
tb16,gymn dryo,hl,+,,,
tb16,gymn robe,hl,1,,,
tb16,knau maxi,hl,r,,,
tb16,loni alpi,hl,1,,,
tb16,luzu pilo,hl,+,,,
tb16,luzu sylv sylv,hl,+,,,
tb16,mela sylv,hl,+,,,
tb16,meli nuta,hl,1,,,
tb16,merc pere,hl,1,,,
tb16,oxal acet,hl,2m,,,
tb16,pari quad,hl,+,,,
tb16,peta albu,hl,2a,,,
tb16,pheg conn,hl,+,,,
tb16,phyt spic spic,hl,+,,,
tb16,pice abie,tl2,+,,,
tb16,poly acul,hl,+,,,
tb16,poly lonc,hl,+,,,
tb16,poly vert,hl,+,,,
tb16,pren purp,hl,+,,,
tb16,ranu mont,hl,+,,,
tb16,sene nemo slat,hl,+,,,
tb16,soli virg virg,hl,+,,,
tb16,sorb aucu aucu,hl,r,,,
tb16,thel limb,hl,+,,,
tb16,vale mont,hl,+,,,
tb16,vale trip,hl,1,,,
tb16,vera albu albu,hl,+,,,
tb16,vero urti,hl,1,,,
tb16,viol bifl,hl,1,,,
tb17,abie alba,hl,+,,,
tb17,acer pseu,hl,1,,,
tb17,acer pseu,tl2,3,,,
tb17,acta spic,hl,r,,,
tb17,athy fili,hl,+,,,
tb17,blec spic,hl,+,,,
tb17,card flex,hl,r,,,
tb17,card trif,hl,+,,,
tb17,circ alpi,hl,+,,,
tb17,circ lute lute,hl,+,,,
tb17,dryo borr,hl,+,,,
tb17,dryo cart,hl,r,,,
tb17,dryo dila,hl,+,,,
tb17,dryo fili,hl,+,,,
tb17,gali rotu,hl,+,,,
tb17,gymn dryo,hl,+,,,
tb17,lact mura,hl,+,,,
tb17,lari deci deci,tl2,2a,,,
tb17,oxal acet,hl,+,,,
tb17,peta albu,hl,+,,,
tb17,pheg conn,hl,r,,,
tb17,pice abie,tl2,4,,,
tb17,pice abie,tl3,3,,,
tb17,poly acul,hl,+,,,
tb17,pren purp,hl,+,,,
tb17,rubu idae,hl,r,,,
tb17,rubu sect rubu,hl,+,,,
tb17,salv glut,hl,r,,,
tb17,scro nodo,hl,r,,,
tb17,sene nemo slat,hl,+,,,
tb17,sene ovat ovat,hl,r,,,
tb17,soli virg virg,hl,+,,,
tb17,sorb aucu aucu,hl,r,,,
tb17,stac sylv,hl,r,,,
tb17,thel limb,hl,+,,,
tb17,ulmu glab,hl,r,,,
tb17,vero urti,hl,r,,,
tb18,abie alba,hl,r,,,
tb18,acer pseu,hl,r,,,
tb18,acer pseu,sl1,2a,,,
tb18,acer pseu,tl2,3,,,
tb18,aden alpi,hl,r,,,
tb18,athy fili,hl,1,,,
tb18,brac sylv,hl,+,,,
tb18,card bulb,hl,+,,,
tb18,card trif,hl,+,,,
tb18,care sylv,hl,1,,,
tb18,ceph long,hl,r,,,
tb18,dryo borr,hl,1,,,
tb18,dryo dila,hl,+,,,
tb18,dryo fili,hl,+,,,
tb18,eupa cann,hl,r,,,
tb18,fagu sylv,tl3,1,,,
tb18,frax exce,hl,+,,,
tb18,frax exce,tl2,3,,,
tb18,gali odor,hl,r,,,
tb18,gali rotu,hl,+,,,
tb18,lact mura,hl,+,,,
tb18,lili mart,hl,r,,,
tb18,lysi nemo,hl,+,,,
tb18,merc pere,hl,+,,,
tb18,oxal acet,hl,+,,,
tb18,peta albu,hl,+,,,
tb18,pice abie,hl,+,,,
tb18,pice abie,tl2,3,,,
tb18,pice abie,tl3,2a,,,
tb18,poly acul,hl,+,,,
tb18,pren purp,hl,+,,,
tb18,rubu sect rubu,hl,1,,,
tb18,sali capr,tl2,2a,,,
tb18,salv glut,hl,1,,,
tb18,sani euro,hl,+,,,
tb18,scro nodo,hl,r,,,
tb18,sene nemo slat,hl,+,,,
tb18,sene ovat ovat,hl,r,,,
tb18,soli virg virg,hl,+,,,
tb18,stel medi,hl,r,,,
tb18,thel limb,hl,+,,,
tb18,ulmu glab,hl,r,,,
tb18,vero urti,hl,r,,,
tb19,abie alba,hl,r,,,
tb19,acer pseu,hl,r,,,
tb19,acer pseu,sl2,1,,,
tb19,acta spic,hl,r,,,
tb19,aego poda,hl,r,,,
tb19,athy fili,hl,1,,,
tb19,atro bell,hl,r,,,
tb19,blec spic,hl,+,,,
tb19,brac sylv,hl,1,,,
tb19,cala vari,hl,+,,,
tb19,card trif,hl,+,,,
tb19,care pend,hl,r,,,
tb19,care sylv,hl,r,,,
tb19,carp betu,hl,r,,,
tb19,dryo borr,hl,+,,,
tb19,dryo cart,hl,+,,,
tb19,dryo dila,hl,+,,,
tb19,dryo fili,hl,+,,,
tb19,epip hell hell,hl,r,,,
tb19,eupa cann,hl,+,,,
tb19,fagu sylv,sl1,2a,,,
tb19,fagu sylv,sl2,2a,,,
tb19,frag vesc,hl,+,,,
tb19,frax exce,hl,r,,,
tb19,gale spec iosa,hl,+,,,
tb19,gali odor,hl,+,,,
tb19,gali rotu,hl,1,,,
tb19,hier muro,hl,r,,,
tb19,lact mura,hl,+,,,
tb19,lari deci deci,tl2,2a,,,
tb19,lili mart,hl,r,,,
tb19,merc pere,hl,+,,,
tb19,oxal acet,hl,+,,,
tb19,peta albu,hl,1,,,
tb19,phyt spic spic,hl,+,,,
tb19,pice abie,tl2,5,,,
tb19,pren purp,hl,+,,,
tb19,rubu sect rubu,hl,1,,,
tb19,salv glut,hl,1,,,
tb19,sani euro,hl,+,,,
tb19,sene nemo slat,hl,+,,,
tb19,sene ovat ovat,hl,+,,,
tb19,soli virg virg,hl,+,,,
tb19,sorb aucu aucu,hl,r,,,
tb19,thel limb,hl,1,,,
tb19,ulmu glab,hl,r,,,
tb19,vero urti,hl,r,,,
tb19,vici sylv,hl,r,,,
tb19,viol reic,hl,+,,,
tb20,abie alba,hl,r,,,
tb20,abie alba,sl2,r,,,
tb20,abie alba,tl1,2b,,,
tb20,abie alba,tl2,2b,,,
tb20,abie alba,tl3,1,,,
tb20,acer pseu,hl,+,,,
tb20,acta spic,hl,+,,,
tb20,aden alpi,hl,+,,,
tb20,ajug rept,hl,+,,,
tb20,apos foet,hl,r,,,
tb20,athy fili,hl,+,,,
tb20,brac sylv,hl,1,,,
tb20,cala vari,hl,+,,,
tb20,card enne,hl,1,,,
tb20,cory avel,hl,r,,,
tb20,dryo dila,hl,+,,,
tb20,epip hell hell,hl,r,,,
tb20,euph amyg amyg,hl,+,,,
tb20,fagu sylv,hl,+,,,
tb20,fagu sylv,tl1,2b,,,
tb20,fagu sylv,tl2,3,,,
tb20,fagu sylv,tl3,1,,,
tb20,frax exce,hl,r,,,
tb20,gale flav,hl,+,,,
tb20,gali odor,hl,1,,,
tb20,gali rotu,hl,+,,,
tb20,hord euro,hl,r,,,
tb20,lact mura,hl,+,,,
tb20,lili mart,hl,r,,,
tb20,merc pere,hl,1,,,
tb20,oxal acet,hl,1,,,
tb20,pari quad,hl,r,,,
tb20,phyt spic spic,hl,+,,,
tb20,poly vert,hl,+,,,
tb20,pren purp,hl,+,,,
tb20,salv glut,hl,r,,,
tb20,sani euro,hl,+,,,
tb20,sene nemo slat,hl,+,,,
tb20,soli virg virg,hl,+,,,
tb20,sorb aucu aucu,hl,r,,,
tb20,ulmu glab,hl,r,,,
tb20,ulmu glab,tl2,2a,,,
tb20,vero urti,hl,+,,,
tb20,viol reic,hl,+,,,
tb21,abie alba,hl,+,,,
tb21,abie alba,tl1,2a,,,
tb21,acer pseu,hl,r,,,
tb21,aden alpi,hl,+,,,
tb21,aspl tric quad,hl,r,,,
tb21,athy fili,hl,+,,,
tb21,atro bell,hl,r,,,
tb21,blec spic,hl,r,,,
tb21,brac sylv,hl,1,,,
tb21,cala vari,hl,+,,,
tb21,camp trac,hl,r,,,
tb21,card bulb,hl,+,,,
tb21,card enne,hl,+,,,
tb21,care sylv,hl,+,,,
tb21,dryo dila,hl,+,,,
tb21,fagu sylv,hl,+,,,
tb21,fagu sylv,sl1,1,,,
tb21,fagu sylv,sl2,2a,,,
tb21,fagu sylv,tl2,5,,,
tb21,fagu sylv,tl3,2a,,,
tb21,frag vesc,hl,+,,,
tb21,gale flav,hl,+,,,
tb21,gali odor,hl,1,,,
tb21,gali rotu,hl,+,,,
tb21,hier muro,hl,r,,,
tb21,lact mura,hl,+,,,
tb21,lari deci deci,hl,r,,,
tb21,lili mart,hl,r,,,
tb21,merc pere,hl,1,,,
tb21,orig vulg,hl,+,,,
tb21,oxal acet,hl,1,,,
tb21,pari quad,hl,r,,,
tb21,peta albu,hl,+,,,
tb21,phyt spic spic,hl,+,,,
tb21,poly vert,hl,r,,,
tb21,pren purp,hl,+,,,
tb21,rubu sect rubu,hl,+,,,
tb21,salv glut,hl,+,,,
tb21,samb race,hl,+,,,
tb21,sene nemo slat,hl,1,,,
tb21,sene ovat ovat,hl,1,,,
tb21,thel limb,hl,1,,,
tb21,vero urti,hl,+,,,
tb21,vici sylv,hl,+,,,
tb21,viol reic,hl,+,,,
tb22,abie alba,hl,+,,,
tb22,acer pseu,hl,+,,,
tb22,acer pseu,tl1,1,,,
tb22,acer pseu,tl2,1,,,
tb22,acta spic,hl,r,,,
tb22,aden alpi,hl,+,,,
tb22,ajug rept,hl,+,,,
tb22,apos foet,hl,+,,,
tb22,athy fili,hl,+,,,
tb22,brac sylv,hl,+,,,
tb22,cala vari,hl,+,,,
tb22,card enne,hl,+,,,
tb22,card trif,hl,+,,,
tb22,care sylv,hl,+,,,
tb22,dryo fili,hl,r,,,
tb22,fagu sylv,tl1,5,,,
tb22,fagu sylv,tl2,2a,,,
tb22,fagu sylv,tl3,2a,,,
tb22,frag vesc,hl,r,,,
tb22,gale flav,hl,+,,,
tb22,gali odor,hl,+,,,
tb22,gali rotu,hl,+,,,
tb22,merc pere,hl,1,,,
tb22,oxal acet,hl,+,,,
tb22,peta albu,hl,+,,,
tb22,phyt spic spic,hl,+,,,
tb22,poly acul,hl,r,,,
tb22,pren purp,hl,+,,,
tb22,sene nemo slat,hl,+,,,
tb22,sorb aucu aucu,hl,r,,,
tb22,vale mont,hl,+,,,
tb22,vero urti,hl,+,,,
tb22,viol reic,hl,+,,,
tb23,abie alba,hl,r,,,
tb23,abie alba,tl1,2a,,,
tb23,abie alba,tl2,2a,,,
tb23,abie alba,tl3,1,,,
tb23,acer pseu,hl,r,,,
tb23,acta spic,hl,r,,,
tb23,ange sylv sylv,hl,+,,,
tb23,athy fili,hl,1,,,
tb23,blec spic,hl,r,,,
tb23,brac sylv,hl,+,,,
tb23,cala vari,hl,+,,,
tb23,card enne,hl,r,,,
tb23,card trif,hl,1,,,
tb23,care sylv,hl,r,,,
tb23,clem vita,hl,r,,,
tb23,cory avel,hl,r,,,
tb23,cory avel,sl2,r,,,
tb23,dryo borr,hl,1,,,
tb23,dryo fili,hl,+,,,
tb23,epip hell hell,hl,r,,,
tb23,fagu sylv,hl,r,,,
tb23,fagu sylv,sl2,r,,,
tb23,fagu sylv,tl2,5,,,
tb23,frag vesc,hl,r,,,
tb23,frax exce,hl,+,,,
tb23,gale mont,hl,+,,,
tb23,gali odor,hl,+,,,
tb23,gali rotu,hl,+,,,
tb23,hier muro,hl,r,,,
tb23,lysi nemo,hl,r,,,
tb23,meli nuta,hl,r,,,
tb23,merc pere,hl,+,,,
tb23,neot nidu,hl,r,,,
tb23,oxal acet,hl,1,,,
tb23,pari quad,hl,+,,,
tb23,peta albu,hl,+,,,
tb23,phyt spic spic,hl,+,,,
tb23,pice abie,hl,r,,,
tb23,pren purp,hl,+,,,
tb23,prun aviu slat,hl,r,,,
tb23,rubu sect rubu,hl,1,,,
tb23,sene nemo slat,hl,+,,,
tb23,sene ovat ovat,hl,+,,,
tb23,soli virg virg,hl,+,,,
tb23,sorb aria,hl,r,,,
tb23,sorb aucu aucu,hl,r,,,
tb23,thel limb,hl,1,,,
tb23,ulmu glab,hl,+,,,
tb23,vero urti,hl,+,,,
tb23,viol reic,hl,+,,,
tb23,visc laxu abie,tl1,+,,,
