plot,abbr,layer,cover,voucher,comment,history
flsg01,achi mill aggr,hl,r,,,
flsg01,agro capi,hl,1,,,
flsg01,alch spec ies,hl,+,,,
flsg01,anth odor,hl,1,,,
flsg01,bell pere,hl,r,,,
flsg01,briz medi,hl,1,,,
flsg01,care capi,hl,+,,,
flsg01,care cary,hl,2m,,,
flsg01,care flac,hl,1,,,
flsg01,care flav flav,hl,+,,,
flsg01,care orni orni,hl,+,,,
flsg01,care pani,hl,+,,,
flsg01,care semp semp,hl,r,,,
flsg01,care sylv,hl,+,,,
flsg01,caru carv,hl,1,,,
flsg01,cent jace jace,hl,2a,,,
flsg01,cera holo,hl,+,,,
flsg01,cirs palu,hl,r,,,
flsg01,cyno cris,hl,1,,,
flsg01,dact glom glom,hl,+,,,
flsg01,desc cesp,hl,+,,,
flsg01,euph offi rost,hl,+,,,
flsg01,euph stri cta,hl,+,x,,
flsg01,fest nigr cens,hl,+,,,
flsg01,fest prat prat,hl,1,,,
flsg01,fest rubr rubr,hl,2a,,,
flsg01,gali albu,hl,+,,,
flsg01,gali anis,hl,r,,,
flsg01,gymn cono cono,hl,r,,,
flsg01,hier pilo ella,hl,+,,,
flsg01,hipp como,hl,r,,,
flsg01,homa pube laev,hl,1,,cf.,
flsg01,leon hisp hisp,hl,2a,,,
flsg01,leuc ircu,hl,r,,,
flsg01,linu cath,hl,+,,,
flsg01,loli pere,hl,+,,,
flsg01,lotu corn,hl,1,,,
flsg01,luzu camp,hl,r,,,
flsg01,lysi nemo,hl,r,,,
flsg01,medi lupu,hl,+,,,
flsg01,parn palu,hl,r,,,
flsg01,pimp majo majo,hl,+,,,
flsg01,plan lanc,hl,1,,,
flsg01,plan medi,hl,2a,,,
flsg01,poa annu,hl,+,,,
flsg01,poa prat,hl,+,,,
flsg01,poly amar ella,hl,+,,,
flsg01,pote erec,hl,+,,,
flsg01,prun vulg,hl,1,,,
flsg01,ranu acri acri,hl,+,,,
flsg01,ranu mont,hl,+,,,
flsg01,ranu nemo,hl,+,,,
flsg01,scor autu,hl,r,,,
flsg01,tara sect rude,hl,+,,,
flsg01,thym pule pule,hl,+,,,
flsg01,trif prat prat,hl,+,,,
flsg01,trif repe repe,hl,+,,,
flsg01,vero cham cham,hl,r,,,
flsg02,achi mill aggr,hl,+,,,
flsg02,agro capi,hl,2a,,,
flsg02,agro giga,hl,+,,,
flsg02,ajug rept,hl,+,,,
flsg02,alch spec ies,hl,+,,,
flsg02,alnu inca,hl,+,,,
flsg02,alnu inca,sl,+,,,
flsg02,alnu inca,tl2,2b,,,
flsg02,anth odor,hl,+,,,
flsg02,bell pere,hl,+,,,
flsg02,berb vulg,sl,2a,,,
flsg02,betu pend,tl2,+,,,
flsg02,briz medi,hl,1,,,
flsg02,camp coch,hl,+,,,
flsg02,card impa,hl,r,,,
flsg02,care cary,hl,2a,,,
flsg02,care flac,hl,1,,,
flsg02,care flav flav,hl,+,,,
flsg02,care orni orni,hl,+,,,
flsg02,care pani,hl,+,,,
flsg02,care sylv,hl,1,,,
flsg02,cera holo,hl,1,,,
flsg02,chae hirs,hl,+,,,
flsg02,chry alte,hl,r,,,
flsg02,cirs palu,hl,1,,,
flsg02,cyno cris,hl,1,,,
flsg02,dact glom glom,hl,+,,,
flsg02,desc cesp,hl,1,,,
flsg02,fest arun arun,hl,r,,,
flsg02,fest nigr cens,hl,+,,,
flsg02,fest prat prat,hl,1,,,
flsg02,fest rubr rubr,hl,2a,,,
flsg02,frag vesc,hl,+,,,
flsg02,gale mont,hl,r,,,
flsg02,gale psis spec ies,hl,r,,,
flsg02,gali albu,hl,1,,,
flsg02,gera robe,hl,+,,,
flsg02,geum urba,hl,+,,,
flsg02,heli numm glab,hl,+,,,
flsg02,hier lact,hl,+,,,
flsg02,hier pilo ides,hl,+,,,
flsg02,lath prat prat,hl,+,,,
flsg02,leon hisp hisp,hl,2a,,,
flsg02,linu cath,hl,+,,,
flsg02,list ovat,hl,r,,,
flsg02,loli pere,hl,1,,,
flsg02,loni caer caer,hl,+,,,
flsg02,loni xylo,hl,+,,,
flsg02,loni xylo,sl,+,,,
flsg02,lotu corn,hl,+,,,
flsg02,luzu pilo,hl,r,,,
flsg02,lysi nemo,hl,+,,,
flsg02,lysi numm,hl,+,,,
flsg02,ment long,hl,+,,,
flsg02,orig vulg,hl,+,,,
flsg02,oxal acet,hl,+,,,
flsg02,pice abie,hl,+,,,
flsg02,pice abie,sl,2a,,,
flsg02,pice abie,tl2,+,,,
flsg02,plan lanc,hl,1,,,
flsg02,plan medi,hl,1,,,
flsg02,poa annu,hl,1,,,
flsg02,poa prat,hl,1,,,
flsg02,poa triv,hl,+,,,
flsg02,pote erec,hl,1,,,
flsg02,prun vulg,hl,2a,,,
flsg02,ranu acri acri,hl,+,,,
flsg02,ranu nemo,hl,1,,,
flsg02,ranu repe,hl,+,,,
flsg02,sali capr,tl2,+,,,
flsg02,sali daph daph,tl2,2a,,,
flsg02,sali elea elea,sl,3,,,
flsg02,sali elea elea,tl2,3,,,
flsg02,sali myrs,sl,+,,,
flsg02,sali purp,sl,1,,,
flsg02,sali tria amyg,tl2,1,,,
flsg02,sene ovat ovat,hl,r,,,
flsg02,tara sect rude,hl,+,,,
flsg02,trif prat prat,hl,1,,,
flsg02,trif repe repe,hl,1,,,
flsg02,urti dioi dioi,hl,1,,,
flsg02,vero cham cham,hl,+,,,
flsg02,vero offi,hl,+,,,
flsg02,vici sepi,hl,+,,,
flsg02,viol bifl,hl,+,,,
flsg02,viol reic,hl,+,,,
flsg03,abie alba,sl,r,,,
flsg03,acer pseu,hl,r,,,
flsg03,acer pseu,sl,+,,,
flsg03,acer pseu,tl2,1,,,
flsg03,achi mill aggr,hl,+,,,
flsg03,acon nape slat,hl,r,,,
flsg03,acon vari vari,hl,r,,,
flsg03,aden alpi,hl,+,,,
flsg03,aego poda,hl,+,,,
flsg03,agro capi,hl,1,,,
flsg03,ajug rept,hl,+,,,
flsg03,alch spec ies,hl,1,,,
flsg03,aqui atra,hl,+,,,
flsg03,aspl viri,hl,+,,,
flsg03,athy fili,hl,+,,,
flsg03,berb vulg,hl,+,,,
flsg03,berb vulg,sl,2b,,,
flsg03,betu pend,hl,r,,,
flsg03,betu pend,sl,r,,,
flsg03,betu pend,tl2,+,,,
flsg03,bisc laev laev,hl,+,,,
flsg03,briz medi,hl,2b,,,
flsg03,cala vari,hl,1,,,
flsg03,camp coch,hl,+,,,
flsg03,camp sche,hl,+,,,
flsg03,card defl viri,hl,+,,,
flsg03,care alba,hl,1,,,
flsg03,care capi,hl,+,,,
flsg03,care cary,hl,1,,,
flsg03,care flac,hl,2a,,,
flsg03,care flav flav,hl,+,,,
flsg03,care orni orni,hl,1,,,
flsg03,care pani,hl,1,,,
flsg03,care semp semp,hl,r,,,
flsg03,care sylv,hl,1,,,
flsg03,carl acau acau,hl,+,,,
flsg03,caru carv,hl,+,,,
flsg03,cent jace jace,hl,1,,,
flsg03,ceph long,hl,r,,,
flsg03,cirs arve,hl,r,,,
flsg03,cirs palu,hl,+,,,
flsg03,clin vulg vulg,hl,+,,,
flsg03,conv maja maja,hl,r,,,
flsg03,coto inte,sl,r,,,
flsg03,crep alpe,hl,1,,,
flsg03,cyno cris,hl,+,,,
flsg03,dact glom glom,hl,+,,,
flsg03,dact macu slat,hl,r,,,
flsg03,daph meze,hl,r,,,
flsg03,desc cesp,hl,+,,,
flsg03,dryo dila,hl,+,,,
flsg03,dryo fili,hl,+,,,
flsg03,epil mont,hl,+,,,
flsg03,epip atro,hl,r,,,
flsg03,equi arve,hl,r,,,
flsg03,eric carn,hl,+,,,
flsg03,eupa cann,hl,1,,,
flsg03,euph offi rost,hl,+,,,
flsg03,fest rubr rubr,hl,1,,,
flsg03,frag vesc,hl,1,,,
flsg03,frax exce,sl,r,,,
flsg03,gali albu,hl,1,,,
flsg03,gali anis,hl,+,,,
flsg03,gent ascl,hl,r,,,
flsg03,gymn robe,hl,1,,,
flsg03,heli numm glab,hl,+,,,
flsg03,hier bifi,hl,+,,,
flsg03,hier lact,hl,r,,,
flsg03,hier muro,hl,+,,,
flsg03,hipp como,hl,+,,,
flsg03,homa pube laev,hl,r,,,
flsg03,homo alpi,hl,r,,,
flsg03,hype perf,hl,+,,,
flsg03,juni comm comm,sl,r,,,
flsg03,knau maxi,hl,+,,,
flsg03,leon hisp hisp,hl,1,,,
flsg03,leuc ircu,hl,+,,,
flsg03,lili mart,hl,r,,,
flsg03,list ovat,hl,+,,,
flsg03,loli pere,hl,+,,,
flsg03,loni alpi,hl,+,,,
flsg03,loni caer caer,hl,1,,,
flsg03,loni caer caer,sl,1,,,
flsg03,loni xylo,hl,+,,,
flsg03,loni xylo,sl,+,,,
flsg03,lotu corn,hl,+,,,
flsg03,luzu pilo,hl,r,,,
flsg03,lyco anno,hl,r,,,
flsg03,lysi nemo,hl,1,,,
flsg03,maia bifo,hl,+,,,
flsg03,mela sylv,hl,+,,,
flsg03,meli nuta,hl,1,,,
flsg03,merc pere,hl,+,,,
flsg03,moeh musc,hl,+,,,
flsg03,moli caer,hl,+,,,
flsg03,orig vulg,hl,1,,,
flsg03,orob reti reti,hl,r,,,
flsg03,oxal acet,hl,+,,,
flsg03,pari quad,hl,+,,,
flsg03,parn palu,hl,+,,,
flsg03,pers vivi,hl,+,,,
flsg03,peta albu,hl,+,,,
flsg03,phyt orbi,hl,1,,,
flsg03,pice abie,hl,+,,,
flsg03,pice abie,sl,2b,,,
flsg03,pice abie,tl2,3,,,
flsg03,pimp majo majo,hl,+,,,
flsg03,plan lanc,hl,1,,,
flsg03,poa nemo,hl,+,,,
flsg03,poa triv,hl,+,,,
flsg03,poly amar ella,hl,+,,,
flsg03,poly cham,hl,+,,,
flsg03,poly lonc,hl,r,,,
flsg03,poly vert,hl,+,,,
flsg03,pote erec,hl,1,,,
flsg03,pren purp,hl,r,,,
flsg03,prim elat,hl,+,,,
flsg03,prun vulg,hl,1,,,
flsg03,ranu acri acri,hl,+,,,
flsg03,ranu mont,hl,r,,,
flsg03,ranu nemo,hl,1,,,
flsg03,ranu repe,hl,+,,,
flsg03,rosa pend,hl,+,,,
flsg03,rubu idae,hl,+,,,
flsg03,rubu saxa,hl,+,,,
flsg03,rume acet osa,hl,+,,,
flsg03,sali capr,hl,+,,,
flsg03,sali myrs,hl,r,,,
flsg03,sali myrs,sl,r,,,
flsg03,scab luci luci,hl,+,,,
flsg03,sene ovat ovat,hl,+,,,
flsg03,sesl caer,hl,1,,,
flsg03,sold alpi,hl,+,,,
flsg03,sorb aucu aucu,hl,+,,,
flsg03,sorb aucu aucu,sl,+,,,
flsg03,tara sect rude,hl,+,,,
flsg03,thym prae poly,hl,1,,,
flsg03,tofi caly,hl,+,,,
flsg03,trif prat prat,hl,+,,,
flsg03,trif repe repe,hl,+,,,
flsg03,tuss farf,hl,+,,,
flsg03,vale mont,hl,1,,,
flsg03,vale offi slat,hl,+,,,
flsg03,vale saxa,hl,r,,,
flsg03,vale trip,hl,1,,,
flsg03,vero offi,hl,+,,,
flsg03,vero urti,hl,+,,,
flsg03,vibu lant,hl,r,,,
flsg03,vibu lant,sl,r,,,
flsg03,viol bifl,hl,+,,,
flsg03,viol coll,hl,+,,cf.,
flsg03,viol reic,hl,+,,,
flsg04,acer pseu,sl,1,,,
flsg04,acer pseu,tl2,2a,,,
flsg04,aego poda,hl,+,,,
flsg04,ajug rept,hl,+,,,
flsg04,alnu inca,hl,+,,,
flsg04,alnu inca,sl,+,,,
flsg04,ange sylv sylv,hl,+,,,
flsg04,arrh elat,hl,1,,,
flsg04,cala vari,hl,4,,,
flsg04,camp trac,hl,+,,,
flsg04,card defl viri,hl,+,,,
flsg04,care flac,hl,+,,,
flsg04,care orni orni,hl,+,,,
flsg04,chlo stat,hl,r,,,
flsg04,cirs palu,hl,+,,,
flsg04,crep alpe,hl,+,,,
flsg04,crep bien,hl,+,,,
flsg04,cypr calc,hl,r,,,
flsg04,epil mont,hl,r,,,
flsg04,epip atro,hl,r,,,
flsg04,eric carn,hl,+,,,
flsg04,fest rubr rubr,hl,+,,,
flsg04,frag vesc,hl,1,,,
flsg04,gali albu,hl,1,,,
flsg04,hier bifi,hl,+,,,
flsg04,hier muro,hl,+,,,
flsg04,hier pilo ides,hl,+,,,
flsg04,lact mura,hl,+,,,
flsg04,lili mart,hl,r,,,
flsg04,loni caer caer,sl,1,,,
flsg04,loni xylo,sl,+,,,
flsg04,lotu corn,hl,+,,,
flsg04,mela sylv,hl,+,,,
flsg04,meli nuta,hl,+,,,
flsg04,orig vulg,hl,+,,,
flsg04,orob flav,hl,r,,,
flsg04,peta para,hl,2a,,,
flsg04,pice abie,sl,2a,,,
flsg04,pice abie,tl2,3,,,
flsg04,poly acul,hl,r,,,
flsg04,pote erec,hl,+,,,
flsg04,ranu nemo,hl,1,,,
flsg04,rhin glac,hl,r,,,
flsg04,rubu saxa,hl,+,,,
flsg04,sali appe,sl,1,,,
flsg04,sali capr,sl,+,,,
flsg04,sali capr,tl2,+,,,
flsg04,sali myrs,sl,+,,,
flsg04,sene ovat ovat,hl,+,,,
flsg04,sesl caer,hl,+,,,
flsg04,tara sect rude,hl,1,,,
flsg04,thym prae poly,hl,r,,,
flsg04,trif prat prat,hl,+,,,
flsg04,vale mont,hl,+,,,
flsg04,vale offi slat,hl,+,,,
flsg04,vale trip,hl,+,,,
flsg04,vero offi,hl,+,,,
flsg05,achi mill aggr,hl,+,,,
flsg05,agro capi,hl,+,,,
flsg05,agro stol,hl,+,,,
flsg05,arrh elat,hl,r,,,
flsg05,bell pere,hl,+,,,
flsg05,briz medi,hl,+,,,
flsg05,care hirt,hl,2a,,,
flsg05,cent jace jace,hl,+,,,
flsg05,cera holo,hl,+,,,
flsg05,cirs arve,hl,1,,,
flsg05,cirs palu,hl,1,,,
flsg05,cyno cris,hl,+,,,
flsg05,dact glom glom,hl,1,,,
flsg05,desc cesp,hl,1,,,
flsg05,equi arve,hl,+,,,
flsg05,fest prat prat,hl,2a,,,
flsg05,fest rubr rubr,hl,2a,,,
flsg05,junc arti,hl,+,,,
flsg05,leon hisp hisp,hl,+,,,
flsg05,loli mult,hl,1,,,
flsg05,loli pere,hl,1,,,
flsg05,lotu corn,hl,+,,,
flsg05,phle prat,hl,2a,,,
flsg05,plan lanc,hl,1,,,
flsg05,plan majo slat,hl,+,,,
flsg05,plan medi,hl,+,,,
flsg05,poa annu,hl,+,,,
flsg05,poa prat,hl,+,,,
flsg05,prun vulg,hl,1,,,
flsg05,ranu acri acri,hl,1,,,
flsg05,ranu nemo,hl,r,,,
flsg05,ranu repe,hl,2a,,,
flsg05,tara sect rude,hl,+,,,
flsg05,trif prat prat,hl,2a,,,
flsg05,trif repe repe,hl,2b,,,
flsg05,tris flav flav,hl,+,,,
flsg05,vero cham cham,hl,+,,,
flsg06,agro capi,hl,2a,,,
flsg06,agro stol,hl,+,,,
flsg06,anth vuln alpi,hl,+,,,
flsg06,cala vari,hl,+,,,
flsg06,camp coch,hl,+,,,
flsg06,card defl viri,hl,+,,,
flsg06,care capi,hl,r,,,
flsg06,care flac,hl,1,,,
flsg06,care flav flav,hl,+,,,
flsg06,care orni orni,hl,1,,,
flsg06,carl acau acau,hl,r,,,
flsg06,cera holo,hl,+,,,
flsg06,cyno cris,hl,+,,,
flsg06,desc cesp,hl,1,,,
flsg06,drya octo,hl,2a,,,
flsg06,eric carn,hl,+,,,
flsg06,fest rubr rubr,hl,1,,,
flsg06,gali albu,hl,+,,,
flsg06,gali anis,hl,+,,,
flsg06,hier pilo ides,hl,+,,,
flsg06,lari deci deci,hl,r,,,
flsg06,leon hisp hisp,hl,2a,,,
flsg06,linu cath,hl,r,,,
flsg06,lotu corn,hl,+,,,
flsg06,medi lupu,hl,+,,,
flsg06,parn palu,hl,+,,,
flsg06,peta para,hl,r,,,
flsg06,pice abie,hl,r,,,
flsg06,plan lanc,hl,+,,,
flsg06,poa alpi,hl,+,,,
flsg06,poa prat,hl,+,,,
flsg06,poly amar ella,hl,+,,,
flsg06,prun vulg,hl,+,,,
flsg06,sagi proc,hl,r,,,
flsg06,sali capr,hl,r,,,
flsg06,sali elea elea,hl,r,,,
flsg06,sali purp,hl,r,,,
flsg06,saxi aizo,hl,r,,,
flsg06,thym prae poly,hl,2a,,,
flsg06,tofi caly,hl,r,,,
flsg06,trif prat prat,hl,1,,,
flsg06,trif repe repe,hl,+,,,
flsg06,vero cham cham,hl,+,,,
flsg07,aden alpi,hl,+,,,
flsg07,agro capi,hl,1,,,
flsg07,alnu inca,hl,r,,,
flsg07,cala vari,hl,2a,,,
flsg07,camp coch,hl,+,,,
flsg07,card defl viri,hl,+,,,
flsg07,care flac,hl,+,,,
flsg07,care orni orni,hl,+,,,
flsg07,chlo stat,hl,1,,,
flsg07,desc cesp,hl,+,,,
flsg07,epil mont,hl,r,,,
flsg07,eric carn,hl,r,,,
flsg07,fest rubr rubr,hl,1,,,
flsg07,frag vesc,hl,r,,,
flsg07,gera robe,hl,+,,,
flsg07,gymn robe,hl,+,,,
flsg07,hier pilo ides,hl,+,,,
flsg07,kern saxa,hl,r,,,
flsg07,lari deci deci,hl,r,,,
flsg07,linu cath,hl,+,,,
flsg07,parn palu,hl,r,,,
flsg07,ping alpi,hl,+,,,
flsg07,poa alpi,hl,+,,,
flsg07,pote erec,hl,+,,,
flsg07,ranu nemo,hl,r,,,
flsg07,sali capr,hl,+,,,
flsg07,sali elea elea,hl,1,,,
flsg07,saxi aizo,hl,+,,,
flsg07,scab luci luci,hl,+,,,
flsg07,thym prae poly,hl,1,,,
flsg07,tofi caly,hl,r,,,
flsg07,trif hybr hybr,hl,r,,,
flsg07,tuss farf,hl,r,,,
flsg08,achi mill aggr,hl,+,,,
flsg08,agro capi,hl,2a,,,
flsg08,alch spec ies,hl,+,,,
flsg08,alnu inca,hl,r,,,
flsg08,briz medi,hl,r,,,
flsg08,cala vari,hl,2a,,,
flsg08,camp coch,hl,2a,,,
flsg08,card defl viri,hl,1,,,
flsg08,care capi,hl,+,,,
flsg08,care flac,hl,1,,,
flsg08,care orni orni,hl,+,,,
flsg08,crep alpe,hl,r,,,
flsg08,cyno cris,hl,r,,,
flsg08,dact glom glom,hl,r,,,
flsg08,desc cesp,hl,+,,,
flsg08,eric carn,hl,1,,,
flsg08,euph offi rost,hl,+,,,
flsg08,fest rubr rubr,hl,+,,,
flsg08,frag vesc,hl,+,,,
flsg08,gali anis,hl,+,,,
flsg08,gymn cono cono,hl,r,,,
flsg08,hier bifi,hl,r,,,
flsg08,hier pilo ides,hl,+,,,
flsg08,junc arti,hl,r,,,
flsg08,leon hisp hyos,hl,2a,,,
flsg08,linu cath,hl,+,,,
flsg08,lotu corn,hl,+,,,
flsg08,parn palu,hl,+,,,
flsg08,phle prat,hl,r,,,
flsg08,phyt orbi,hl,+,,,
flsg08,pice abie,hl,r,,,
flsg08,plan lanc,hl,+,,,
flsg08,poly amar ella,hl,+,,,
flsg08,poly cham,hl,+,,,
flsg08,pote erec,hl,+,,,
flsg08,prun vulg,hl,+,,,
flsg08,ranu mont,hl,+,,,
flsg08,ranu nemo,hl,+,,,
flsg08,sali elea elea,hl,+,,,
flsg08,saxi aizo,hl,+,,,
flsg08,sela sela,hl,+,,,
flsg08,tara sect rude,hl,r,,,
flsg08,thym prae poly,hl,2b,,,
flsg08,tofi caly,hl,+,,,
flsg09,achi mill aggr,hl,+,,,
flsg09,aden alpi,hl,2b,,,
flsg09,alnu inca,hl,r,,,
flsg09,alnu inca,sl,r,,,
flsg09,alnu inca,tl2,2a,,,
flsg09,cala vari,hl,2b,,,
flsg09,camp coch,hl,+,,,
flsg09,card defl viri,hl,r,,,
flsg09,care alba,hl,1,,,
flsg09,care cary,hl,+,,,
flsg09,care digi,hl,+,,,
flsg09,care flac,hl,1,,,
flsg09,care orni orni,hl,+,,,
flsg09,care sylv,hl,+,,,
flsg09,carl acau acau,hl,r,,,
flsg09,cirs palu,hl,+,,,
flsg09,clin vulg vulg,hl,+,,,
flsg09,cyno cris,hl,+,,,
flsg09,cypr calc,hl,r,,,
flsg09,dact glom glom,hl,r,,,
flsg09,dact macu slat,hl,r,,,
flsg09,daph meze,hl,+,,,
flsg09,desc cesp,hl,+,,,
flsg09,epip atro,hl,+,,,
flsg09,fagu sylv,hl,r,,,
flsg09,fagu sylv,tl2,1,,,
flsg09,frag vesc,hl,2a,,,
flsg09,gali albu,hl,+,,,
flsg09,gymn cono cono,hl,+,,,
flsg09,gymn odor,hl,+,,,
flsg09,gymn robe,hl,+,,,
flsg09,hier muro,hl,1,,,
flsg09,homo alpi,hl,+,,,
flsg09,hypo hypo,hl,r,,,
flsg09,juni comm comm,hl,r,,,
flsg09,lact mura,hl,+,,,
flsg09,leon hisp hisp,hl,1,,,
flsg09,list ovat,hl,+,,,
flsg09,luzu luzu ina,hl,+,,,
flsg09,maia bifo,hl,1,,,
flsg09,mela sylv,hl,1,,,
flsg09,orth secu,hl,r,,,
flsg09,oxal acet,hl,2a,,,
flsg09,pari quad,hl,+,,,
flsg09,peta para,hl,+,,,
flsg09,phyt orbi,hl,+,,,
flsg09,pice abie,hl,+,,,
flsg09,pice abie,sl,1,,,
flsg09,pice abie,tl1,3,,,
flsg09,pice abie,tl2,1,,,
flsg09,plan lanc,hl,+,,,
flsg09,poa annu,hl,+,,,
flsg09,poa prat,hl,+,,,
flsg09,prun vulg,hl,+,,,
flsg09,ranu nemo,hl,+,,,
flsg09,sene ovat ovat,hl,+,,,
flsg09,soli virg virg,hl,+,,,
flsg09,tara sect rude,hl,r,,,
flsg09,tuss farf,hl,+,,,
flsg09,vacc myrt,hl,+,,,
flsg09,vale trip,hl,+,,,
flsg09,vero cham cham,hl,+,,,
flsg09,vero offi,hl,+,,,
flsg09,viol bifl,hl,+,,,
flsg09,viol hirt,hl,+,,,
flsg10,aden alpi,hl,2b,,,
flsg10,ajug rept,hl,+,,,
flsg10,aqui atra,hl,r,,,
flsg10,bell mich,hl,+,,,
flsg10,berb vulg,hl,+,,,
flsg10,berb vulg,sl,+,,,
flsg10,cala vari,hl,2b,,,
flsg10,camp coch,hl,+,,,
flsg10,card defl viri,hl,+,,,
flsg10,care alba,hl,2a,,,
flsg10,care flac,hl,1,,,
flsg10,care orni orni,hl,+,,,
flsg10,chae hirs,hl,+,,,
flsg10,chlo stat,hl,+,,,
flsg10,cirs palu,hl,r,,,
flsg10,clem alpi,hl,+,,,
flsg10,clin vulg vulg,hl,r,,,
flsg10,cypr calc,hl,r,,,
flsg10,dact glom glom,hl,+,,,
flsg10,dact macu slat,hl,+,,,
flsg10,daph meze,hl,+,,,
flsg10,epip atro,hl,+,,,
flsg10,eric carn,hl,+,,,
flsg10,frag vesc,hl,2b,,,
flsg10,gali albu,hl,+,,,
flsg10,gali anis,hl,+,,,
flsg10,gymn odor,hl,+,,,
flsg10,gymn robe,hl,+,,,
flsg10,hier muro,hl,2a,,,
flsg10,homo alpi,hl,+,,,
flsg10,juni comm comm,hl,+,,,
flsg10,leon hisp hisp,hl,2a,,,
flsg10,leuc ircu,hl,r,,,
flsg10,list ovat,hl,+,,,
flsg10,lotu corn,hl,+,,,
flsg10,meli nuta,hl,+,,,
flsg10,peta para,hl,+,,,
flsg10,phyt orbi,hl,1,,,
flsg10,pice abie,hl,+,,,
flsg10,pice abie,sl,1,,,
flsg10,pice abie,tl1,3,,,
flsg10,pice abie,tl2,3,,,
flsg10,pimp majo majo,hl,+,,,
flsg10,pinu sylv,tl1,1,,,
flsg10,poly amar brac,hl,r,,,
flsg10,poly cham,hl,1,,,
flsg10,pote erec,hl,1,,,
flsg10,prun vulg,hl,+,,,
flsg10,ranu acri acri,hl,+,,,
flsg10,ranu nemo,hl,2b,,,
flsg10,sela sela,hl,+,,,
flsg10,soli virg virg,hl,1,,,
flsg10,sorb aria,hl,r,,,
flsg10,tara sect rude,hl,+,,,
flsg10,thym prae poly,hl,1,,,
flsg10,trif prat prat,hl,2a,,,
flsg10,trif repe repe,hl,+,,,
flsg10,tuss farf,hl,+,,,
flsg10,vacc myrt,hl,+,,,
flsg10,vale mont,hl,1,,,
flsg10,vale trip,hl,+,,,
flsg10,vero offi,hl,+,,,
flsg10,viol hirt,hl,+,,,
flsg11,agro capi,hl,+,,,
flsg11,agro stol,hl,+,,,
flsg11,bell mich,hl,1,,,
flsg11,cala vari,hl,2b,,,
flsg11,camp coch,hl,+,,,
flsg11,card defl viri,hl,+,,,
flsg11,care flac,hl,1,,,
flsg11,care orni orni,hl,+,,,
flsg11,carl acau acau,hl,r,,,
flsg11,chlo stat,hl,1,,,
flsg11,crep alpe,hl,1,,,
flsg11,dact macu slat,hl,r,,,
flsg11,eric carn,hl,+,,,
flsg11,euph offi rost,hl,+,,,
flsg11,gymn cono cono,hl,r,,,
flsg11,hier bifi,hl,r,,,
flsg11,lari deci deci,hl,r,,,
flsg11,leon hisp hyos,hl,+,,,
flsg11,linu cath,hl,+,,,
flsg11,lotu corn,hl,+,,,
flsg11,parn palu,hl,+,,,
flsg11,peta para,hl,2a,,,
flsg11,pice abie,hl,r,,,
flsg11,ping alpi,hl,+,,,
flsg11,pinu sylv,hl,r,,,
flsg11,plan majo slat,hl,r,,,
flsg11,poa alpi,hl,+,,,
flsg11,pote erec,hl,+,,,
flsg11,prun vulg,hl,r,,,
flsg11,sali appe,hl,r,,,
flsg11,sali elea elea,hl,+,,,
flsg11,sali purp,hl,r,,,
flsg11,saxi aizo,hl,+,,,
flsg11,thym prae poly,hl,+,,,
flsg11,tofi caly,hl,+,,,
flsg11,vale mont,hl,+,,,
flsg12,achi mill aggr,hl,r,,,
flsg12,agro capi,hl,+,,,
flsg12,agro stol,hl,2b,,,
flsg12,bell pere,hl,2b,,,
flsg12,care hirt,hl,+,,,
flsg12,cera holo,hl,+,,,
flsg12,cirs arve,hl,1,,,
flsg12,cirs vulg,hl,r,,,
flsg12,cyno cris,hl,2b,,,
flsg12,dact glom glom,hl,+,,,
flsg12,desc cesp,hl,+,,,
flsg12,fest prat prat,hl,1,,,
flsg12,fest rubr rubr,hl,+,,,
flsg12,glyc nota,hl,r,,,
flsg12,junc comp,hl,+,,,
flsg12,loli pere,hl,2a,,,
flsg12,plan lanc,hl,+,,,
flsg12,plan majo slat,hl,1,,,
flsg12,poa annu,hl,2b,,,
flsg12,poa prat,hl,1,,,
flsg12,poa triv,hl,2a,,,
flsg12,prun vulg,hl,1,,,
flsg12,ranu repe,hl,1,,,
flsg12,trif prat prat,hl,+,,,
flsg12,trif repe repe,hl,4,,,
flsg12,vero cham cham,hl,+,,,
flsg12,vero serp serp,hl,+,,,
flsg13,abie alba,tl1,2a,,,
flsg13,abie alba,tl2,1,,,
flsg13,acon nape slat,hl,+,,,
flsg13,aden alpi,hl,+,,,
flsg13,aqui atra,hl,r,,,
flsg13,cala vari,hl,+,,,
flsg13,camp sche,hl,r,,,
flsg13,card enne,hl,r,,,
flsg13,card flex,hl,r,,,
flsg13,care sylv,hl,r,,,
flsg13,crep palu,hl,+,,,
flsg13,dact glom glom,hl,1,,,
flsg13,epil mont,hl,+,,,
flsg13,fagu sylv,tl1,2a,,,
flsg13,fagu sylv,tl2,1,,,
flsg13,gale mont,hl,+,,,
flsg13,gale psis spec ies,hl,1,,,
flsg13,gera robe,hl,2b,,,
flsg13,gymn robe,hl,+,,,
flsg13,lact mura,hl,+,,,
flsg13,lari deci deci,tl1,1,,,
flsg13,list ovat,hl,r,,,
flsg13,merc pere,hl,+,,,
flsg13,oxal acet,hl,1,,,
flsg13,pice abie,tl1,4,,,
flsg13,pice abie,tl2,2a,,,
flsg13,plan majo slat,hl,+,,,
flsg13,poa annu,hl,2a,,,
flsg13,poa triv,hl,1,,,
flsg13,ranu repe,hl,1,,,
flsg13,sene nemo slat,hl,r,,,
flsg13,sene ovat ovat,hl,+,,,
flsg13,stel medi,hl,3,,,
flsg13,tara sect rude,hl,1,,,
flsg13,tuss farf,hl,1,,,
flsg13,urti dioi dioi,hl,4,,,
flsg13,vale trip,hl,+,,,
flsg13,vero cham cham,hl,+,,,
flsg13,vero mont,hl,r,,,
flsg13,viol bifl,hl,+,,,
flsg14,agro capi,hl,+,,,
flsg14,aspl viri,hl,r,,,
flsg14,bell mich,hl,+,,,
flsg14,cala vari,hl,3,,,
flsg14,camp coch,hl,+,,,
flsg14,card defl viri,hl,+,,,
flsg14,care capi,hl,+,,,
flsg14,care flac,hl,+,,,
flsg14,care orni orni,hl,+,,,
flsg14,care sylv,hl,r,,,
flsg14,chlo stat,hl,+,,,
flsg14,cirs palu,hl,r,,,
flsg14,clin vulg vulg,hl,r,,,
flsg14,crep alpe,hl,+,,,
flsg14,dact glom glom,hl,r,,,
flsg14,drya octo,hl,+,,,
flsg14,epip atro,hl,+,,,
flsg14,eric carn,hl,+,,,
flsg14,erig acri acri,hl,r,x,det!,
flsg14,fagu sylv,hl,r,,,
flsg14,frag vesc,hl,+,,,
flsg14,gymn cono cono,hl,+,,,
flsg14,hier bifi,hl,1,,,
flsg14,hier muro,hl,+,,,
flsg14,hier pilo ides,hl,r,,,
flsg14,lari deci deci,hl,+,,,
flsg14,leon hisp hyos,hl,+,,,
flsg14,linu cath,hl,+,,,
flsg14,lotu corn,hl,1,,,
flsg14,mela sylv,hl,+,,,
flsg14,parn palu,hl,+,,,
flsg14,peta para,hl,2b,,,
flsg14,pice abie,hl,3,,,
flsg14,pice abie,sl,+,,,
flsg14,pice abie,tl2,+,,,
flsg14,ping alpi,hl,+,,,
flsg14,pinu mugo,hl,+,,,
flsg14,pinu sylv,hl,1,,,
flsg14,plan majo slat,hl,r,,,
flsg14,poa alpi,hl,+,,,
flsg14,poly amar brac,hl,+,,,
flsg14,pote erec,hl,+,,,
flsg14,prun vulg,hl,+,,,
flsg14,ranu acri acri,hl,+,,,
flsg14,sali elea elea,hl,+,,,
flsg14,sali myrs,hl,r,,,
flsg14,sali purp,hl,r,,,
flsg14,saxi caes,hl,+,,,
flsg14,thym prae poly,hl,1,,,
flsg14,tofi caly,hl,+,,,
flsg14,trif prat prat,hl,+,,,
flsg14,trif repe repe,hl,+,,,
flsg14,vero cham cham,hl,r,,,
flsg15,agro capi,hl,2b,,,
flsg15,agro stol,hl,+,,,
flsg15,alch spec ies,hl,+,,,
flsg15,camp coch,hl,+,,,
flsg15,care capi,hl,+,,,
flsg15,care cary,hl,+,,,
flsg15,care flac,hl,1,,,
flsg15,care flav flav,hl,2a,,,
flsg15,care lepo,hl,r,,,
flsg15,care orni orni,hl,+,,,
flsg15,care pall,hl,+,,,
flsg15,carl acau acau,hl,r,,,
flsg15,cirs arve,hl,r,,,
flsg15,dact glom glom,hl,1,,,
flsg15,desc cesp,hl,+,,,
flsg15,euph offi rost,hl,+,,,
flsg15,fest rubr rubr,hl,1,,,
flsg15,frag vesc,hl,+,,,
flsg15,gali albu,hl,r,,,
flsg15,gali anis,hl,r,,,
flsg15,junc arti,hl,r,,,
flsg15,junc comp,hl,+,,,
flsg15,lath prat prat,hl,r,,,
flsg15,leon hisp hisp,hl,2b,,,
flsg15,leuc ircu,hl,r,,,
flsg15,linu cath,hl,+,,,
flsg15,loli pere,hl,2a,,,
flsg15,lotu corn,hl,1,,,
flsg15,medi lupu,hl,+,,,
flsg15,parn palu,hl,+,,,
flsg15,phle prat,hl,+,,,
flsg15,plan lanc,hl,+,,,
flsg15,plan majo slat,hl,1,,,
flsg15,poly amar ella,hl,+,,,
flsg15,pote erec,hl,+,,,
flsg15,prun vulg,hl,1,,,
flsg15,ranu acri acri,hl,r,,,
flsg15,thym prae poly,hl,2a,,,
flsg15,trif prat prat,hl,+,,,
flsg16,achi mill aggr,hl,r,,,
flsg16,agro capi,hl,2a,,,
flsg16,agro stol,hl,+,,,
flsg16,alch spec ies,hl,r,,,
flsg16,bell mich,hl,+,,,
flsg16,care flac,hl,+,,,
flsg16,care hirt,hl,+,,,
flsg16,cera holo,hl,r,,,
flsg16,cirs arve,hl,r,,,
flsg16,cirs palu,hl,r,,,
flsg16,dact glom glom,hl,2a,,,
flsg16,desc cesp,hl,1,,,
flsg16,equi arve,hl,r,,,
flsg16,erig cana,hl,r,,,
flsg16,euph stri cta,hl,r,,,
flsg16,fest nigr cens,hl,+,,,
flsg16,fest prat prat,hl,+,,,
flsg16,fest rubr rubr,hl,1,,,
flsg16,gali albu,hl,+,,,
flsg16,hera spho spho,hl,r,,,
flsg16,hier pilo ides,hl,r,,,
flsg16,junc tenu,hl,r,,,
flsg16,lath prat prat,hl,+,,,
flsg16,leon hisp hisp,hl,+,,,
flsg16,leuc ircu,hl,+,,,
flsg16,linu cath,hl,r,,,
flsg16,loli pere,hl,1,,,
flsg16,lotu corn,hl,1,,,
flsg16,plan lanc,hl,+,,,
flsg16,plan majo slat,hl,1,,,
flsg16,poly amar ella,hl,r,,,
flsg16,pote anse anse,hl,+,,,
flsg16,pote erec,hl,r,,,
flsg16,pote rept,hl,+,,,
flsg16,prun vulg,hl,1,,,
flsg16,ranu acri acri,hl,+,,,
flsg16,ranu repe,hl,+,,,
flsg16,rume obtu slat,hl,r,,,
flsg16,sagi proc,hl,r,,,
flsg16,sonc aspe aspe,hl,r,,,
flsg16,tana vulg,hl,+,,,
flsg16,tara sect rude,hl,+,,,
flsg16,trif dubi,hl,2a,,,
flsg16,trif prat prat,hl,+,,,
flsg16,trif repe repe,hl,+,,,
flsg16,tuss farf,hl,r,,,
flsg16,vero cham cham,hl,r,,,
flsg16,vici crac,hl,r,,,
flsg17,agro capi,hl,2b,,,
flsg17,alch spec ies,hl,+,,,
flsg17,arrh elat,hl,r,,,
flsg17,briz medi,hl,1,,,
flsg17,camp coch,hl,1,,,
flsg17,care capi,hl,+,,,
flsg17,care cary,hl,1,,,
flsg17,care flac,hl,2b,,,
flsg17,care flav flav,hl,2a,,,
flsg17,care orni orni,hl,+,,,
flsg17,care pani,hl,+,,,
flsg17,carl acau acau,hl,+,,,
flsg17,cera holo,hl,+,,,
flsg17,cirs arve,hl,r,,,
flsg17,cirs palu,hl,+,,,
flsg17,cyno cris,hl,+,,,
flsg17,dact glom glom,hl,+,,,
flsg17,dant decu decu,hl,+,,,
flsg17,desc cesp,hl,1,,,
flsg17,eric carn,hl,+,,,
flsg17,euph offi rost,hl,+,,,
flsg17,fest nigr cens,hl,+,,,
flsg17,fest rubr rubr,hl,2a,,,
flsg17,frag vesc,hl,+,,,
flsg17,gali albu,hl,+,,,
flsg17,gymn cono cono,hl,r,,,
flsg17,hier pilo ella,hl,+,,,
flsg17,hier pilo ides,hl,+,,,
flsg17,hypo radi,hl,r,,,
flsg17,junc arti,hl,r,,,
flsg17,juni comm comm,hl,r,,,
flsg17,lari deci deci,hl,r,,,
flsg17,leon hisp hisp,hl,1,,,
flsg17,leuc ircu,hl,r,,,
flsg17,linu cath,hl,+,,,
flsg17,lotu corn,hl,+,,,
flsg17,parn palu,hl,+,,,
flsg17,pice abie,hl,r,,,
flsg17,ping alpi,hl,r,,,
flsg17,plan lanc,hl,+,,,
flsg17,poa annu,hl,+,,,
flsg17,poly amar ella,hl,r,,,
flsg17,pote erec,hl,1,,,
flsg17,prun vulg,hl,1,,,
flsg17,ranu acri acri,hl,+,,,
flsg17,ranu nemo,hl,+,,,
flsg17,sesl caer,hl,+,,,
flsg17,tara sect rude,hl,r,,,
flsg17,thym prae poly,hl,2a,,,
flsg17,tofi caly,hl,+,,,
flsg17,trif prat prat,hl,+,,,
flsg17,vero cham cham,hl,+,,,
flsg17,vero offi,hl,1,,,
flsg18,aden alpi,hl,r,,,
flsg18,agro capi,hl,+,,,
flsg18,anth vuln alpi,hl,r,,,
flsg18,bell mich,hl,r,,,
flsg18,briz medi,hl,+,,,
flsg18,cala vari,hl,1,,,
flsg18,camp coch,hl,1,,,
flsg18,camp rotu,hl,+,,,
flsg18,card defl viri,hl,+,,,
flsg18,care capi,hl,+,,,
flsg18,care cary,hl,1,,,
flsg18,care flac,hl,2a,,,
flsg18,care flav flav,hl,2a,,,
flsg18,care orni orni,hl,+,,,
flsg18,carl acau acau,hl,+,,,
flsg18,cirs palu,hl,r,,,
flsg18,clin vulg vulg,hl,r,,,
flsg18,crep alpe,hl,+,,,
flsg18,dact glom glom,hl,r,,,
flsg18,desc cesp,hl,+,,,
flsg18,drya octo,hl,r,,,
flsg18,eric carn,hl,+,,,
flsg18,euph offi rost,hl,+,,,
flsg18,fest nigr cens,hl,+,,,
flsg18,fest rubr rubr,hl,1,,,
flsg18,fest stri trac,hl,r,,,
flsg18,frag vesc,hl,+,,,
flsg18,gali albu,hl,+,,,
flsg18,gali anis,hl,+,,,
flsg18,gymn cono cono,hl,r,,,
flsg18,gymn odor,hl,r,,,
flsg18,heli numm glab,hl,r,,,
flsg18,hier bifi,hl,1,,,
flsg18,hier pilo ides,hl,+,,,
flsg18,juni comm comm,hl,r,,,
flsg18,leon hisp hisp,hl,2b,,,
flsg18,linu cath,hl,+,,,
flsg18,lotu corn,hl,+,,,
flsg18,parn palu,hl,r,,,
flsg18,peta para,hl,+,,,
flsg18,phyt orbi,hl,1,,,
flsg18,pice abie,hl,r,,,
flsg18,pinu mugo,hl,r,,,
flsg18,plan lanc,hl,+,,,
flsg18,plan medi,hl,1,,,
flsg18,poly amar ella,hl,r,,,
flsg18,poly cham,hl,1,,,
flsg18,pote erec,hl,+,,,
flsg18,ranu nemo,hl,1,,,
flsg18,thym prae poly,hl,2a,,,
flsg18,trif prat prat,hl,+,,,
flsg19,abie alba,hl,r,,,
flsg19,aden alpi,hl,1,,,
flsg19,agro stol,hl,r,,,
flsg19,bell mich,hl,+,,,
flsg19,cala vari,hl,1,,,
flsg19,camp coch,hl,1,,,
flsg19,card defl viri,hl,+,,,
flsg19,care firm,hl,+,,,
flsg19,care flac,hl,2a,,,
flsg19,care orni orni,hl,+,,,
flsg19,care sylv,hl,r,,,
flsg19,chlo stat,hl,+,,,
flsg19,cyno cris,hl,r,,,
flsg19,cypr calc,hl,r,,,
flsg19,desc cesp,hl,+,,,
flsg19,epip atro,hl,r,,,
flsg19,fagu sylv,hl,r,,,
flsg19,frag vesc,hl,+,,,
flsg19,gali albu,hl,r,,,
flsg19,gymn cono cono,hl,r,,,
flsg19,hier bifi,hl,+,,,
flsg19,hier pilo ides,hl,+,,,
flsg19,knau maxi,hl,+,,,
flsg19,lari deci deci,hl,r,,,
flsg19,leon hisp hyos,hl,+,,,
flsg19,linu cath,hl,+,,,
flsg19,mela sylv,hl,+,,,
flsg19,meli nuta,hl,+,,,
flsg19,parn palu,hl,+,,,
flsg19,peta para,hl,2b,,,
flsg19,ping alpi,hl,+,,,
flsg19,plan lanc,hl,r,,,
flsg19,poly amar brac,hl,+,,,
flsg19,prun vulg,hl,1,,,
flsg19,ranu acri acri,hl,r,,,
flsg19,ranu mont,hl,r,,,
flsg19,sali myrs,hl,r,,,
flsg19,sali purp,hl,r,,,
flsg19,saxi aizo,hl,+,,,
flsg19,tara sect rude,hl,r,,,
flsg19,tofi caly,hl,+,,,
flsg19,tuss farf,hl,+,,,
flsg19,vale saxa,hl,r,,,
flsg19,vero offi,hl,r,,,
flsg20,aden alpi,hl,2a,,,
flsg20,ante dioi,hl,r,,,
flsg20,aqui atra,hl,r,,,
flsg20,aspl ruta,hl,+,,,
flsg20,aspl viri,hl,+,,,
flsg20,bell mich,hl,+,,,
flsg20,berb vulg,hl,r,,,
flsg20,berb vulg,sl,r,,,
flsg20,cala vari,hl,3,,,
flsg20,camp coch,hl,+,,,
flsg20,card defl viri,hl,+,,,
flsg20,care alba,hl,1,,,
flsg20,care cary,hl,+,,,
flsg20,care flac,hl,1,,,
flsg20,care orni orni,hl,+,,,
flsg20,carl acau acau,hl,+,,,
flsg20,chlo stat,hl,+,,,
flsg20,clem alpi,hl,r,,,
flsg20,coel viri,hl,r,,,
flsg20,cypr calc,hl,+,,,
flsg20,daph meze,hl,+,,,
flsg20,drya octo,hl,+,,,
flsg20,epip atro,hl,+,,,
flsg20,eric carn,hl,+,,,
flsg20,euph offi rost,hl,+,,,
flsg20,euph sali,hl,r,,,
flsg20,fest rubr rubr,hl,+,,,
flsg20,frag vesc,hl,1,,,
flsg20,gali albu,hl,+,,,
flsg20,gali anis,hl,+,,,
flsg20,glob cord,hl,r,,,
flsg20,gymn cono cono,hl,+,,,
flsg20,gymn odor,hl,r,,,
flsg20,gymn robe,hl,+,,,
flsg20,hier bifi,hl,1,,,
flsg20,hier muro,hl,+,,,
flsg20,homo alpi,hl,r,,,
flsg20,juni comm comm,hl,r,,,
flsg20,juni comm comm,sl,r,,,
flsg20,knau maxi,hl,+,,,
flsg20,lari deci deci,sl,1,,,
flsg20,lari deci deci,tl2,2a,,,
flsg20,leon hisp hisp,hl,+,,,
flsg20,leon hisp hyos,hl,1,,,
flsg20,linu cath,hl,+,,,
flsg20,list ovat,hl,+,,,
flsg20,lotu corn,hl,+,,,
flsg20,lysi nemo,hl,r,,,
flsg20,medi lupu,hl,+,,,
flsg20,mela sylv,hl,1,,,
flsg20,meli nuta,hl,+,,,
flsg20,merc pere,hl,+,,,
flsg20,moeh musc,hl,r,,,
flsg20,parn palu,hl,+,,,
flsg20,peta para,hl,2a,,,
flsg20,phyt orbi,hl,+,,,
flsg20,pice abie,sl,4,,,
flsg20,pice abie,tl2,2b,,,
flsg20,pimp majo majo,hl,+,,,
flsg20,ping alpi,hl,+,,,
flsg20,pinu mugo,hl,r,,,
flsg20,plan lanc,hl,+,,,
flsg20,poly amar ella,hl,+,,,
flsg20,poly cham,hl,1,,,
flsg20,pote erec,hl,1,,,
flsg20,prun vulg,hl,+,,,
flsg20,pyro rotu,hl,r,,,
flsg20,ranu acri acri,hl,+,,,
flsg20,ranu nemo,hl,+,,,
flsg20,sali appe,hl,r,,,
flsg20,sesl caer,hl,+,,,
flsg20,thym prae poly,hl,2a,,,
flsg20,tofi caly,hl,+,,,
flsg20,trif prat prat,hl,+,,,
flsg20,trif repe repe,hl,+,,,
flsg20,vale mont,hl,+,,,
flsg20,vale trip,hl,r,,,
flsg20,viol coll,hl,+,,,
flsg20,viol reic,hl,+,,,
flsg21,agro capi,hl,+,,,
flsg21,alnu inca,hl,+,,,
flsg21,bell mich,hl,2a,,,
flsg21,betu pend,hl,r,,,
flsg21,cala vari,hl,2b,,,
flsg21,camp coch,hl,1,,,
flsg21,card defl viri,hl,+,,,
flsg21,care alba,hl,+,,,
flsg21,care brac,hl,r,,,
flsg21,care firm,hl,r,,,
flsg21,care flac,hl,+,,,
flsg21,care mucr,hl,r,,,
flsg21,care orni orni,hl,+,,,
flsg21,chlo stat,hl,+,,,
flsg21,crep alpe,hl,+,,,
flsg21,drya octo,hl,+,,,
flsg21,eric carn,hl,+,,,
flsg21,hier bifi,hl,1,,,
flsg21,hier pilo ides,hl,+,,,
flsg21,lari deci deci,hl,+,,,
flsg21,linu cath,hl,+,,,
flsg21,lotu corn,hl,+,,,
flsg21,peta para,hl,2a,,,
flsg21,pice abie,hl,2a,,,
flsg21,ping alpi,hl,+,,,
flsg21,pinu mugo,hl,+,,,
flsg21,pinu sylv,hl,+,,,
flsg21,poa alpi,hl,r,,,
flsg21,poly amar brac,hl,+,,,
flsg21,pote erec,hl,+,,,
flsg21,prun vulg,hl,+,,,
flsg21,sali appe,hl,+,,,
flsg21,sali capr,hl,1,,,
flsg21,sali myrs,hl,+,,,
flsg21,sali purp,hl,2b,,,
flsg21,sali reti,hl,r,,,
flsg21,sali retu,hl,r,,,
flsg21,saxi aizo,hl,+,,,
flsg21,saxi caes,hl,+,,,
flsg21,sesl caer,hl,+,,,
flsg21,thym prae poly,hl,r,,,
flsg21,tofi caly,hl,1,,,
flsg21,trif prat prat,hl,+,,,
flsg22,abie alba,hl,r,,,
flsg22,acer pseu,sl,1,,,
flsg22,aden alpi,hl,+,,,
flsg22,alnu inca,hl,r,,,
flsg22,alnu inca,sl,+,,,
flsg22,aspl viri,hl,r,,,
flsg22,cala vari,hl,3,,,
flsg22,camp coch,hl,1,,,
flsg22,card defl viri,hl,1,,,
flsg22,care alba,hl,+,,,
flsg22,care orni orni,hl,+,,,
flsg22,chlo stat,hl,+,,,
flsg22,cirs arve,hl,r,,,
flsg22,cirs palu,hl,r,,,
flsg22,clem alpi,hl,+,,,
flsg22,crep alpe,hl,r,,,
flsg22,cypr calc,hl,r,,,
flsg22,daph meze,hl,r,,,
flsg22,epip atro,hl,1,,,
flsg22,eric carn,hl,+,,,
flsg22,frag vesc,hl,1,,,
flsg22,gali albu,hl,+,,,
flsg22,gymn cono cono,hl,+,,,
flsg22,gymn odor,hl,r,,,
flsg22,gymn robe,hl,+,,,
flsg22,heli numm glab,hl,r,,,
flsg22,hier bifi,hl,2a,,,
flsg22,hier muro,hl,+,,,
flsg22,juni comm comm,hl,1,,,
flsg22,lact mura,hl,+,,,
flsg22,leon hisp hyos,hl,1,,,
flsg22,list ovat,hl,+,,,
flsg22,lotu corn,hl,+,,,
flsg22,mela sylv,hl,+,,,
flsg22,meli nuta,hl,+,,,
flsg22,parn palu,hl,+,,,
flsg22,peta para,hl,2b,,,
flsg22,phyt orbi,hl,+,,,
flsg22,pice abie,hl,1,,,
flsg22,pice abie,sl,3,,,
flsg22,pice abie,tl2,3,,,
flsg22,ping alpi,hl,r,,,
flsg22,pinu mugo,hl,r,,,
flsg22,pinu sylv,sl,r,,,
flsg22,pinu sylv,tl2,1,,,
flsg22,pote erec,hl,+,,,
flsg22,prun vulg,hl,r,,,
flsg22,ranu nemo,hl,+,,,
flsg22,rubu idae,hl,r,,,
flsg22,sali appe,hl,r,,,
flsg22,sali elea elea,hl,r,,,
flsg22,tara sect rude,hl,r,,,
flsg22,tofi caly,hl,+,,,
flsg22,trif prat prat,hl,+,,,
flsg22,vale mont,hl,+,,,
flsg22,vero cham cham,hl,+,,,
flsg22,vero offi,hl,r,,,
flsg23,cala vari,hl,2b,,,
flsg23,camp coch,hl,+,,,
flsg23,card defl viri,hl,+,,,
flsg23,chlo stat,hl,2a,,,
flsg23,fest rubr rubr,hl,r,,,
flsg23,frag vesc,hl,+,,,
flsg23,gali albu,hl,r,,,
flsg23,gera robe,hl,+,,,
flsg23,gymn cono cono,hl,r,,,
flsg23,gymn robe,hl,+,,,
flsg23,hier bifi,hl,+,,,
flsg23,hier pilo ides,hl,+,,,
flsg23,lari deci deci,hl,+,,,
flsg23,leon hisp hyos,hl,+,,,
flsg23,lotu corn,hl,+,,,
flsg23,peta para,hl,1,,,
flsg23,pice abie,hl,1,,,
flsg23,pinu sylv,hl,r,,,
flsg23,poly amar brac,hl,r,,,
flsg23,pote erec,hl,+,,,
flsg23,prun vulg,hl,+,,,
flsg23,sali elea elea,hl,r,,,
flsg23,sali myrs,hl,+,,,
flsg23,sali purp,hl,+,,,
flsg23,thym prae poly,hl,r,,,
flsg23,tofi caly,hl,r,,,
flsg23,trif prat prat,hl,r,,,
flsg24,achi mill aggr,hl,+,,,
flsg24,agro capi,hl,1,,,
flsg24,alch spec ies,hl,+,,,
flsg24,bell pere,hl,+,,,
flsg24,briz medi,hl,+,,,
flsg24,camp coch,hl,r,,,
flsg24,care cary,hl,+,,,
flsg24,care flac,hl,2a,,,
flsg24,care hirt,hl,1,,,
flsg24,care lepo,hl,+,,,
flsg24,care orni orni,hl,+,,,
flsg24,care sylv,hl,1,,,
flsg24,cent jace jace,hl,r,,,
flsg24,cera holo,hl,+,,,
flsg24,cirs palu,hl,r,,,
flsg24,cyno cris,hl,1,,,
flsg24,dact glom glom,hl,+,,,
flsg24,desc cesp,hl,+,,,
flsg24,eric carn,hl,r,,,
flsg24,euph offi rost,hl,+,,,
flsg24,fest nigr cens,hl,+,,,
flsg24,fest prat prat,hl,2b,,,
flsg24,fest rubr rubr,hl,2a,,,
flsg24,gali albu,hl,+,,,
flsg24,hier pilo ella,hl,+,,,
flsg24,hier pilo ides,hl,r,,,
flsg24,homa pube laev,hl,+,,cf.,
flsg24,leon hisp hisp,hl,2a,,,
flsg24,leuc ircu,hl,r,,,
flsg24,linu cath,hl,r,,,
flsg24,loli pere,hl,+,,,
flsg24,lotu corn,hl,+,,,
flsg24,luzu camp,hl,+,,,
flsg24,phle prat,hl,+,,,
flsg24,plan lanc,hl,+,,,
flsg24,plan majo slat,hl,+,,,
flsg24,plan medi,hl,1,,,
flsg24,poa annu,hl,+,,,
flsg24,pote erec,hl,1,,,
flsg24,prun vulg,hl,2a,,,
flsg24,ranu acri acri,hl,+,,,
flsg24,ranu mont,hl,+,,,
flsg24,ranu nemo,hl,1,,,
flsg24,ranu repe,hl,+,,,
flsg24,scor autu,hl,+,,,
flsg24,thym pule pule,hl,+,,,
flsg24,trif prat prat,hl,1,,,
flsg24,trif repe repe,hl,1,,,
flsg24,vero offi,hl,r,,,
flsg25,acer pseu,hl,r,,,
flsg25,agro capi,hl,1,,,
flsg25,alch spec ies,hl,r,,,
flsg25,betu pend,hl,r,,,
flsg25,briz medi,hl,1,,,
flsg25,cala vari,hl,+,,,
flsg25,camp coch,hl,r,,,
flsg25,care cary,hl,1,,,
flsg25,care flac,hl,1,,,
flsg25,care orni orni,hl,1,,,
flsg25,carl acau acau,hl,r,,,
flsg25,cent jace jace,hl,r,,,
flsg25,dact glom glom,hl,+,,,
flsg25,fest arun arun,hl,+,,,
flsg25,fest nigr cens,hl,+,,,
flsg25,fest prat prat,hl,+,,,
flsg25,fest rubr rubr,hl,2a,,,
flsg25,frag vesc,hl,+,,,
flsg25,gali albu,hl,+,,,
flsg25,hier pilo ella,hl,2a,,,
flsg25,hier pilo ides,hl,+,,,
flsg25,leon hisp hisp,hl,2b,,,
flsg25,leuc ircu,hl,+,,,
flsg25,linu cath,hl,+,,,
flsg25,loli pere,hl,+,,,
flsg25,lotu corn,hl,1,,,
flsg25,phle prat,hl,+,,,
flsg25,pice abie,sl,2a,,,
flsg25,plan lanc,hl,+,,,
flsg25,pote erec,hl,+,,,
flsg25,prun vulg,hl,+,,,
flsg25,ranu acri acri,hl,+,,,
flsg25,sali appe,hl,+,,,
flsg25,thym prae poly,hl,2a,,,
flsg25,trif prat prat,hl,+,,,
flsg26,aden alpi,hl,r,,,
flsg26,anth vuln alpi,hl,+,,,
flsg26,bell mich,hl,1,,,
flsg26,beto alop,hl,r,,,
flsg26,brac sylv,hl,+,,,
flsg26,briz medi,hl,+,,,
flsg26,cala vari,hl,2a,,,
flsg26,camp coch,hl,+,,,
flsg26,card defl viri,hl,+,,,
flsg26,care capi,hl,+,,,
flsg26,care ferr,hl,+,,,
flsg26,care flac,hl,1,,,
flsg26,care semp semp,hl,+,,,
flsg26,carl acau acau,hl,r,,,
flsg26,chlo stat,hl,+,,,
flsg26,cirs palu,hl,r,,,
flsg26,clin vulg vulg,hl,+,,,
flsg26,crep alpe,hl,+,,,
flsg26,desc cesp,hl,+,,,
flsg26,drya octo,hl,+,,,
flsg26,epip atro,hl,+,,cf.,
flsg26,eric carn,hl,+,,,
flsg26,fest rubr rubr,hl,r,,,
flsg26,frag vesc,hl,+,,,
flsg26,gali albu,hl,+,,,
flsg26,gymn cono cono,hl,+,,cf.,
flsg26,gymn odor,hl,+,,,
flsg26,gymn robe,hl,r,,,
flsg26,hier bifi,hl,1,,,
flsg26,hier bupl,hl,+,,,
flsg26,hier muro,hl,+,,,
flsg26,hipp como,hl,r,,,
flsg26,homo alpi,hl,r,,,
flsg26,juni comm comm,hl,r,,,
flsg26,kern saxa,hl,+,,,
flsg26,knau maxi,hl,r,,,
flsg26,lari deci deci,hl,r,,,
flsg26,lari deci deci,sl,r,,,
flsg26,leon hisp hisp,hl,r,,,
flsg26,leon hisp hyos,hl,1,,,
flsg26,leuc ircu,hl,r,,,
flsg26,linu cath,hl,+,,,
flsg26,list ovat,hl,+,,,
flsg26,lotu corn,hl,1,,,
flsg26,mela sylv,hl,+,,,
flsg26,meli nuta,hl,r,,,
flsg26,parn palu,hl,r,,,
flsg26,peta para,hl,2b,,,
flsg26,phyt orbi,hl,r,,,
flsg26,pice abie,hl,5,,,
flsg26,pice abie,sl,1,,,
flsg26,ping alpi,hl,+,,,
flsg26,ping vulg,hl,+,,,
flsg26,pinu mugo,hl,r,,,
flsg26,pinu sylv,hl,r,,,
flsg26,pinu sylv,sl,r,,,
flsg26,plan lanc,hl,+,,,
flsg26,plan medi,hl,r,,,
flsg26,poly amar brac,hl,+,,,
flsg26,poly amar ella,hl,+,,,
flsg26,poly cham,hl,+,,,
flsg26,pote erec,hl,1,,,
flsg26,prun vulg,hl,+,,,
flsg26,ranu acri acri,hl,+,,,
flsg26,ranu mont,hl,+,,,
flsg26,ranu nemo,hl,+,,,
flsg26,sali appe,hl,r,,,
flsg26,sali appe,sl,r,,,
flsg26,sali capr,hl,r,,,
flsg26,sali myrs,hl,r,,,
flsg26,sela sela,hl,+,,,
flsg26,tara sect rude,hl,r,,,
flsg26,thym prae poly,hl,+,,,
flsg26,tofi caly,hl,+,,,
flsg26,trif prat prat,hl,+,,,
flsg26,vero cham cham,hl,+,,,
flsg26,vero offi,hl,+,,,
flsg26,vero serp serp,hl,r,,,
flsg27,abie alba,hl,r,,,
flsg27,achi mill aggr,hl,r,,,
flsg27,acon lyco slat,hl,r,,,
flsg27,acon vari vari,hl,+,,,
flsg27,aden alpi,hl,1,,,
flsg27,aqui atra,hl,r,,,
flsg27,arab alpi alpi,hl,1,,,
flsg27,arab cili,hl,r,,,
flsg27,cala vari,hl,2a,,,
flsg27,camp coch,hl,r,,,
flsg27,camp sche,hl,r,,,
flsg27,card enne,hl,+,,,
flsg27,card flex,hl,r,,,
flsg27,care digi,hl,r,,,
flsg27,cirs oler,hl,+,,,
flsg27,clin vulg vulg,hl,1,,,
flsg27,crep palu,hl,+,,,
flsg27,dact glom glom,hl,+,,,
flsg27,desc cesp,hl,+,,,
flsg27,eupa cann,hl,1,,,
flsg27,fest rubr rubr,hl,+,,,
flsg27,frag vesc,hl,+,,,
flsg27,gale flav,hl,+,,,
flsg27,gali albu,hl,+,,,
flsg27,gera robe,hl,+,,,
flsg27,gymn robe,hl,+,,,
flsg27,homo alpi,hl,r,,,
flsg27,kern saxa,hl,r,,,
flsg27,lact mura,hl,r,,,
flsg27,lase lati lati,hl,r,,,
flsg27,lysi nemo,hl,1,,,
flsg27,meli nuta,hl,+,,,
flsg27,merc pere,hl,+,,,
flsg27,moeh musc,hl,+,,,
flsg27,moli caer aggr,hl,+,,,
flsg27,oxal acet,hl,1,,,
flsg27,pari quad,hl,r,,,
flsg27,peta para,hl,1,,,
flsg27,poa triv,hl,+,,,
flsg27,pote erec,hl,+,,,
flsg27,pote rept,hl,r,,,
flsg27,ranu acri acri,hl,+,,,
flsg27,ranu nemo,hl,+,,,
flsg27,ranu repe,hl,+,,,
flsg27,sene ovat ovat,hl,2a,,,
flsg27,teph cris,hl,1,,,
flsg27,trif badi,hl,r,,,
flsg27,tris flav flav,hl,+,,,
flsg27,tuss farf,hl,+,,,
flsg27,urti dioi dioi,hl,+,,,
flsg27,vale mont,hl,+,,,
flsg27,vero cham cham,hl,+,,,
flsg27,vero urti,hl,+,,,
flsg27,vici sepi,hl,+,,,
flsg27,viol bifl,hl,+,,,
flsg28,achi mill aggr,hl,+,,,
flsg28,alch spec ies,hl,+,,,
flsg28,bell mich,hl,2a,,,
flsg28,care hirt,hl,+,,,
flsg28,care sylv,hl,+,,,
flsg28,cera holo,hl,1,,,
flsg28,cirs arve,hl,2a,,,
flsg28,dact glom glom,hl,2a,,,
flsg28,fest prat prat,hl,1,,,
flsg28,ment long,hl,r,,,
flsg28,phle prat,hl,+,,,
flsg28,plan lanc,hl,+,,,
flsg28,plan majo slat,hl,+,,,
flsg28,poa annu,hl,2b,,,
flsg28,poa prat,hl,1,,,
flsg28,poa triv,hl,4,,,
flsg28,ranu acri acri,hl,1,,,
flsg28,ranu repe,hl,2a,,,
flsg28,tara sect rude,hl,1,,,
flsg28,trif prat prat,hl,+,,,
flsg28,trif repe repe,hl,3,,,
flsg28,urti dioi dioi,hl,+,,,
flsg28,vero cham cham,hl,2a,,,
flsg28,vero serp serp,hl,+,,,
flsg29,acer pseu,hl,r,,,
flsg29,alch spec ies,hl,r,,,
flsg29,alnu inca,sl,r,,,
flsg29,alnu inca,tl2,1,,,
flsg29,anth odor,hl,r,,,
flsg29,aspl viri,hl,+,,,
flsg29,bell mich,hl,+,,,
flsg29,briz medi,hl,+,,,
flsg29,cala vari,hl,2a,,,
flsg29,camp coch,hl,+,,,
flsg29,card defl viri,hl,r,,,
flsg29,care ferr,hl,r,,,
flsg29,care flac,hl,1,,,
flsg29,care orni orni,hl,+,,,
flsg29,chlo stat,hl,1,,,
flsg29,cirs palu,hl,r,,,
flsg29,clin vulg vulg,hl,+,,,
flsg29,crep alpe,hl,r,,,
flsg29,drya octo,hl,+,,,
flsg29,epip atro,hl,+,,,
flsg29,eric carn,hl,1,,,
flsg29,frag vesc,hl,+,,,
flsg29,gali albu,hl,+,,,
flsg29,gymn odor,hl,r,,,
flsg29,gymn robe,hl,+,,,
flsg29,gyps repe,hl,+,,,
flsg29,hier bifi,hl,1,,,
flsg29,hier muro,hl,+,,,
flsg29,hier prae ltum,hl,+,,,
flsg29,lari deci deci,hl,r,,,
flsg29,lari deci deci,sl,r,,,
flsg29,leon hisp hyos,hl,+,,,
flsg29,list ovat,hl,r,,,
flsg29,lotu corn,hl,+,,,
flsg29,mela sylv,hl,+,,,
flsg29,meli nuta,hl,+,,,
flsg29,parn palu,hl,+,,,
flsg29,peta para,hl,2b,,,
flsg29,phyt orbi,hl,r,,,
flsg29,pice abie,hl,1,,,
flsg29,pice abie,sl,4,,,
flsg29,pice abie,tl2,1,,,
flsg29,ping vulg,hl,+,,,
flsg29,plan lanc,hl,r,,,
flsg29,poly amar brac,hl,r,,,
flsg29,pote erec,hl,1,,,
flsg29,ranu nemo,hl,r,,,
flsg29,sali glab,hl,r,,,
flsg29,sali purp,tl2,1,,,
flsg29,thym prae poly,hl,+,,,
flsg29,tofi caly,hl,+,,,
flsg29,trif medi medi,hl,r,,,
flsg29,trif prat prat,hl,+,,,
flsg29,vero cham cham,hl,+,,,
flsg29,vero offi,hl,r,,,
flsg29,vero urti,hl,r,,,
flsg30,alnu inca,sl,r,,,
flsg30,bell mich,hl,+,,,
flsg30,cala vari,hl,1,,,
flsg30,camp coch,hl,1,,,
flsg30,care capi,hl,r,,,
flsg30,care flac,hl,1,,,
flsg30,care orni orni,hl,+,,,
flsg30,chlo stat,hl,+,,,
flsg30,dact macu slat,hl,r,,,
flsg30,epip atro,hl,+,,,
flsg30,eric carn,hl,+,,,
flsg30,frag vesc,hl,+,,,
flsg30,gali albu,hl,+,,,
flsg30,hier bifi,hl,1,,,
flsg30,hier muro,hl,+,,,
flsg30,hier prae ltum,hl,+,,,
flsg30,leon hisp hyos,hl,+,,,
flsg30,linu cath,hl,r,,,
flsg30,list ovat,hl,r,,,
flsg30,lotu corn,hl,+,,,
flsg30,mela sylv,hl,+,,,
flsg30,meli nuta,hl,+,,,
flsg30,moli caer aggr,hl,r,,,
flsg30,mone unif,hl,+,,,
flsg30,peta para,hl,2a,,,
flsg30,phyt orbi,hl,+,,,
flsg30,pice abie,hl,1,,,
flsg30,pice abie,sl,5,,,
flsg30,pinu mugo,hl,r,,,
flsg30,pote erec,hl,+,,,
flsg30,ranu nemo,hl,+,,,
flsg30,sali appe,hl,+,,,
flsg30,sali appe,sl,r,,,
flsg30,sali capr,hl,r,,,
flsg30,sali purp,hl,r,,,
flsg30,sali purp,sl,r,,,
flsg30,tofi caly,hl,r,,,
flsg30,trif prat prat,hl,+,,,
flsg30,vero cham cham,hl,+,,,
flsg30,vero offi,hl,r,,,
flsg30,vero urti,hl,r,,,
flsg31,abie alba,hl,r,,,
flsg31,acer pseu,hl,r,,,
flsg31,alnu inca,hl,2a,,,
flsg31,alnu inca,sl,1,,,
flsg31,anth vuln alpi,hl,r,,,
flsg31,aspl viri,hl,r,,,
flsg31,bell mich,hl,+,,,
flsg31,betu pend,hl,r,,,
flsg31,cala vari,hl,2a,,,
flsg31,camp coch,hl,1,,,
flsg31,card defl viri,hl,+,,,
flsg31,care brac,hl,r,,,
flsg31,care capi,hl,r,,,
flsg31,care flac,hl,+,,,
flsg31,care orni elon,hl,+,,,
flsg31,care orni orni,hl,+,,,
flsg31,chlo stat,hl,+,,,
flsg31,crep alpe,hl,r,,,
flsg31,dact maja maja,hl,r,,,
flsg31,drya octo,hl,+,,,
flsg31,epip atro,hl,+,,,
flsg31,gali albu,hl,+,,,
flsg31,gali anis,hl,+,,,
flsg31,gymn cono cono,hl,r,,,
flsg31,gymn robe,hl,+,,,
flsg31,gyps repe,hl,+,,,
flsg31,hier bifi,hl,1,,,
flsg31,kern saxa,hl,r,,,
flsg31,leon hisp hisp,hl,+,,,
flsg31,mela sylv,hl,+,,,
flsg31,meli nuta,hl,+,,,
flsg31,moli caer aggr,hl,+,,,
flsg31,mone unif,hl,r,,,
flsg31,orob flav,hl,r,,,
flsg31,parn palu,hl,+,,,
flsg31,peta para,hl,2a,,,
flsg31,pice abie,hl,2a,,?,
flsg31,pice abie,sl,2b,,?,
flsg31,pice abie,tl2,r,,?,
flsg31,ping vulg,hl,+,,,
flsg31,pinu sylv,hl,r,,,
flsg31,poly amar brac,hl,+,,,
flsg31,ranu acri acri,hl,r,,,
flsg31,ranu nemo,hl,+,,,
flsg31,rhod hirs,hl,r,,,
flsg31,sali capr,hl,r,,,
flsg31,sali elea elea,hl,+,,,
flsg31,sali glab,hl,+,,,
flsg31,sali myrs,hl,r,,,
flsg31,sali purp,hl,+,,,
flsg31,sali purp,sl,+,,,
flsg31,saxi caes,hl,+,,,
flsg31,thym prae poly,hl,+,,,
flsg31,tofi caly,hl,1,,,
flsg31,trif prat prat,hl,r,,,
flsg32,alnu inca,sl,1,,,
flsg32,alnu inca,hl,r,,,
flsg32,cala vari,hl,2b,,,
flsg32,camp coch,hl,+,,,
flsg32,care firm,hl,r,,,
flsg32,care orni orni,hl,+,,,
flsg32,chlo stat,hl,1,,,
flsg32,heli numm glab,hl,r,,,
flsg32,hier bifi,hl,1,,,
flsg32,hier prae ltum,hl,r,,,
flsg32,lari deci deci,hl,r,,,
flsg32,parn palu,hl,+,,,
flsg32,peta para,hl,2a,,,
flsg32,pice abie,hl,1,,,
flsg32,ping vulg,hl,+,,,
flsg32,pinu sylv,hl,r,,,
flsg32,pinu sylv,sl,r,,,
flsg32,poly amar brac,hl,+,,,
flsg32,pote erec,hl,+,,,
flsg32,sali appe,hl,r,,,
flsg32,sali elea elea,hl,r,,,
flsg32,sali glab,hl,+,,,
flsg32,sali purp,hl,r,,,
flsg32,saxi aizo,hl,r,,,
flsg32,sesl caer,hl,r,,,
flsg32,thym prae poly,hl,+,,,
flsg32,tofi caly,hl,1,,,
flsg32,vale mont,hl,r,,,
flsg33,achi mill aggr,hl,r,,,
flsg33,agro capi,hl,+,,,
flsg33,alch spec ies,hl,r,,,
flsg33,cala vari,hl,1,,,
flsg33,camp coch,hl,+,,,
flsg33,care capi,hl,1,,,
flsg33,care cary,hl,+,,,
flsg33,care flac,hl,1,,,
flsg33,care orni orni,hl,+,,,
flsg33,carl acau acau,hl,r,,,
flsg33,desc cesp,hl,1,,,
flsg33,fest rubr rubr,hl,1,,,
flsg33,frag vesc,hl,+,,,
flsg33,gali albu,hl,r,,,
flsg33,hier pilo ides,hl,+,,,
flsg33,hier prae ltum,hl,r,,,
flsg33,leon hisp hisp,hl,1,,,
flsg33,leon hisp hyos,hl,2a,,,
flsg33,linu cath,hl,+,,,
flsg33,lotu corn,hl,+,,,
flsg33,parn palu,hl,r,,,
flsg33,peta para,hl,+,,,
flsg33,pinu sylv,hl,r,,,
flsg33,plan lanc,hl,+,,,
flsg33,poa prat,hl,+,,,
flsg33,poly amar brac,hl,+,,,
flsg33,pote erec,hl,+,,,
flsg33,prun vulg,hl,r,,,
flsg33,sali capr,hl,r,,,
flsg33,sali purp,hl,+,,,
flsg33,saxi aizo,hl,r,,,
flsg33,soli cana,hl,+,,,
flsg33,thym prae poly,hl,1,,,
flsg33,tofi caly,hl,+,,,
flsg34,ajug rept,hl,+,,,
flsg34,ange sylv sylv,hl,r,,,
flsg34,betu pend,hl,r,,,
flsg34,betu pend,sl,1,,,
flsg34,betu pend,tl2,1,,,
flsg34,cala vari,hl,3,,,
flsg34,care orni orni,hl,+,,,
flsg34,chlo stat,hl,+,,,
flsg34,cirs palu,hl,r,,,
flsg34,epip atro,hl,r,,,
flsg34,eric carn,hl,2a,,,
flsg34,fest prat prat,hl,r,,,
flsg34,frag vesc,hl,+,,,
flsg34,gali albu,hl,+,,,
flsg34,hype perf,hl,r,,,
flsg34,juni comm comm,sl,r,,,
flsg34,list ovat,hl,r,,,
flsg34,loni caer caer,hl,r,,,
flsg34,loni caer caer,sl,r,,,
flsg34,lotu corn,hl,1,,,
flsg34,medi lupu,hl,r,,,
flsg34,meli nuta,hl,+,,,
flsg34,peta para,hl,2a,,,
flsg34,pice abie,sl,2b,,,
flsg34,pice abie,tl2,3,,,
flsg34,pinu sylv,sl,r,,,
flsg34,pinu sylv,tl2,1,,,
flsg34,plan lanc,hl,r,,,
flsg34,pote erec,hl,1,,,
flsg34,rhin alec alec,hl,r,,,
flsg34,sali appe,sl,+,,,
flsg34,sali capr,hl,r,,,
flsg34,sali capr,sl,1,,,
flsg34,sali capr,tl2,2b,,,
flsg34,sali myrs,hl,r,,,
flsg34,sali myrs,sl,+,,,
flsg34,sali tria slat,tl2,1,,,
flsg34,tara sect rude,hl,r,,,
flsg34,vale mont,hl,+,,,
flsg34,vale offi tenu,hl,+,,,
flsg34,vici crac,hl,+,,,
flsg34,viol rivi,hl,+,,,
flsg35,acer pseu,hl,r,,,
flsg35,acer pseu,tl1,+,,,
flsg35,acon nape slat,hl,r,,,
flsg35,aden alpi,hl,+,,,
flsg35,ajug rept,hl,+,,,
flsg35,alnu inca,tl2,2a,,,
flsg35,anth odor,hl,+,,,
flsg35,aqui atra,hl,r,,,
flsg35,aspl viri,hl,r,,,
flsg35,bell mich,hl,+,,,
flsg35,betu pend,tl2,+,,,
flsg35,cala vari,hl,2a,,,
flsg35,camp coch,hl,r,,,
flsg35,care alba,hl,2a,,,
flsg35,care capi,hl,r,,,
flsg35,care digi,hl,+,,,
flsg35,care flac,hl,1,,,
flsg35,care orni elon,hl,+,,,
flsg35,care orni orni,hl,+,,,
flsg35,care pall,hl,r,,,
flsg35,care sylv,hl,1,,,
flsg35,ceph long,hl,r,,,
flsg35,cirs hete,hl,+,,,
flsg35,cirs palu,hl,r,,,
flsg35,clem alpi,hl,r,,,
flsg35,cyno cris,hl,+,,,
flsg35,dact glom glom,hl,+,,,
flsg35,daph meze,hl,r,,,
flsg35,desc cesp,hl,+,,,
flsg35,dryo fili,hl,r,,,
flsg35,epip atro,hl,r,,,
flsg35,eric carn,hl,+,,,
flsg35,fest rubr rubr,hl,1,,,
flsg35,fili ulma,hl,r,,,
flsg35,frag vesc,hl,1,,,
flsg35,gale flav,hl,r,,,
flsg35,gali albu,hl,+,,,
flsg35,gera robe,hl,r,,,
flsg35,geum riva,hl,r,,,
flsg35,gymn robe,hl,+,,,
flsg35,hier muro,hl,+,,,
flsg35,hier prae ltum,hl,r,,,
flsg35,homo alpi,hl,r,,,
flsg35,knau maxi,hl,+,,,
flsg35,lili mart,hl,r,,,
flsg35,linu cath,hl,+,,,
flsg35,list ovat,hl,+,,,
flsg35,loni alpi,hl,r,,,
flsg35,loni caer caer,hl,+,,,
flsg35,loni xylo,hl,+,,,
flsg35,lysi nemo,hl,1,,,
flsg35,maia bifo,hl,1,,,
flsg35,mela sylv,hl,2m,,,
flsg35,meli nuta,hl,1,,,
flsg35,merc pere,hl,r,,,
flsg35,mone unif,hl,r,,,
flsg35,orth secu,hl,r,,,
flsg35,oxal acet,hl,1,,,
flsg35,pari quad,hl,+,,,
flsg35,phyt orbi,hl,+,,,
flsg35,pice abie,hl,+,,,
flsg35,pice abie,sl,+,,,
flsg35,pice abie,tl1,3,,,
flsg35,pice abie,tl2,2b,,,
flsg35,pimp majo majo,hl,r,,,
flsg35,plan lanc,hl,+,,,
flsg35,poa nemo,hl,+,,,
flsg35,poa prat,hl,+,,,
flsg35,poly acul,hl,r,,,
flsg35,poly cham,hl,+,,,
flsg35,prim elat,hl,r,,,
flsg35,prun vulg,hl,+,,,
flsg35,pyro rotu,hl,+,,,
flsg35,ranu mont,hl,+,,,
flsg35,ranu nemo,hl,+,,,
flsg35,ranu repe,hl,r,,,
flsg35,rosa pend,hl,r,,,
flsg35,rubu saxa,hl,r,,,
flsg35,sali capr,tl2,+,,,
flsg35,sali elea elea,hl,+,,,
flsg35,sali elea elea,sl,+,,,
flsg35,sali elea elea,tl2,1,,,
flsg35,sali myrs,sl,1,,,
flsg35,sene ovat ovat,hl,+,,,
flsg35,sesl caer,hl,+,,,
flsg35,sorb aucu aucu,hl,r,,,
flsg35,tara sect rude,hl,+,,,
flsg35,tuss farf,hl,+,,,
flsg35,vale mont,hl,r,,,
flsg35,vale offi slat,hl,r,,,
flsg35,vale trip,hl,r,,,
flsg35,vero cham cham,hl,+,,,
flsg35,viol bifl,hl,2a,,,
flsg36,acer pseu,hl,r,,,
flsg36,acer pseu,sl,r,,,
flsg36,acta spic,hl,r,,,
flsg36,aden alpi,hl,+,,,
flsg36,ante dioi,hl,1,,,
flsg36,bell mich,hl,1,,,
flsg36,betu pend,sl,r,,,
flsg36,betu pend,tl2,r,,,
flsg36,cala vari,hl,2a,,,
flsg36,camp coch,hl,+,,,
flsg36,card defl viri,hl,+,,,
flsg36,care capi,hl,+,,,
flsg36,care flac,hl,1,,,
flsg36,care orni orni,hl,+,,,
flsg36,care sylv,hl,+,,,
flsg36,carl acau acau,hl,+,,,
flsg36,chae hirs,hl,r,,,
flsg36,chlo stat,hl,+,,,
flsg36,cirs palu,hl,+,,,
flsg36,crep alpe,hl,1,,,
flsg36,cypr calc,hl,1,,,
flsg36,dact macu slat,hl,r,,,
flsg36,daph meze,hl,r,,,
flsg36,drya octo,hl,2a,,,
flsg36,epip atro,hl,+,,,
flsg36,epip palu,hl,+,,,
flsg36,eric carn,hl,2b,,,
flsg36,fest rubr rubr,hl,+,,,
flsg36,frag vesc,hl,+,,,
flsg36,gali albu,hl,+,,,
flsg36,gali anis,hl,r,,,
flsg36,gymn cono cono,hl,+,,cf.,
flsg36,gymn odor,hl,r,,cf.,
flsg36,heli numm glab,hl,+,,,
flsg36,hier bifi,hl,1,,,
flsg36,hier prae ltum,hl,+,,,
flsg36,hipp como,hl,+,,,
flsg36,lari deci deci,sl,r,,,
flsg36,lari deci deci,tl2,+,,,
flsg36,leon hisp hisp,hl,+,,,
flsg36,leon hisp hyos,hl,+,,,
flsg36,list ovat,hl,1,,,
flsg36,lotu corn,hl,+,,,
flsg36,mela sylv,hl,+,,,
flsg36,meli nuta,hl,1,,,
flsg36,orth secu,hl,+,,,
flsg36,pari quad,hl,+,,,
flsg36,parn palu,hl,+,,,
flsg36,peta para,hl,1,,,
flsg36,phyt orbi,hl,+,,,
flsg36,pice abie,hl,1,,,
flsg36,pice abie,sl,3,,,
flsg36,pice abie,tl2,2a,,,
flsg36,pimp majo majo,hl,r,,,
flsg36,plan lanc,hl,r,,,
flsg36,plat bifo,hl,r,,,
flsg36,poa prat,hl,+,,,
flsg36,poly amar brac,hl,+,,,
flsg36,poly amar ella,hl,+,,,
flsg36,poly cham,hl,+,,,
flsg36,pote erec,hl,1,,,
flsg36,prim clus,hl,r,,,
flsg36,prun vulg,hl,+,,,
flsg36,pyro rotu,hl,1,,cf.,
flsg36,ranu mont,hl,+,,,
flsg36,ranu nemo,hl,+,,,
flsg36,rubu saxa,hl,+,,,
flsg36,sali daph daph,tl2,r,,,
flsg36,sali elea elea,sl,1,,,
flsg36,sali elea elea,tl2,2b,,,
flsg36,sali myrs,hl,r,,,
flsg36,sali myrs,sl,1,,,
flsg36,sali purp,sl,1,,,
flsg36,sali purp,tl2,1,,,
flsg36,sene ovat ovat,hl,+,,,
flsg36,sesl caer,hl,+,,,
flsg36,thym prae poly,hl,+,,,
flsg36,tofi caly,hl,1,,,
flsg36,trif prat prat,hl,+,,,
flsg36,vale mont,hl,+,,,
flsg36,vale trip,hl,+,,,
flsg36,viol hirt,hl,+,,,
flsg36,viol reic,hl,+,,,
