plot,abbr,layer,cov,voucher,determined,history
ri01a,achi mill aggr,hl,1,,,
ri01a,ajug rept,hl,1,,,
ri01a,anth odor,hl,1,,,
ri01a,care sylv,hl,+,,,
ri01a,caru carv,hl,1,,,
ri01a,cent jace jace,hl,1,,,
ri01a,cera holo,hl,+,,,
ri01a,colc autu,hl,+,,,
ri01a,crep bien,hl,+,,,
ri01a,cyno cris,hl,+,,,
ri01a,dact glom glom,hl,2a,,, | Changed dact glom To dact glom glom 2012-11-27 14:27:55
ri01a,fest prat prat,hl,2a,,,
ri01a,fest rubr rubr,hl,+,,,
ri01a,gali albu,hl,1,,,
ri01a,glec hede,hl,+,,,
ri01a,hera spho spho,hl,+,,,
ri01a,holc lana,hl,1,,,
ri01a,knau arve arve,hl,+,,,
ri01a,leon hisp hisp,hl,+,,,
ri01a,leuc ircu,hl,1,,,
ri01a,lysi numm,hl,+,,,
ri01a,medi lupu,hl,+,,,
ri01a,pimp majo majo,hl,+,,, | Changed pimp majo To pimp majo majo 2012-11-27 14:27:55
ri01a,plan lanc,hl,+,,,
ri01a,plan medi,hl,+,,,
ri01a,poa prat,hl,+,,,
ri01a,poa triv,hl,1,,,
ri01a,prun vulg,hl,+,,,
ri01a,ranu acri acri,hl,1,,,
ri01a,ranu repe,hl,2a,,,
ri01a,tara sect rude,hl,+,,,
ri01a,trag orie,hl,+,,,
ri01a,trif prat prat,hl,2b,,,
ri01a,trif repe repe,hl,+,,,
ri01a,tris flav flav,hl,2a,,,
ri01a,vero cham cham,hl,+,,,
ri01a,vici crac,hl,1,,,
ri01b,achi mill aggr,hl,2b,,,
ri01b,agro stol,hl,+,,,
ri01b,bell pere,hl,+,,,
ri01b,caru carv,hl,+,,,
ri01b,cera holo,hl,2m,,,
ri01b,dact glom glom,hl,3,,, | Changed dact glom To dact glom glom 2012-11-27 14:27:55
ri01b,elyt repe,hl,+,,, | Changed elym repe To elyt repe 2012-11-27 14:27:55
ri01b,fest prat prat,hl,1,,,
ri01b,gali albu,hl,+,,,
ri01b,leon hisp hisp,hl,+,,,
ri01b,medi lupu,hl,2m,,,
ri01b,phal arun,hl,1,,,
ri01b,plan lanc,hl,1,,,
ri01b,poa annu,hl,+,,,
ri01b,poa triv,hl,2b,,,
ri01b,prun vulg,hl,+,,,
ri01b,ranu repe,hl,1,,,
ri01b,symp offi,hl,+,,,
ri01b,tara sect rude,hl,1,,,
ri01b,trif prat prat,hl,1,,,
ri01b,trif repe repe,hl,3,,,
ri01b,tris flav flav,hl,2a,,,
ri01b,vero fili,hl,+,,,
ri01b,vici crac,hl,1,,,
ri02a,aego poda,hl,1,,,
ri02a,ange sylv sylv,hl,+,,,
ri02a,cala epig,hl,+,,,
ri02a,caly sepi,hl,+,,,
ri02a,cirs arve,hl,+,,,
ri02a,cirs oler,hl,+,,,
ri02a,clem vita,hl,+,,,
ri02a,dact glom glom,hl,+,,, | Changed dact glom To dact glom glom 2012-11-27 14:27:55
ri02a,fili ulma ulma,hl,+,,,
ri02a,frax exce,hl,+,,,
ri02a,gale mont,hl,1,,,
ri02a,gali apar,hl,2a,,,
ri02a,geum urba,hl,+,,,
ri02a,glec hede,hl,+,,,
ri02a,humu lupu,hl,+,,,
ri02a,impa glan,hl,1,,,
ri02a,peta hybr,hl,r,,,
ri02a,phal arun,hl,2b,,,
ri02a,poa triv,hl,2a,,,
ri02a,rubu caes,hl,+,,,
ri02a,symp offi,hl,1,,,
ri02a,urti dioi dioi,hl,4,,, | Changed urti dioi To urti dioi dioi 2012-11-27 14:27:55
ri02a,vici sepi,hl,+,,,
ri02a,frax exce,sl,+,,,
ri02a,humu lupu,sl,+,,,
ri02a,pice abie,sl,2b,,,
ri03a,acer pseu,hl,+,,,
ri03a,aego poda,hl,+,,,
ri03a,ange sylv sylv,hl,+,,,
ri03a,astr majo,hl,+,,,
ri03a,caly sepi,hl,+,,,
ri03a,care acut rmis,hl,1,,, | Changed care acut To care acut rmis 2012-11-27 14:27:55
ri03a,cent jace jace,hl,1,,,
ri03a,chae hirs,hl,+,,,
ri03a,cirs arve,hl,1,,,
ri03a,cirs oler,hl,2b,,,
ri03a,colc autu,hl,+,,,
ri03a,dact glom glom,hl,2b,,, | Changed dact glom To dact glom glom 2012-11-27 14:27:55
ri03a,euph dulc,hl,+,,,
ri03a,fest prat prat,hl,+,,,
ri03a,fili ulma ulma,hl,1,,,
ri03a,gali albu,hl,+,,,
ri03a,hera spho spho,hl,+,,,
ri03a,hype macu,hl,+,,,
ri03a,lath prat prat,hl,+,,, | Changed lath prat To lath prat prat 2012-11-27 14:27:55
ri03a,lysi vulg,hl,+,,,
ri03a,phal arun,hl,2a,,,
ri03a,poa prat,hl,+,,,
ri03a,poa triv,hl,+,,,
ri03a,rubu caes,hl,1,,,
ri03a,soli giga,hl,2a,,,
ri03a,symp offi,hl,2b,,,
ri03a,tara sect rude,hl,1,,,
ri03a,urti dioi dioi,hl,+,,, | Changed urti dioi To urti dioi dioi 2012-11-27 14:27:55
ri03a,vici crac,hl,1,,,
ri03a,acer plat,sl,1,,,
ri03a,alnu glut,sl,2a,,,
ri03a,frax exce,sl,2b,,,
ri04a,acer pseu,hl,+,,,
ri04a,aego poda,hl,3,,,
ri04a,alli ursi ursi,hl,1,,, | Changed alli ursi To alli ursi ursi 2012-11-27 14:27:55
ri04a,anem nemo,hl,1,,,
ri04a,anem ranu,hl,1,,,
ri04a,ange sylv sylv,hl,+,,,
ri04a,care acut rmis,hl,1,,, | Changed care acut To care acut rmis 2012-11-27 14:27:55
ri04a,chae hirs,hl,+,,,
ri04a,corn sang slat,hl,+,,,
ri04a,desc cesp,hl,1,,,
ri04a,equi arve,hl,+,,,
ri04a,fest giga,hl,1,,,
ri04a,fica vern vern,hl,1,,, | Changed ranu fica To fica vern vern 2012-11-27 14:27:56
ri04a,fili ulma ulma,hl,1,,,
ri04a,frax exce,hl,+,,,
ri04a,gale mont,hl,2b,,,
ri04a,gali apar,hl,1,,,
ri04a,geum urba,hl,+,,,
ri04a,glec hede,hl,+,,,
ri04a,hera spho spho,hl,+,,,
ri04a,humu lupu,hl,+,,,
ri04a,impa glan,hl,1,,,
ri04a,lami macu,hl,+,,,
ri04a,loni xylo,hl,+,,,
ri04a,phal arun,hl,2a,,,
ri04a,prim elat,hl,1,,,
ri04a,prun padu padu,hl,+,,,
ri04a,ranu lanu,hl,+,,,
ri04a,rubu caes,hl,3,,,
ri04a,stac sylv,hl,1,,,
ri04a,stel nemo,hl,+,,,
ri04a,symp tube slat,hl,+,,, | Changed symp tube To symp tube slat 2012-11-27 14:27:56
ri04a,urti dioi dioi,hl,2b,,, | Changed urti dioi To urti dioi dioi 2012-11-27 14:27:55
ri04a,acer pseu,sl,+,,,
ri04a,alnu inca,sl,+,,,
ri04a,corn sang slat,sl,2a,,,
ri04a,euon euro,sl,+,,, | Changed evon euro To euon euro 2012-11-27 14:27:56
ri04a,frax exce,sl,1,,,
ri04a,humu lupu,sl,+,,,
ri04a,loni xylo,sl,+,,,
ri04a,prun padu padu,sl,1,,,
ri04a,sali purp,sl,+,,,
ri04a,samb nigr,sl,1,,,
ri04a,ulmu glab,sl,+,,,
ri04a,alnu inca,tl1,1,,,
ri04a,frax exce,tl1,2b,,,
ri04a,popu trem,tl1,1,,,
ri04a,sali alba,tl1,3,,,
ri04a,alnu inca,tl2,1,,,
ri04a,frax exce,tl2,2b,,,
ri04a,humu lupu,tl2,+,,,
ri04a,popu trem,tl2,1,,,
ri04a,prun padu padu,tl2,1,,,
ri04a,sali purp,tl2,+,,,
ri04a,ulmu glab,tl2,1,,,
ri05a,acer pseu,hl,+,,,
ri05a,aego poda,hl,1,,,
ri05a,alli ursi ursi,hl,1,,, | Changed alli ursi To alli ursi ursi 2012-11-27 14:27:55
ri05a,anem ranu,hl,2a,,,
ri05a,apos foet,hl,+,,,
ri05a,arum macu,hl,+,,,
ri05a,asar euro euro,hl,2b,,,
ri05a,astr majo,hl,+,,,
ri05a,brac sylv,hl,1,,,
ri05a,card pers pers,hl,+,,, | Changed card pers To card pers pers 2012-11-27 14:27:56
ri05a,care acut rmis,hl,1,,, | Changed care acut To care acut rmis 2012-11-27 14:27:55
ri05a,care sylv,hl,+,,,
ri05a,colc autu,hl,1,,,
ri05a,corn sang slat,hl,1,,,
ri05a,desc cesp,hl,1,,,
ri05a,euon euro,hl,1,,, | Changed evon euro To euon euro 2012-11-27 14:27:56
ri05a,fica vern vern,hl,+,,, | Changed ranu fica To fica vern vern 2012-11-27 14:27:56
ri05a,fili ulma slat,hl,1,,, | Changed fili ulma denu To fili ulma slat 2012-11-27 14:27:56
ri05a,fili ulma ulma,hl,1,,,
ri05a,frax exce,hl,+,,,
ri05a,gale mont,hl,1,,,
ri05a,gali apar,hl,+,,,
ri05a,glec hede,hl,+,,,
ri05a,hera spho spho,hl,+,,,
ri05a,humu lupu,hl,+,,,
ri05a,iris pseu,hl,+,,,
ri05a,pari quad,hl,+,,,
ri05a,phal arun,hl,1,,,
ri05a,phyt spic spic,hl,+,,,
ri05a,prim elat,hl,2a,,,
ri05a,prun padu padu,hl,+,,,
ri05a,pulm offi,hl,+,,,
ri05a,ranu lanu,hl,+,,,
ri05a,rubu caes,hl,3,,,
ri05a,samb nigr,hl,+,,,
ri05a,stac sylv,hl,1,,,
ri05a,symp tube slat,hl,2b,,, | Changed symp tube To symp tube slat 2012-11-27 14:27:56
ri05a,vale offi samb,hl,+,,,
ri05a,vibu opul,hl,1,,,
ri05a,acer pseu,sl,1,,,
ri05a,corn sang slat,sl,2a,,,
ri05a,euon euro,sl,2b,,, | Changed evon euro To euon euro 2012-11-27 14:27:56
ri05a,frax exce,sl,1,,,
ri05a,humu lupu,sl,+,,,
ri05a,loni xylo,sl,+,,,
ri05a,pice abie,sl,+,,,
ri05a,prun padu padu,sl,2a,,,
ri05a,samb nigr,sl,1,,,
ri05a,vibu opul,sl,2a,,,
ri05a,frax exce,tl1,5,,,
ri05a,acer pseu,tl2,2b,,,
ri05a,frax exce,tl2,2a,,,
ri05a,prun padu padu,tl2,1,,,
ri05b,aego poda,hl,2b,,,
ri05b,alli ursi ursi,hl,1,,, | Changed alli ursi To alli ursi ursi 2012-11-27 14:27:55
ri05b,anem nemo,hl,1,,,
ri05b,caly sepi,hl,+,,,
ri05b,care acut rmis,hl,+,,, | Changed care acut To care acut rmis 2012-11-27 14:27:55
ri05b,chae hirs,hl,+,,,
ri05b,cirs oler,hl,+,,,
ri05b,fest giga,hl,+,,,
ri05b,fica vern vern,hl,+,,, | Changed ranu fica To fica vern vern 2012-11-27 14:27:56
ri05b,gale mont,hl,1,,,
ri05b,gali apar,hl,1,,,
ri05b,geum urba,hl,+,,,
ri05b,glec hede,hl,1,,,
ri05b,impa glan,hl,1,,,
ri05b,impa noli,hl,+,,,
ri05b,jugl regi,hl,r,,,
ri05b,lami macu,hl,1,,,
ri05b,phal arun,hl,2b,,,
ri05b,rubu caes,hl,3,,,
ri05b,salv glut,hl,+,,,
ri05b,stac sylv,hl,1,,,
ri05b,stel nemo,hl,+,,,
ri05b,thal aqui,hl,+,,,
ri05b,ulmu glab,hl,+,,,
ri05b,urti dioi dioi,hl,+,,, | Changed urti dioi To urti dioi dioi 2012-11-27 14:27:55
ri05b,vibu opul,hl,+,,,
ri05b,euon euro,sl,2a,,, | Changed evon euro To euon euro 2012-11-27 14:27:56
ri05b,frax exce,sl,+,,,
ri05b,loni xylo,sl,1,,,
ri05b,prun padu padu,sl,2a,,,
ri05b,samb nigr,sl,3,,,
ri05b,vibu opul,sl,1,,,
ri05b,frax exce,tl1,4,,,
ri05b,popu cana,tl1,2b,,,
ri05b,quer robu,tl1,1,,,
ri05b,frax exce,tl2,1,,,
ri05b,prun padu padu,tl2,1,,,
ri06a,aego poda,hl,2a,,,
ri06a,alli ursi ursi,hl,1,,, | Changed alli ursi To alli ursi ursi 2012-11-27 14:27:55
ri06a,anem nemo,hl,1,,,
ri06a,asar euro euro,hl,1,,,
ri06a,brac sylv,hl,1,,,
ri06a,caly sepi,hl,+,,,
ri06a,care acut rmis,hl,+,,, | Changed care acut To care acut rmis 2012-11-27 14:27:55
ri06a,cirs arve,hl,+,,,
ri06a,colc autu,hl,1,,,
ri06a,dact glom glom,hl,1,,, | Changed dact glom To dact glom glom 2012-11-27 14:27:55
ri06a,euon euro,hl,+,,, | Changed evon euro To euon euro 2012-11-27 14:27:56
ri06a,fica vern vern,hl,2a,,, | Changed ranu fica To fica vern vern 2012-11-27 14:27:56
ri06a,fili ulma ulma,hl,3,,,
ri06a,gale mont,hl,2a,,,
ri06a,gali albu,hl,+,,,
ri06a,gali apar,hl,1,,,
ri06a,glec hede,hl,2b,,,
ri06a,hera spho spho,hl,+,,,
ri06a,impa glan,hl,2b,,,
ri06a,pari quad,hl,+,,,
ri06a,phal arun,hl,3,,,
ri06a,poa triv,hl,+,,,
ri06a,prim elat,hl,1,,,
ri06a,rubu caes,hl,2b,,,
ri06a,stel nemo,hl,2a,,,
ri06a,symp offi,hl,1,,,
ri06a,thal aqui,hl,+,,,
ri06a,thal luci,hl,+,,,
ri06a,urti dioi dioi,hl,+,,, | Changed urti dioi To urti dioi dioi 2012-11-27 14:27:55
ri06a,vale offi samb,hl,1,,,
ri06a,pice abie,sl,2a,,,
ri06a,samb nigr,sl,+,,,
ri06a,acer pseu,tl1,3,,,
ri06a,frax exce,tl1,3,,,
ri07a,aego poda,hl,2b,,,
ri07a,fica vern vern,hl,+,,, | Changed ranu fica To fica vern vern 2012-11-27 14:27:56
ri07a,gale mont,hl,1,,,
ri07a,gali apar,hl,3,,,
ri07a,impa glan,hl,2b,,,
ri07a,lami macu,hl,3,,,
ri07a,phal arun,hl,2b,,,
ri07a,rubu caes,hl,2b,,,
ri07a,samb nigr,hl,1,,,
ri07a,stac sylv,hl,1,,,
ri07a,urti dioi dioi,hl,3,,, | Changed urti dioi To urti dioi dioi 2012-11-27 14:27:55
ri07a,frax exce,sl,+,,,
ri07a,alnu inca,tl1,5,,,
ri09a,achi mill aggr,hl,+,,,
ri09a,aego poda,hl,+,,,
ri09a,agro capi,hl,+,,, | Changed agro tenu To agro capi 2012-11-27 14:27:56
ri09a,agro stol,hl,+,,,
ri09a,anth odor,hl,+,,,
ri09a,arrh elat,hl,+,,,
ri09a,astr glyc,hl,+,,,
ri09a,bell pere,hl,+,,,
ri09a,care acut a,hl,+,,, | Changed care grac To care acut a 2012-11-27 14:27:56
ri09a,care acut rmis,hl,+,,, | Changed care acut To care acut rmis 2012-11-27 14:27:55
ri09a,care hirt,hl,1,,,
ri09a,cent jace jace,hl,2a,,,
ri09a,cera holo,hl,+,,,
ri09a,cirs oler,hl,+,,,
ri09a,dact glom glom,hl,1,,, | Changed dact glom To dact glom glom 2012-11-27 14:27:55
ri09a,equi arve,hl,+,,,
ri09a,erig annu slat,hl,+,,,
ri09a,fest arun arun,hl,+,,,
ri09a,fest prat prat,hl,2a,,,
ri09a,fest rubr rubr,hl,+,,,
ri09a,frax exce,hl,+,,,
ri09a,hera spho spho,hl,1,,,
ri09a,holc lana,hl,1,,,
ri09a,lotu corn corn,hl,+,,,
ri09a,medi lupu,hl,+,,,
ri09a,ment long,hl,+,,,
ri09a,phal arun,hl,2a,,,
ri09a,plan lanc,hl,1,,,
ri09a,plan majo majo,hl,+,,,
ri09a,poa prat,hl,+,,,
ri09a,poa triv,hl,+,,,
ri09a,pote rept,hl,+,,,
ri09a,prun padu padu,hl,+,,,
ri09a,prun vulg,hl,1,,,
ri09a,ranu acri acri,hl,+,,,
ri09a,ranu repe,hl,1,,,
ri09a,tara sect rude,hl,1,,,
ri09a,trif prat prat,hl,2a,,,
ri09a,trif repe repe,hl,1,,,
ri09a,tris flav flav,hl,1,,,
ri09a,vici crac,hl,+,,,
ri09b,achi mill aggr,hl,1,,,
ri09b,agro capi,hl,+,,, | Changed agro tenu To agro capi 2012-11-27 14:27:56
ri09b,anth odor,hl,1,,,
ri09b,care acut rmis,hl,+,,, | Changed care acut To care acut rmis 2012-11-27 14:27:55
ri09b,care flac,hl,+,,,
ri09b,care hirt,hl,1,,,
ri09b,cent jace jace,hl,2b,,,
ri09b,cirs oler,hl,2a,,,
ri09b,dact glom glom,hl,2a,,, | Changed dact glom To dact glom glom 2012-11-27 14:27:55
ri09b,dauc caro caro,hl,+,,,
ri09b,fest prat prat,hl,2a,,,
ri09b,fest rubr rubr,hl,1,,,
ri09b,hera spho spho,hl,+,,,
ri09b,holc lana,hl,2a,,,
ri09b,lath prat prat,hl,+,,, | Changed lath prat To lath prat prat 2012-11-27 14:27:55
ri09b,leuc ircu,hl,+,,,
ri09b,lotu corn corn,hl,+,,,
ri09b,lysi numm,hl,1,,,
ri09b,medi lupu,hl,2m,,,
ri09b,pimp majo majo,hl,+,,, | Changed pimp majo To pimp majo majo 2012-11-27 14:27:55
ri09b,plan lanc,hl,1,,,
ri09b,poa triv,hl,1,,,
ri09b,pote rept,hl,+,,,
ri09b,prun vulg,hl,1,,,
ri09b,ranu acri acri,hl,2a,,,
ri09b,ranu repe,hl,2a,,,
ri09b,symp offi,hl,+,,,
ri09b,tara sect rude,hl,1,,,
ri09b,trif prat prat,hl,2b,,,
ri09b,trif repe repe,hl,2a,,,
ri09b,tris flav flav,hl,1,,,
ri09b,vici crac,hl,1,,,
ri10a,aego poda,hl,2a,,,
ri10a,alli ursi ursi,hl,2a,,, | Changed alli ursi To alli ursi ursi 2012-11-27 14:27:55
ri10a,arrh elat,hl,1,,,
ri10a,arum macu,hl,+,,,
ri10a,brac sylv,hl,1,,,
ri10a,caly sepi,hl,+,,,
ri10a,care acut rmis,hl,+,,, | Changed care acut To care acut rmis 2012-11-27 14:27:55
ri10a,cirs oler,hl,+,,,
ri10a,colc autu,hl,+,,,
ri10a,dact glom glom,hl,+,,, | Changed dact glom To dact glom glom 2012-11-27 14:27:55
ri10a,desc cesp,hl,+,,,
ri10a,euph dulc,hl,+,,,
ri10a,fest giga,hl,1,,,
ri10a,fica vern vern,hl,+,,, | Changed ranu fica To fica vern vern 2012-11-27 14:27:56
ri10a,fili ulma slat,hl,1,,, | Changed fili ulma denu To fili ulma slat 2012-11-27 14:27:56
ri10a,fili ulma ulma,hl,1,,,
ri10a,gale mont,hl,1,,,
ri10a,gale spec iosa,hl,+,,cf., | Changed gale spec To gale spec iosa 2012-11-27 14:27:56
ri10a,glec hede,hl,1,,,
ri10a,hesp matr matr,hl,+,,, | Changed hesp matr To hesp matr matr 2012-11-27 14:27:56
ri10a,impa glan,hl,1,,,
ri10a,iris pseu,hl,+,,,
ri10a,jugl regi,hl,r,,,
ri10a,pari quad,hl,1,,,
ri10a,phal arun,hl,2b,,,
ri10a,poa triv,hl,+,,,
ri10a,rubu caes,hl,4,,,
ri10a,stac sylv,hl,+,,,
ri10a,stel nemo,hl,+,,,
ri10a,thal aqui,hl,+,,,
ri10a,urti dioi dioi,hl,1,,, | Changed urti dioi To urti dioi dioi 2012-11-27 14:27:55
ri10a,vale offi samb,hl,+,,,
ri10a,acer pseu,sl,+,,,
ri10a,corn sang slat,sl,2a,,,
ri10a,euon euro,sl,2a,,, | Changed evon euro To euon euro 2012-11-27 14:27:56
ri10a,frax exce,sl,1,,,
ri10a,loni xylo,sl,1,,,
ri10a,prun padu padu,sl,1,,,
ri10a,samb nigr,sl,2b,,,
ri10a,vibu opul,sl,1,,,
ri10a,frax exce,tl1,5,,,
ri10a,acer pseu,tl2,1,,,
ri10a,frax exce,tl2,2b,,,
ri10a,prun padu padu,tl2,1,,,
ri11a,aego poda,hl,1,,,
ri11a,arrh elat,hl,1,,,
ri11a,caly sepi,hl,+,,,
ri11a,card pers pers,hl,+,,, | Changed card pers To card pers pers 2012-11-27 14:27:56
ri11a,cirs oler,hl,+,,,
ri11a,dact glom glom,hl,2a,,, | Changed dact glom To dact glom glom 2012-11-27 14:27:55
ri11a,gali albu,hl,+,,,
ri11a,gali apar,hl,1,,,
ri11a,hera spho spho,hl,2a,,,
ri11a,humu lupu,hl,+,,,
ri11a,impa glan,hl,2a,,,
ri11a,poa triv,hl,1,,,
ri11a,ranu acri acri,hl,+,,,
ri11a,scro nodo,hl,+,,,
ri11a,soli cana,hl,+,,,
ri11a,soli giga,hl,5,,,
ri11a,symp offi,hl,+,,,
ri11a,tris flav flav,hl,1,,,
ri11a,urti dioi dioi,hl,2a,,, | Changed urti dioi To urti dioi dioi 2012-11-27 14:27:55
ri11a,vici sepi,hl,+,,,
ri11a,frax exce,sl,2b,,,
ri11a,humu lupu,sl,+,,,
ri11a,sali alba,sl,1,,,
ri12a,achi mill aggr,hl,1,,,
ri12a,bell pere,hl,1,,,
ri12a,card prat aggr,hl,2m,,,
ri12a,cera holo,hl,+,,,
ri12a,dact glom glom,hl,3,,, | Changed dact glom To dact glom glom 2012-11-27 14:27:55
ri12a,fest prat prat,hl,3,,,
ri12a,loli mult,hl,2a,,,
ri12a,lotu corn corn,hl,+,,,
ri12a,plan lanc,hl,1,,,
ri12a,poa prat,hl,2b,,,
ri12a,poa triv,hl,2a,,,
ri12a,ranu acri acri,hl,+,,,
ri12a,ranu repe,hl,2b,,,
ri12a,rume acet osa,hl,+,,, | Changed rume acet To rume acet osa 2012-11-27 14:27:56
ri12a,tara sect rude,hl,2a,,,
ri12a,trif prat prat,hl,+,,,
ri12a,trif repe repe,hl,2a,,,
ri12b,bell pere,hl,1,,,
ri12b,caps burs,hl,+,,,
ri12b,card prat aggr,hl,+,,,
ri12b,cera holo,hl,2m,,,
ri12b,dact glom glom,hl,3,,, | Changed dact glom To dact glom glom 2012-11-27 14:27:55
ri12b,loli mult,hl,3,,,
ri12b,poa annu,hl,1,,,
ri12b,poa prat,hl,+,,,
ri12b,poa triv,hl,2b,,,
ri12b,ranu repe,hl,1,,,
ri12b,stel medi,hl,2m,voucher,,
ri12b,tara sect rude,hl,2a,,,
ri12b,trif repe repe,hl,2a,,,
ri12b,vero arve,hl,2m,,,
ri13a,acer pseu,hl,+,,,
ri13a,aego poda,hl,2a,,,
ri13a,alli ursi ursi,hl,2b,,, | Changed alli ursi To alli ursi ursi 2012-11-27 14:27:55
ri13a,alnu inca,hl,+,,,
ri13a,anem nemo,hl,1,,,
ri13a,ange sylv sylv,hl,+,,,
ri13a,arum macu,hl,+,,,
ri13a,asar euro euro,hl,1,,,
ri13a,astr majo,hl,+,,,
ri13a,brac sylv,hl,1,,,
ri13a,card pers pers,hl,+,,, | Changed card pers To card pers pers 2012-11-27 14:27:56
ri13a,care acut rmis,hl,+,,, | Changed care acut To care acut rmis 2012-11-27 14:27:55
ri13a,circ lute lute,hl,1,,, | Changed circ lute To circ lute lute 2012-11-27 14:27:56
ri13a,dact glom glom,hl,+,,, | Changed dact glom To dact glom glom 2012-11-27 14:27:55
ri13a,desc cesp,hl,+,,,
ri13a,fest giga,hl,+,,,
ri13a,fica vern vern,hl,2a,,, | Changed ranu fica To fica vern vern 2012-11-27 14:27:56
ri13a,fili ulma ulma,hl,1,,,
ri13a,frax exce,hl,+,,,
ri13a,gale mont,hl,2a,,,
ri13a,gale tetr,hl,+,,,
ri13a,gali apar,hl,2a,,,
ri13a,geum urba,hl,+,,,
ri13a,glec hede,hl,2a,,,
ri13a,humu lupu,hl,+,,,
ri13a,impa glan,hl,2a,,,
ri13a,iris pseu,hl,+,,,
ri13a,lami macu,hl,1,,,
ri13a,phal arun,hl,2a,,,
ri13a,poa triv,hl,+,,,
ri13a,prim elat,hl,1,,,
ri13a,prun padu padu,hl,+,,,
ri13a,rubu caes,hl,4,,,
ri13a,samb nigr,hl,+,,,
ri13a,stac sylv,hl,1,,,
ri13a,stel nemo,hl,1,,,
ri13a,symp tube slat,hl,2a,,, | Changed symp tube To symp tube slat 2012-11-27 14:27:56
ri13a,vale offi samb,hl,1,,,
ri13a,acer plat,sl,+,,,
ri13a,acer pseu,sl,+,,,
ri13a,frax exce,sl,+,,,
ri13a,humu lupu,sl,+,,,
ri13a,loni xylo,sl,1,,,
ri13a,prun padu padu,sl,2a,,,
ri13a,samb nigr,sl,2b,,,
ri13a,acer plat,tl1,+,,,
ri13a,acer pseu,tl1,4,,,
ri13a,alnu inca,tl1,1,,,
ri13a,frax exce,tl1,2a,,,
ri13b,acer pseu,hl,+,,,
ri13b,aego poda,hl,2b,,,
ri13b,alli ursi ursi,hl,3,,, | Changed alli ursi To alli ursi ursi 2012-11-27 14:27:55
ri13b,arum macu,hl,+,,,
ri13b,astr majo,hl,1,,,
ri13b,brac sylv,hl,1,,,
ri13b,care acut rmis,hl,+,,, | Changed care acut To care acut rmis 2012-11-27 14:27:55
ri13b,care sylv,hl,+,,,
ri13b,circ lute lute,hl,+,,, | Changed circ lute To circ lute lute 2012-11-27 14:27:56
ri13b,cirs oler,hl,+,,,
ri13b,corn sang slat,hl,+,,,
ri13b,desc cesp,hl,1,,,
ri13b,fica vern vern,hl,1,,, | Changed ranu fica To fica vern vern 2012-11-27 14:27:56
ri13b,fili ulma slat,hl,1,,, | Changed fili ulma denu To fili ulma slat 2012-11-27 14:27:56
ri13b,frax exce,hl,+,,,
ri13b,gale mont,hl,1,,,
ri13b,gali apar,hl,+,,,
ri13b,glec hede,hl,1,,,
ri13b,humu lupu,hl,+,,,
ri13b,impa glan,hl,+,,,
ri13b,impa noli,hl,+,,,
ri13b,iris pseu,hl,+,,,
ri13b,loni xylo,hl,2a,,,
ri13b,lysi numm,hl,+,,,
ri13b,pari quad,hl,+,,,
ri13b,phal arun,hl,+,,,
ri13b,poly vert,hl,+,,,
ri13b,prim elat,hl,2a,,,
ri13b,prun padu padu,hl,1,,,
ri13b,rubu caes,hl,3,,,
ri13b,salv glut,hl,+,,,
ri13b,stac sylv,hl,1,,,
ri13b,thal aqui,hl,+,,,
ri13b,ulmu glab,hl,+,,,
ri13b,urti dioi dioi,hl,+,,, | Changed urti dioi To urti dioi dioi 2012-11-27 14:27:55
ri13b,vale offi samb,hl,1,,,
ri13b,vibu lant,hl,+,,,
ri13b,vibu opul,hl,1,,,
ri13b,acer pseu,sl,+,,,
ri13b,corn sang slat,sl,1,,,
ri13b,frax exce,sl,+,,,
ri13b,humu lupu,sl,+,,,
ri13b,jugl regi,sl,+,,,
ri13b,loni xylo,sl,2b,,,
ri13b,pice abie,sl,+,,,
ri13b,prun padu padu,sl,3,,,
ri13b,samb nigr,sl,1,,,
ri13b,vibu lant,sl,+,,,
ri13b,vibu opul,sl,2a,,,
ri13b,frax exce,tl1,5,,,
ri13b,pice abie,tl1,+,,,
ri13b,frax exce,tl2,2a,,,
ri13b,pice abie,tl2,+,,,
ri13b,prun padu padu,tl2,1,,,
ri13b,ulmu glab,tl2,1,,,
ri13c,acer pseu,hl,+,,,
ri13c,aego poda,hl,2b,,,
ri13c,alli ursi ursi,hl,2b,,, | Changed alli ursi To alli ursi ursi 2012-11-27 14:27:55
ri13c,arum macu,hl,+,,,
ri13c,asar euro euro,hl,+,,,
ri13c,astr majo,hl,1,,,
ri13c,brac sylv,hl,1,,,
ri13c,care acut rmis,hl,1,,, | Changed care acut To care acut rmis 2012-11-27 14:27:55
ri13c,circ lute lute,hl,1,,, | Changed circ lute To circ lute lute 2012-11-27 14:27:56
ri13c,desc cesp,hl,1,,,
ri13c,fica vern vern,hl,2m,,, | Changed ranu fica To fica vern vern 2012-11-27 14:27:56
ri13c,fili ulma slat,hl,2a,,, | Changed fili ulma denu To fili ulma slat 2012-11-27 14:27:56
ri13c,fili ulma ulma,hl,+,,,
ri13c,gale mont,hl,2a,,,
ri13c,gali apar,hl,1,,,
ri13c,glec hede,hl,2a,,,
ri13c,loni xylo,hl,1,,,
ri13c,pari quad,hl,2a,,,
ri13c,phal arun,hl,1,,,
ri13c,prim elat,hl,2a,,,
ri13c,rubu caes,hl,3,,,
ri13c,salv glut,hl,+,,,
ri13c,samb nigr,hl,+,,,
ri13c,stac sylv,hl,1,,,
ri13c,thal aqui,hl,+,,,
ri13c,ulmu glab,hl,+,,,
ri13c,vale offi samb,hl,+,,,
ri13c,vibu opul,hl,1,,,
ri13c,acer pseu,sl,1,,,
ri13c,euon euro,sl,+,,, | Changed evon euro To euon euro 2012-11-27 14:27:56
ri13c,frax exce,sl,+,,,
ri13c,loni xylo,sl,2a,,,
ri13c,pice abie,sl,1,,,
ri13c,prun padu padu,sl,2a,,,
ri13c,samb nigr,sl,1,,,
ri13c,ulmu glab,sl,+,,,
ri13c,vibu opul,sl,1,,,
ri13c,frax exce,tl1,4,,,
ri13c,pice abie,tl1,1,,,
ri13c,prun aviu slat,tl1,1,,, | Changed prun aviu To prun aviu slat 2012-11-27 14:27:56
ri13c,tili cord,tl1,1,,,
ri13c,ulmu glab,tl1,1,,,
ri13c,acer pseu,tl2,2b,,,
ri13c,frax exce,tl2,1,,,
ri13c,pice abie,tl2,1,,,
ri13c,prun padu padu,tl2,2a,,,
ri13c,ulmu glab,tl2,+,,,
ri14a,aego poda,hl,1,,,
ri14a,ajug rept,hl,+,,,
ri14a,alli ursi ursi,hl,1,,, | Changed alli ursi To alli ursi ursi 2012-11-27 14:27:55
ri14a,ange sylv sylv,hl,+,,,
ri14a,anth sylv,hl,+,,,
ri14a,arrh elat,hl,+,,,
ri14a,astr majo,hl,+,,,
ri14a,brac sylv,hl,2a,,,
ri14a,cirs oler,hl,+,,,
ri14a,clem vita,hl,+,,,
ri14a,corn sang slat,hl,+,,,
ri14a,desc cesp,hl,1,,,
ri14a,dryo fili,hl,+,,,
ri14a,euon euro,hl,+,,, | Changed evon euro To euon euro 2012-11-27 14:27:56
ri14a,fili ulma ulma,hl,+,,,
ri14a,frax exce,hl,+,,,
ri14a,gale mont,hl,2a,,,
ri14a,gale tetr,hl,+,,,
ri14a,gali apar,hl,1,,cf.,
ri14a,geum urba,hl,+,,,
ri14a,glec hede,hl,3,,,
ri14a,hesp matr matr,hl,+,,, | Changed hesp matr To hesp matr matr 2012-11-27 14:27:56
ri14a,impa glan,hl,2b,,,
ri14a,jugl regi,hl,+,,,
ri14a,laps comm slat,hl,+,,, | Changed laps comm To laps comm slat 2012-11-27 14:27:56
ri14a,loni xylo,hl,1,,,
ri14a,lysi numm,hl,+,,,
ri14a,meli nuta,hl,+,,,
ri14a,pari quad,hl,+,,,
ri14a,phal arun,hl,1,,,
ri14a,prim elat,hl,1,,,
ri14a,prun padu padu,hl,1,,,
ri14a,quer robu,hl,+,,,
ri14a,ranu repe,hl,+,,,
ri14a,rubu caes,hl,1,,,
ri14a,samb nigr,hl,1,,,
ri14a,stel nemo,hl,+,,,
ri14a,tara sect rude,hl,+,,,
ri14a,thal aqui,hl,+,,,
ri14a,urti dioi dioi,hl,+,,, | Changed urti dioi To urti dioi dioi 2012-11-27 14:27:55
ri14a,vale offi samb,hl,+,,,
ri14a,vero spec ies,hl,1,,, | Changed vero spec To vero spec ies 2012-11-27 14:27:56
ri14a,vibu opul,hl,+,,,
ri14a,viol reic,hl,+,,,
ri14a,pice abie,sl,+,,,
ri14a,frax exce,tl1,1,,,
ri14a,pice abie,tl1,4,,,
ri15a,aego poda,hl,2a,,,
ri15a,brac sylv,hl,1,,,
ri15a,card pers pers,hl,1,,, | Changed card pers To card pers pers 2012-11-27 14:27:56
ri15a,care acut rmis,hl,+,,, | Changed care acut To care acut rmis 2012-11-27 14:27:55
ri15a,circ lute lute,hl,1,,, | Changed circ lute To circ lute lute 2012-11-27 14:27:56
ri15a,clem vita,hl,+,,,
ri15a,desc cesp,hl,1,,,
ri15a,fest giga,hl,+,,,
ri15a,gale mont,hl,2a,,,
ri15a,gali apar,hl,2a,,,
ri15a,glec hede,hl,+,,,
ri15a,humu lupu,hl,+,,,
ri15a,impa glan,hl,2a,,,
ri15a,impa parv,hl,1,,,
ri15a,loni xylo,hl,+,,,
ri15a,phal arun,hl,3,,,
ri15a,phra aust,hl,1,,,
ri15a,prun padu padu,hl,+,,,
ri15a,rubu caes,hl,4,,,
ri15a,urti dioi dioi,hl,2a,,, | Changed urti dioi To urti dioi dioi 2012-11-27 14:27:55
ri15a,clem vita,sl,+,,,
ri15a,euon euro,sl,1,,, | Changed evon euro To euon euro 2012-11-27 14:27:56
ri15a,frax exce,sl,+,,,
ri15a,humu lupu,sl,+,,,
ri15a,loni xylo,sl,2a,,,
ri15a,prun padu padu,sl,2b,,,
ri15a,samb nigr,sl,3,,,
ri15a,clem vita,tl1,+,,,
ri15a,frax exce,tl1,3,,,
ri15a,popu nigr,tl1,2b,,,
ri15a,prun padu padu,tl1,2a,,,
ri15a,alnu inca,tl2,2a,,,
ri15a,clem vita,tl2,+,,,
ri15a,euon euro,tl2,1,,, | Changed evon euro To euon euro 2012-11-27 14:27:56
ri15a,frax exce,tl2,1,,,
ri15a,humu lupu,tl2,+,,,
ri15a,popu nigr,tl2,1,,,
ri15a,prun padu padu,tl2,2a,,,
ri16a,acer pseu,hl,+,,,
ri16a,aego poda,hl,2a,,,
ri16a,arct minu,hl,+,,,
ri16a,arrh elat,hl,2a,,,
ri16a,brac sylv,hl,1,,,
ri16a,caly sepi,hl,+,,,
ri16a,card pers pers,hl,+,,, | Changed card pers To card pers pers 2012-11-27 14:27:56
ri16a,care acut rmis,hl,+,,, | Changed care acut To care acut rmis 2012-11-27 14:27:55
ri16a,cera holo,hl,+,,,
ri16a,chae hirs,hl,+,,,
ri16a,circ lute lute,hl,+,,, | Changed circ lute To circ lute lute 2012-11-27 14:27:56
ri16a,corn sang slat,hl,+,,,
ri16a,dact glom glom,hl,2a,,, | Changed dact glom To dact glom glom 2012-11-27 14:27:55
ri16a,fica vern vern,hl,1,,, | Changed ranu fica To fica vern vern 2012-11-27 14:27:56
ri16a,fili ulma ulma,hl,1,,,
ri16a,gale mont,hl,1,,,
ri16a,gali apar,hl,+,,,
ri16a,geum riva,hl,+,,,
ri16a,geum urba,hl,+,,,
ri16a,glec hede,hl,+,,,
ri16a,humu lupu,hl,+,,,
ri16a,impa glan,hl,1,,,
ri16a,impa noli,hl,+,,,
ri16a,lysi numm,hl,+,,,
ri16a,phal arun,hl,1,,,
ri16a,poa triv,hl,1,,,
ri16a,prun padu padu,hl,+,,,
ri16a,ranu acri acri,hl,1,,,
ri16a,ranu repe,hl,1,,,
ri16a,rubu caes,hl,1,,,
ri16a,scro nodo,hl,+,,,
ri16a,sile dioi,hl,1,,,
ri16a,soli giga,hl,+,,,
ri16a,symp offi,hl,1,,,
ri16a,symp tube slat,hl,1,,, | Changed symp tube To symp tube slat 2012-11-27 14:27:56
ri16a,tara sect rude,hl,+,,,
ri16a,thal aqui,hl,1,,,
ri16a,urti dioi dioi,hl,1,,, | Changed urti dioi To urti dioi dioi 2012-11-27 14:27:55
ri16a,vale offi samb,hl,1,,,
ri16a,vero cham cham,hl,+,,,
ri16a,vici sepi,hl,+,,,
ri16a,alnu inca,sl,+,,,
ri16a,corn sang slat,sl,2a,,,
ri16a,euon euro,sl,1,,, | Changed evon euro To euon euro 2012-11-27 14:27:56
ri16a,humu lupu,sl,+,,,
ri16a,loni xylo,sl,+,,,
ri16a,prun padu padu,sl,2b,,,
ri16a,sali myrs,sl,2a,,,
ri16a,samb nigr,sl,1,,,
ri16a,frax exce,tl1,2a,,,
ri16a,sali alba,tl1,3,,,
ri16a,alnu inca,tl2,2a,,,
ri16a,frax exce,tl2,2b,,,
ri16a,prun padu padu,tl2,1,,,
ri16a,sali frag,tl2,+,,,
ri17a,acer pseu,hl,+,,,
ri17a,aego poda,hl,2b,,,
ri17a,alli peti,hl,+,,,
ri17a,asar euro euro,hl,+,,,
ri17a,brac sylv,hl,1,,,
ri17a,card pers pers,hl,1,,, | Changed card pers To card pers pers 2012-11-27 14:27:56
ri17a,care acut rmis,hl,+,,, | Changed care acut To care acut rmis 2012-11-27 14:27:55
ri17a,chae hirs,hl,+,,,
ri17a,chel maju,hl,1,,,
ri17a,chry alte,hl,+,,,
ri17a,circ lute lute,hl,+,,, | Changed circ lute To circ lute lute 2012-11-27 14:27:56
ri17a,desc cesp,hl,+,,,
ri17a,equi arve,hl,1,,,
ri17a,fest giga,hl,+,,,
ri17a,frax exce,hl,+,,,
ri17a,gale mont,hl,2b,,,
ri17a,gali apar,hl,2a,,,
ri17a,glec hede,hl,1,,,
ri17a,hera spho spho,hl,+,,,
ri17a,hesp matr matr,hl,2b,,, | Changed hesp matr To hesp matr matr 2012-11-27 14:27:56
ri17a,humu lupu,hl,+,,,
ri17a,impa glan,hl,+,,,
ri17a,impa parv,hl,+,,,
ri17a,lami macu,hl,1,,,
ri17a,loni xylo,hl,+,,,
ri17a,phal arun,hl,+,,,
ri17a,prun padu padu,hl,+,,,
ri17a,ranu lanu,hl,+,,,
ri17a,ribe nigr,hl,r,,,
ri17a,rubu caes,hl,3,,,
ri17a,samb nigr,hl,+,,,
ri17a,soli giga,hl,+,,,
ri17a,stac sylv,hl,1,,,
ri17a,symp tube slat,hl,+,,, | Changed symp tube To symp tube slat 2012-11-27 14:27:56
ri17a,urti dioi dioi,hl,1,,, | Changed urti dioi To urti dioi dioi 2012-11-27 14:27:55
ri17a,acer plat,sl,+,,,
ri17a,acer pseu,sl,+,,,
ri17a,corn sang slat,sl,+,,,
ri17a,euon euro,sl,1,,, | Changed evon euro To euon euro 2012-11-27 14:27:56
ri17a,frax exce,sl,+,,,
ri17a,humu lupu,sl,+,,,
ri17a,loni xylo,sl,1,,,
ri17a,prun padu padu,sl,2a,,,
ri17a,samb nigr,sl,2b,,,
ri17a,acer plat,tl1,1,,,
ri17a,acer pseu,tl1,4,,,
ri17a,frax exce,tl1,2b,,,
ri17b,acer pseu,hl,+,,,
ri17b,aego poda,hl,2a,,,
ri17b,alli peti,hl,1,,,
ri17b,anem nemo,hl,+,,,
ri17b,ange sylv sylv,hl,1,,,
ri17b,brac sylv,hl,1,,,
ri17b,card pers pers,hl,1,,, | Changed card pers To card pers pers 2012-11-27 14:27:56
ri17b,clem vita,hl,1,,,
ri17b,corn sang slat,hl,2a,,,
ri17b,dact glom glom,hl,+,,, | Changed dact glom To dact glom glom 2012-11-27 14:27:55
ri17b,desc cesp,hl,1,,,
ri17b,equi arve,hl,+,,,
ri17b,equi hyem,hl,1,,,
ri17b,euon euro,hl,+,,, | Changed evon euro To euon euro 2012-11-27 14:27:56
ri17b,gali apar,hl,1,,,
ri17b,impa noli,hl,2a,,,
ri17b,loni xylo,hl,+,,,
ri17b,part inse,hl,2b,,,
ri17b,phal arun,hl,+,,,
ri17b,prun padu padu,hl,1,,,
ri17b,quer robu,hl,+,,,
ri17b,rubu caes,hl,2a,,,
ri17b,samb nigr,hl,1,,,
ri17b,soli giga,hl,1,,,
ri17b,stac sylv,hl,1,,,
ri17b,symp offi,hl,+,,,
ri17b,urti dioi dioi,hl,1,,, | Changed urti dioi To urti dioi dioi 2012-11-27 14:27:55
ri17b,vibu opul,hl,2a,,,
ri17b,acer pseu,sl,+,,,
ri17b,alnu inca,sl,+,,,
ri17b,clem vita,sl,+,,,
ri17b,corn sang slat,sl,3,,,
ri17b,frax exce,sl,1,,,
ri17b,loni xylo,sl,1,,,
ri17b,part inse,sl,1,,,
ri17b,prun padu padu,sl,2b,,,
ri17b,sali alba,sl,1,,,
ri17b,sali capr,sl,+,,,
ri17b,sali frag,sl,+,,,
ri17b,sali myrs,sl,1,,,
ri17b,samb nigr,sl,2a,,,
ri17b,tili cord,sl,1,,,
ri17b,vibu opul,sl,2a,,,
ri17b,acer pseu,tl1,2a,,,
ri17b,alnu inca,tl1,1,,,
ri17b,frax exce,tl1,2b,,,
ri17b,part inse,tl1,+,,,
ri17b,sali alba,tl1,3,,,
ri17b,sali capr,tl1,1,,,
ri17b,sali frag,tl1,1,,,
ri18a,acer pseu,hl,+,,,
ri18a,aego poda,hl,2a,,,
ri18a,alli peti,hl,2a,,,
ri18a,alli ursi ursi,hl,+,,, | Changed alli ursi To alli ursi ursi 2012-11-27 14:27:55
ri18a,anem nemo,hl,+,,,
ri18a,brac sylv,hl,1,,,
ri18a,card impa,hl,+,,,
ri18a,card pers pers,hl,+,,, | Changed card pers To card pers pers 2012-11-27 14:27:56
ri18a,care acut a,hl,r,,, | Changed care grac To care acut a 2012-11-27 14:27:56
ri18a,care remo remo,hl,+,,, | Changed care remo To care remo remo 2012-11-27 14:27:56
ri18a,chel maju,hl,+,,,
ri18a,chry alte,hl,+,,,
ri18a,circ lute lute,hl,+,,, | Changed circ lute To circ lute lute 2012-11-27 14:27:56
ri18a,corn sang slat,hl,+,,,
ri18a,cory avel,hl,+,,,
ri18a,desc cesp,hl,+,,,
ri18a,dryo fili,hl,+,,,
ri18a,elym cani,hl,r,,,
ri18a,equi arve,hl,+,,,
ri18a,euon euro,hl,+,,, | Changed evon euro To euon euro 2012-11-27 14:27:56
ri18a,fagu sylv,hl,1,,,
ri18a,fest giga,hl,+,,,
ri18a,frax exce,hl,+,,,
ri18a,gale mont,hl,1,,,
ri18a,gali apar,hl,2b,,,
ri18a,gera robe,hl,+,,,
ri18a,geum urba,hl,2b,,,
ri18a,glec hede,hl,2b,,,
ri18a,humu lupu,hl,+,,,
ri18a,impa glan,hl,1,,,
ri18a,jugl regi,hl,+,,,
ri18a,lami macu,hl,2b,,,
ri18a,loni xylo,hl,+,,,
ri18a,poa triv,hl,+,,,
ri18a,prun padu padu,hl,1,,,
ri18a,quer robu,hl,+,,,
ri18a,rubu caes,hl,2b,,,
ri18a,samb nigr,hl,1,,,
ri18a,stac sylv,hl,1,,,
ri18a,tara sect rude,hl,+,,,
ri18a,ulmu glab,hl,1,,,
ri18a,urti dioi dioi,hl,3,,, | Changed urti dioi To urti dioi dioi 2012-11-27 14:27:55
ri18a,vale offi samb,hl,+,,,
ri18a,acer pseu,sl,+,,,
ri18a,carp betu,sl,+,,,
ri18a,corn sang slat,sl,1,,,
ri18a,cory avel,sl,1,,,
ri18a,euon euro,sl,1,,, | Changed evon euro To euon euro 2012-11-27 14:27:56
ri18a,fagu sylv,sl,+,,,
ri18a,frax exce,sl,+,,,
ri18a,humu lupu,sl,+,,,
ri18a,loni xylo,sl,1,,,
ri18a,prun padu padu,sl,2a,,,
ri18a,samb nigr,sl,2b,,,
ri18a,ulmu glab,sl,2b,,,
ri18a,carp betu,tl1,1,,,
ri18a,frax exce,tl1,5,,,
ri18a,quer robu,tl1,1,,,
ri18a,ulmu glab,tl1,1,,,
ri18a,carp betu,tl2,+,,,
ri18a,frax exce,tl2,1,,,
ri18a,ulmu glab,tl2,2a,,,
ri19a,acer pseu,hl,+,,,
ri19a,brac sylv,hl,2a,,,
ri19a,care digi,hl,+,,,
ri19a,care orni orni,hl,+,,, | Changed care orni To care orni orni 2014-12-04 10:26:00
ri19a,care sylv,hl,+,,,
ri19a,carp betu,hl,+,,,
ri19a,corn sang slat,hl,+,,,
ri19a,crat laev laev,hl,+,,, | Changed crat laev To crat laev laev 2012-11-27 14:27:56
ri19a,desc cesp,hl,+,,,
ri19a,euon euro,hl,+,,, | Changed evon euro To euon euro 2012-11-27 14:27:56
ri19a,fagu sylv,hl,+,,,
ri19a,frax exce,hl,+,,,
ri19a,gale mont,hl,2b,,,
ri19a,geum urba,hl,1,,,
ri19a,jugl regi,hl,+,,,
ri19a,ligu vulg,hl,1,,,
ri19a,loni xylo,hl,+,,,
ri19a,oxal acet,hl,+,,,
ri19a,prun padu padu,hl,+,,,
ri19a,quer robu,hl,1,,,
ri19a,vibu lant,hl,+,,,
ri19a,vibu opul,hl,1,,,
ri19a,viol rivi,hl,+,,,
ri19a,carp betu,sl,1,,,
ri19a,corn sang slat,sl,+,,,
ri19a,cory avel,sl,2b,,,
ri19a,crat laev laev,sl,+,,, | Changed crat laev To crat laev laev 2012-11-27 14:27:56
ri19a,euon euro,sl,1,,, | Changed evon euro To euon euro 2012-11-27 14:27:56
ri19a,fagu sylv,sl,+,,,
ri19a,ligu vulg,sl,+,,,
ri19a,pice abie,sl,+,,,
ri19a,prun padu padu,sl,1,,,
ri19a,vibu opul,sl,+,,,
ri19a,carp betu,tl1,2b,,,
ri19a,fagu sylv,tl1,1,,,
ri19a,frax exce,tl1,2a,,,
ri19a,quer robu,tl1,2a,,,
ri19a,tili cord,tl1,2b,,,
ri19a,carp betu,tl2,2a,,,
ri19a,fagu sylv,tl2,1,,,
ri19a,frax exce,tl2,1,,,
ri19a,pice abie,tl2,1,,,
ri19b,acer pseu,hl,+,,,
ri19b,ajug rept,hl,+,,,
ri19b,aspl scol scol,hl,+,,, | Changed phyl scol To aspl scol scol 2012-11-27 14:27:56
ri19b,athy fili,hl,+,,,
ri19b,brac sylv,hl,2a,,,
ri19b,care alba,hl,+,,,
ri19b,care remo remo,hl,+,,, | Changed care remo To care remo remo 2012-11-27 14:27:56
ri19b,care sylv,hl,1,,,
ri19b,clem vita,hl,+,,,
ri19b,corn sang slat,hl,+,,,
ri19b,crat mono,hl,+,,,
ri19b,desc cesp,hl,+,,,
ri19b,dryo borr,hl,+,,, | Changed dryo affi borr To dryo borr 2012-11-27 14:27:56
ri19b,dryo fili,hl,1,,,
ri19b,equi arve,hl,+,,,
ri19b,fagu sylv,hl,+,,,
ri19b,fica vern vern,hl,+,,, | Changed ranu fica To fica vern vern 2012-11-27 14:27:56
ri19b,gale mont,hl,2b,,,
ri19b,gera robe,hl,1,,,
ri19b,geum urba,hl,1,,,
ri19b,jugl regi,hl,+,,,
ri19b,ligu vulg,hl,+,,,
ri19b,loni xylo,hl,+,,,
ri19b,meli nuta,hl,+,,,
ri19b,poly acul,hl,+,,,
ri19b,poly mult,hl,+,,,
ri19b,prun padu padu,hl,+,,,
ri19b,quer robu,hl,1,,,
ri19b,rubu caes,hl,2a,,,
ri19b,samb nigr,hl,+,,,
ri19b,stac sylv,hl,+,,,
ri19b,ulmu glab,hl,+,,,
ri19b,vale offi samb,hl,+,,,
ri19b,vibu lant,hl,+,,,
ri19b,vibu opul,hl,+,,,
ri19b,crat fili,ml,1,,,
ri19b,palu comm falc,ml,+,,, | Changed palu comm To palu comm falc 2012-11-27 14:27:56
ri19b,acer pseu,sl,+,,,
ri19b,carp betu,sl,+,,,
ri19b,clem vita,sl,+,,,
ri19b,corn sang slat,sl,1,,,
ri19b,cory avel,sl,2a,,,
ri19b,frax exce,sl,+,,,
ri19b,ligu vulg,sl,3,,,
ri19b,loni xylo,sl,2a,,,
ri19b,prun padu padu,sl,2a,,,
ri19b,samb nigr,sl,1,,,
ri19b,vibu lant,sl,+,,,
ri19b,vibu opul,sl,2a,,,
ri19b,carp betu,tl1,2b,,,
ri19b,frax exce,tl1,4,,,
ri19b,acer pseu,tl2,1,,,
ri19b,carp betu,tl2,2a,,,
ri19b,frax exce,tl2,1,,,
ri19b,quer robu,tl2,2a,,,
ri19b,ulmu glab,tl2,1,,,
ri20a,acer pseu,hl,+,,,
ri20a,brac sylv,hl,+,,,
ri20a,card amar aust,hl,+,,, | Changed card amar To card amar aust 2012-11-27 14:27:56
ri20a,care remo remo,hl,+,,, | Changed care remo To care remo remo 2012-11-27 14:27:56
ri20a,frax exce,hl,1,,,
ri20a,gera robe,hl,+,,,
ri20a,vale offi samb,hl,2a,,,
ri20a,palu comm falc,ml,5,,, | Changed palu comm To palu comm falc 2012-11-27 14:27:56
ri20b,brac sylv,hl,1,,,
ri20b,care acut rmis,hl,3,,, | Changed care acut To care acut rmis 2012-11-27 14:27:55
ri20b,desc cesp,hl,+,,,
ri20b,equi arve,hl,+,,,
ri20b,eupa cann,hl,1,,,
ri20b,fili ulma slat,hl,+,,, | Changed fili ulma denu To fili ulma slat 2012-11-27 14:27:56
ri20b,gali apar,hl,+,,,
ri20b,gera robe,hl,2b,,,
ri20b,ligu vulg,hl,+,,,
ri20b,meli nuta,hl,+,,,
ri20b,phra aust,hl,+,,,
ri20b,poa triv,hl,1,voucher,,
ri20b,scro umbr slat,hl,2b,,,
ri20b,vale offi samb,hl,+,,,
ri20b,bryu pseu pseu,ml,1,,, | Changed bryu pseu To bryu pseu pseu 2012-11-27 14:27:56
ri20b,palu comm falc,ml,5,,, | Changed palu comm To palu comm falc 2012-11-27 14:27:56
ri20b,acer pseu,sl,+,,,
ri20b,corn sang slat,sl,+,,,
ri20b,ligu vulg,sl,+,,,
ri21a,acta spic,hl,+,,,
ri21a,brac sylv,hl,1,,,
ri21a,care digi,hl,1,,,
ri21a,care sylv,hl,+,,,
ri21a,clem vita,hl,+,,,
ri21a,corn sang slat,hl,+,,,
ri21a,crat mono,hl,+,,,
ri21a,daph meze,hl,r,,,
ri21a,euon euro,hl,+,,, | Changed evon euro To euon euro 2012-11-27 14:27:56
ri21a,fagu sylv,hl,+,,,
ri21a,frax exce,hl,+,,,
ri21a,gale mont,hl,2a,,,
ri21a,geum urba,hl,+,,,
ri21a,jugl regi,hl,+,,,
ri21a,loni xylo,hl,+,,,
ri21a,meli nuta,hl,+,,,
ri21a,poly mult,hl,+,,,
ri21a,prim elat,hl,+,,,
ri21a,prun padu padu,hl,+,,,
ri21a,quer robu,hl,+,,,
ri21a,rubu caes,hl,2a,,,
ri21a,stac sylv,hl,+,,,
ri21a,tili cord,hl,+,,,
ri21a,vale offi samb,hl,+,,,
ri21a,vibu lant,hl,1,,,
ri21a,vibu opul,hl,1,,,
ri21a,viol rivi,hl,+,,,
ri21a,carp betu,sl,2a,,,
ri21a,clem vita,sl,+,,,
ri21a,corn sang slat,sl,1,,,
ri21a,cory avel,sl,3,,,
ri21a,crat mono,sl,+,,,
ri21a,fagu sylv,sl,1,,,
ri21a,frax exce,sl,+,,,
ri21a,loni xylo,sl,1,,,
ri21a,prun padu padu,sl,1,,,
ri21a,quer robu,sl,+,,,
ri21a,tili cord,sl,1,,,
ri21a,ulmu glab,sl,+,,,
ri21a,vibu lant,sl,+,,,
ri21a,vibu opul,sl,+,,,
ri21a,carp betu,tl1,3,,,
ri21a,fagu sylv,tl1,2b,,,
ri21a,frax exce,tl1,1,,,
ri21a,pice abie,tl1,1,,,
ri21a,quer robu,tl1,2a,,,
ri21a,tili cord,tl1,2b,,,
ri22a,acer pseu,hl,+,,,
ri22a,brac sylv,hl,+,,,
ri22a,cala epig,hl,+,,,
ri22a,care flac,hl,1,,,
ri22a,cirs oler,hl,+,,,
ri22a,cory avel,hl,+,,,
ri22a,crat mono,hl,+,,,
ri22a,dact glom glom,hl,+,,, | Changed dact glom To dact glom glom 2012-11-27 14:27:55
ri22a,desc cesp,hl,+,,,
ri22a,erig annu slat,hl,+,,,
ri22a,eupa cann,hl,2a,,,
ri22a,fest prat prat,hl,+,,,
ri22a,fest rubr rubr,hl,+,,,
ri22a,frax exce,hl,+,,,
ri22a,gale mont,hl,+,,,
ri22a,gali albu,hl,+,,,
ri22a,gera robe,hl,+,,,
ri22a,glec hede,hl,+,,,
ri22a,ligu vulg,hl,+,,,
ri22a,lysi numm,hl,2b,,,
ri22a,phal arun,hl,+,,,
ri22a,poa triv,hl,1,,,
ri22a,rubu caes,hl,2a,,,
ri22a,soli cana,hl,3,,,
ri22a,soli giga,hl,2a,,,
ri22a,acer pseu,sl,2a,,,
ri22a,cory avel,sl,2a,,,
ri22a,ligu vulg,sl,2a,,,
ri22a,prun padu padu,sl,+,,,
ri22a,quer robu,sl,+,,,
ri22a,sali purp,sl,+,,,
ri22a,ulmu glab,sl,1,,,
ri22a,acer pseu,tl1,+,,,
ri22a,alnu glut,tl1,2b,,,
ri22a,carp betu,tl1,1,,,
ri22a,crat mono,tl1,+,,,
ri22a,frax exce,tl1,3,,,
ri22a,prun aviu slat,tl1,1,,, | Changed prun aviu To prun aviu slat 2012-11-27 14:27:56
ri22a,sali capr,tl1,1,,,
ri22a,ulmu glab,tl1,1,,,
ri25a,achi mill aggr,hl,2b,,,
ri25a,anth odor,hl,1,,,
ri25a,bell pere,hl,1,,,
ri25a,brom hord hord,hl,2a,,, | Changed brom hord To brom hord hord 2012-11-27 14:27:56
ri25a,cera holo,hl,+,,,
ri25a,chae hirs,hl,+,,,
ri25a,dact glom glom,hl,2b,,, | Changed dact glom To dact glom glom 2012-11-27 14:27:55
ri25a,holc lana,hl,2a,,,
ri25a,lath prat prat,hl,+,,, | Changed lath prat To lath prat prat 2012-11-27 14:27:55
ri25a,leuc ircu,hl,+,,,
ri25a,loli mult,hl,2a,,,
ri25a,plan lanc,hl,1,,,
ri25a,poa prat,hl,1,,,
ri25a,poa triv,hl,2b,,,
ri25a,ranu acri acri,hl,2a,,,
ri25a,ranu repe,hl,2b,,,
ri25a,rume acet osa,hl,+,,, | Changed rume acet To rume acet osa 2012-11-27 14:27:56
ri25a,sile dioi,hl,+,,,
ri25a,tara sect rude,hl,1,,,
ri25a,trif prat prat,hl,2a,,,
ri25a,trif repe repe,hl,2b,,,
ri25a,tris flav flav,hl,2a,,,
ri25a,vero arve,hl,+,,,
ri25a,vero cham cham,hl,1,,,
ri26a,acer camp,hl,2a,,,
ri26a,arrh elat,hl,1,,,
ri26a,card pers pers,hl,+,,, | Changed card pers To card pers pers 2012-11-27 14:27:56
ri26a,carp betu,hl,+,,,
ri26a,corn sang slat,hl,+,,,
ri26a,crat mono,hl,1,,,
ri26a,crep bien,hl,+,,,
ri26a,dact glom glom,hl,+,,, | Changed dact glom To dact glom glom 2012-11-27 14:27:55
ri26a,gale tetr,hl,+,,,
ri26a,gali apar,hl,+,,,
ri26a,gera robe,hl,1,,,
ri26a,geum urba,hl,+,,,
ri26a,hera spho spho,hl,+,,,
ri26a,malu dome,hl,+,,,
ri26a,samb nigr,hl,+,,,
ri26a,acer camp,sl,1,,,
ri26a,carp betu,sl,1,,,
ri26a,corn mas,sl,1,,,
ri26a,corn sang slat,sl,2a,,,
ri26a,corn seri,sl,1,,,
ri26a,crat mono,sl,3,,,
ri26a,prun aviu slat,sl,1,,, | Changed prun aviu To prun aviu slat 2012-11-27 14:27:56
ri26a,samb nigr,sl,1,,,
ri26a,acer camp,tl1,2b,,,
ri26a,carp betu,tl1,+,,,
ri26a,frax exce,tl1,1,,,
ri26a,plat hisp,tl1,2b,,, | Changed plat orie To plat hisp 2012-11-27 14:27:56
ri27a,achi mill aggr,hl,2a,,,
ri27a,alop prat,hl,1,,,
ri27a,anth odor,hl,1,,,
ri27a,bell pere,hl,1,,,
ri27a,brom hord hord,hl,+,,, | Changed brom hord To brom hord hord 2012-11-27 14:27:56
ri27a,cera holo,hl,+,,,
ri27a,cyno cris,hl,+,,,
ri27a,fest prat prat,hl,1,,,
ri27a,gali albu,hl,2a,,,
ri27a,hera spho spho,hl,1,,,
ri27a,holc lana,hl,2a,,,
ri27a,leuc ircu,hl,+,,,
ri27a,plan lanc,hl,1,,,
ri27a,poa prat,hl,1,,,
ri27a,poa triv,hl,2a,,,
ri27a,ranu acri acri,hl,2a,,,
ri27a,ranu repe,hl,2b,,,
ri27a,rume acet osa,hl,+,,, | Changed rume acet To rume acet osa 2012-11-27 14:27:56
ri27a,tara sect rude,hl,1,,,
ri27a,trif prat prat,hl,2b,,,
ri27a,trif repe repe,hl,2a,,,
ri27a,tris flav flav,hl,3,,,
ri27a,vero arve,hl,+,,,
ri27a,vero fili,hl,+,,,
ri28a,acer pseu,hl,+,,,
ri28a,aego poda,hl,1,,,
ri28a,brac sylv,hl,2a,,,
ri28a,brom iner,hl,+,,,
ri28a,cala epig,hl,+,,,
ri28a,cirs arve,hl,+,,,
ri28a,corn sang slat,hl,1,,,
ri28a,desc cesp,hl,1,,,
ri28a,equi arve,hl,1,,,
ri28a,euon euro,hl,+,,, | Changed evon euro To euon euro 2012-11-27 14:27:56
ri28a,eupa cann,hl,+,,, | Changed eupa cana To eupa cann 2012-11-27 14:27:56
ri28a,fagu sylv,hl,+,,,
ri28a,fest arun arun,hl,1,,,
ri28a,gali albu,hl,+,,,
ri28a,geum urba,hl,+,,,
ri28a,hera spho spho,hl,+,,,
ri28a,humu lupu,hl,+,,,
ri28a,lami macu,hl,+,,,
ri28a,lath prat prat,hl,+,,, | Changed lath prat To lath prat prat 2012-11-27 14:27:55
ri28a,loni xylo,hl,+,,,
ri28a,part inse,hl,+,,,
ri28a,peta hybr,hl,+,,,
ri28a,phal arun,hl,1,,,
ri28a,prim elat,hl,+,,,
ri28a,prun padu padu,hl,+,,,
ri28a,rubu caes,hl,3,,,
ri28a,sali alba,hl,+,,,
ri28a,sapo offi,hl,+,,,
ri28a,scro nodo,hl,+,,,
ri28a,soli cana,hl,1,,,
ri28a,soli giga,hl,2a,,,
ri28a,tara sect rude,hl,+,,,
ri28a,thal aqui,hl,+,,,
ri28a,urti dioi dioi,hl,+,,, | Changed urti dioi To urti dioi dioi 2012-11-27 14:27:55
ri28a,vale offi samb,hl,+,,,
ri28a,vibu lant,hl,+,,,
ri28a,vibu opul,hl,+,,,
ri28a,vici crac,hl,+,,,
ri28a,acer pseu,sl,+,,,
ri28a,corn sang slat,sl,2b,,,
ri28a,euon euro,sl,+,,, | Changed evon euro To euon euro 2012-11-27 14:27:56
ri28a,loni xylo,sl,1,,,
ri28a,part inse,sl,+,,,
ri28a,prun padu padu,sl,2a,,,
ri28a,sali alba,sl,2b,,,
ri28a,sali capr,sl,1,,,
ri28a,sali myrs,sl,1,,,
ri28a,sali purp,sl,3,,,
ri28a,vibu opul,sl,1,,,
ri28a,sali alba,tl1,4,,,
ri28a,sali capr,tl1,+,,,
ri28a,sali purp,tl1,+,,,
ri28b,aego poda,hl,1,,,
ri28b,astr glyc,hl,+,,,
ri28b,barb vulg slat,hl,+,,, | Changed barb vulg To barb vulg slat 2012-11-27 14:27:56
ri28b,cala epig,hl,1,,,
ri28b,cirs arve,hl,1,,,
ri28b,clem vita,hl,1,,,
ri28b,corn sang slat,hl,1,,,
ri28b,equi arve,hl,+,,,
ri28b,equi telm,hl,+,,,
ri28b,euon euro,hl,+,,, | Changed evon euro To euon euro 2012-11-27 14:27:56
ri28b,fili ulma slat,hl,+,,, | Changed fili ulma denu To fili ulma slat 2012-11-27 14:27:56
ri28b,gali albu,hl,+,,,
ri28b,hera spho spho,hl,+,,,
ri28b,impa glan,hl,+,,,
ri28b,lysi vulg,hl,+,,,
ri28b,phal arun,hl,1,,,
ri28b,prun padu padu,hl,+,,,
ri28b,quer robu,hl,r,,,
ri28b,rubu caes,hl,2a,,,
ri28b,sali alba,hl,1,,,
ri28b,sali myrs,hl,+,,,
ri28b,sali purp,hl,1,,,
ri28b,sapo offi,hl,+,,,
ri28b,scro nodo,hl,+,,,
ri28b,soli giga,hl,5,,,
ri28b,symp offi,hl,+,,,
ri28b,urti dioi dioi,hl,+,,, | Changed urti dioi To urti dioi dioi 2012-11-27 14:27:55
ri28b,vero cham cham,hl,+,,,
ri28b,vibu opul,hl,+,,,
ri28b,corn sang slat,sl,1,,,
ri28b,euon euro,sl,+,,, | Changed evon euro To euon euro 2012-11-27 14:27:56
ri28b,prun padu padu,sl,+,,,
ri28b,sali alba,sl,3,,,
ri28b,sali capr,sl,1,,,
ri28b,sali myrs,sl,1,,,
ri28b,sali purp,sl,2b,,,
ri28b,vibu opul,sl,1,,,
ri28c,acer pseu,hl,+,,,
ri28c,aego poda,hl,1,,,
ri28c,alnu inca,hl,+,,,
ri28c,ange sylv sylv,hl,+,,,
ri28c,arrh elat,hl,+,,,
ri28c,arte vulg,hl,+,,,
ri28c,barb vulg slat,hl,+,,, | Changed barb vulg To barb vulg slat 2012-11-27 14:27:56
ri28c,brac sylv,hl,1,,,
ri28c,brom iner,hl,+,,,
ri28c,brom ster,hl,+,,,
ri28c,cala epig,hl,1,,,
ri28c,caly sepi,hl,+,,,
ri28c,chae hirs,hl,+,,,
ri28c,cirs arve,hl,+,,,
ri28c,dact glom glom,hl,1,,, | Changed dact glom To dact glom glom 2012-11-27 14:27:55
ri28c,desc cesp,hl,1,,,
ri28c,equi arve,hl,1,,,
ri28c,euon euro,hl,+,,, | Changed evon euro To euon euro 2012-11-27 14:27:56
ri28c,fest arun arun,hl,+,,,
ri28c,fili ulma slat,hl,1,,, | Changed fili ulma denu To fili ulma slat 2012-11-27 14:27:56
ri28c,fili ulma ulma,hl,+,,,
ri28c,frag anan,hl,+,,, | Changed frag anas To frag anan 2012-11-27 14:27:56
ri28c,frax exce,hl,+,,,
ri28c,gali albu,hl,1,,,
ri28c,hera spho spho,hl,1,,,
ri28c,humu lupu,hl,+,,,
ri28c,loni xylo,hl,+,,,
ri28c,lysi vulg,hl,1,,,
ri28c,phal arun,hl,1,,,
ri28c,phra aust,hl,1,,,
ri28c,popu spec ies,hl,+,,, | Changed popu spec To popu spec ies 2012-11-27 14:27:56
ri28c,prun padu padu,hl,2a,,,
ri28c,quer robu,hl,+,,,
ri28c,rubu caes,hl,2b,,,
ri28c,rubu idae,hl,+,,,
ri28c,sali alba,hl,3,,,
ri28c,sali frag,hl,+,,,
ri28c,sali myrs,hl,+,,,
ri28c,sali purp,hl,1,,,
ri28c,samb nigr,hl,+,,,
ri28c,scro nodo,hl,+,,,
ri28c,symp offi,hl,+,,,
ri28c,tara sect rude,hl,+,,,
ri28c,urti dioi dioi,hl,1,,, | Changed urti dioi To urti dioi dioi 2012-11-27 14:27:55
ri28c,vici crac,hl,+,,,
ri28c,acer pseu,sl,+,,,
ri28c,alnu inca,sl,+,,,
ri28c,euon euro,sl,1,,, | Changed evon euro To euon euro 2012-11-27 14:27:56
ri28c,fagu sylv,sl,+,,,
ri28c,frax exce,sl,+,,,
ri28c,loni xylo,sl,1,,,
ri28c,prun padu padu,sl,1,,,
ri28c,sali alba,sl,2a,,,
ri28c,sali frag,sl,+,,,
ri28c,sali purp,sl,2a,,,
ri28c,samb nigr,sl,+,,,
ri29a,achi mill aggr,hl,2a,,,
ri29a,aego poda,hl,1,,,
ri29a,arrh elat,hl,2a,,,
ri29a,brom iner,hl,1,,,
ri29a,cala epig,hl,+,,,
ri29a,cent jace jace,hl,2b,,,
ri29a,dact glom glom,hl,2a,,, | Changed dact glom To dact glom glom 2012-11-27 14:27:55
ri29a,erig annu slat,hl,+,,,
ri29a,fest arun arun,hl,+,,,
ri29a,fest rubr rubr,hl,1,,,
ri29a,frax exce,hl,+,,,
ri29a,gali albu,hl,1,,,
ri29a,hera spho spho,hl,1,,,
ri29a,holc lana,hl,1,,,
ri29a,lath prat prat,hl,+,,, | Changed lath prat To lath prat prat 2012-11-27 14:27:55
ri29a,linu cath,hl,+,,,
ri29a,lotu corn corn,hl,+,,,
ri29a,medi lupu,hl,+,,,
ri29a,orch mili,hl,1,,,
ri29a,phal arun,hl,1,,,
ri29a,plan lanc,hl,+,,,
ri29a,poa prat,hl,1,,,
ri29a,poa triv,hl,+,,,
ri29a,prim elat,hl,+,,,
ri29a,ranu acri acri,hl,1,,,
ri29a,rubu caes,hl,+,,,
ri29a,soli cana,hl,2b,,,
ri29a,symp offi,hl,+,,,
ri29a,tara sect rude,hl,+,,,
ri29a,trif medi medi,hl,+,,,
ri29a,tris flav flav,hl,1,,,
ri29a,verb nigr,hl,+,,,
ri29a,vici crac,hl,1,,,
ri30a,alli peti,hl,+,,,
ri30a,care acut a,hl,1,,, | Changed care grac To care acut a 2012-11-27 14:27:56
ri30a,care rand,hl,4,,,
ri30a,humu lupu,hl,+,,,
ri30a,lyth sali,hl,+,,,
ri30a,phra aust,hl,2b,,,
ri30b,caly sepi,hl,+,,,
ri30b,care acut rmis,hl,3,,, | Changed care acut To care acut rmis 2012-11-27 14:27:55
ri30b,care rand,hl,3,,,
ri30b,dact glom glom,hl,1,,, | Changed dact glom To dact glom glom 2012-11-27 14:27:55
ri30b,fili ulma ulma,hl,2a,,,
ri30b,lyth sali,hl,+,,,
ri30b,phra aust,hl,2a,,,
ri30b,poa triv,hl,1,voucher,,
ri30b,rubu caes,hl,+,,,
ri30b,thal aqui,hl,+,,,
ri30b,thal luci,hl,1,,,
ri30b,vale offi samb,hl,1,,,
ri31a,acer pseu,hl,1,,,
ri31a,anem nemo,hl,+,,,
ri31a,brac sylv,hl,1,,,
ri31a,care digi,hl,1,,,
ri31a,cory avel,hl,+,,,
ri31a,crat mono,hl,+,,,
ri31a,euon euro,hl,+,,, | Changed evon euro To euon euro 2012-11-27 14:27:56
ri31a,frax exce,hl,+,,,
ri31a,gale mont,hl,1,,,
ri31a,loni xylo,hl,+,,,
ri31a,poa nemo,hl,+,,,
ri31a,poly mult,hl,+,,,
ri31a,prim elat,hl,+,,,
ri31a,prun padu padu,hl,+,,,
ri31a,quer robu,hl,+,,,
ri31a,rubu caes,hl,+,,,
ri31a,ulmu glab,hl,1,,,
ri31a,viol rivi,hl,+,,,
ri31a,acer pseu,sl,+,,,
ri31a,cory avel,sl,+,,,
ri31a,crat mono,sl,+,,,
ri31a,euon euro,sl,+,,, | Changed evon euro To euon euro 2012-11-27 14:27:56
ri31a,loni xylo,sl,+,,,
ri31a,prun padu padu,sl,1,,,
ri31a,acer pseu,tl1,2a,,,
ri31a,carp betu,tl1,2a,,,
ri31a,fagu sylv,tl1,3,,,
ri31a,frax exce,tl1,2a,,,
ri31a,quer robu,tl1,2b,,,
ri31a,sali alba,tl1,2a,,,
ri32,acer pseu,hl,+,,,
ri32,anem nemo,hl,r,,,
ri32,apos foet,hl,+,,,
ri32,cala vari,hl,+,,,
ri32,care alba,hl,4,,,
ri32,care digi,hl,+,,,
ri32,care flac,hl,+,,,
ri32,clem vita,hl,+,,,
ri32,corn sang slat,hl,+,,,
ri32,cory avel,hl,+,,,
ri32,crat mono,hl,+,,,
ri32,daph meze,hl,r,,,
ri32,epip atro,hl,r,,,
ri32,euph amyg amyg,hl,+,,,
ri32,euph dulc,hl,+,,,
ri32,fagu sylv,hl,+,,,
ri32,frax exce,hl,+,,,
ri32,gale mont,hl,+,,,
ri32,gali sylv,hl,+,,,
ri32,hede heli,hl,1,,,
ri32,hepa nobi,hl,1,,,
ri32,hier muro,hl,+,,,
ri32,jugl regi,hl,r,,,
ri32,ligu vulg,hl,+,,,
ri32,loni xylo,hl,+,,,
ri32,meli nuta,hl,+,,,
ri32,merc pere,hl,+,,,
ri32,prun aviu slat,hl,+,,,
ri32,quer robu,hl,+,,,
ri32,rubu caes,hl,r,,,
ri32,sorb aucu aucu,hl,+,,,
ri32,vibu lant,hl,+,,,
ri32,vibu opul,hl,+,,,
ri32,viol rivi,hl,+,,,
ri32,tort tort,ml,+,,,
ri32,corn sang slat,sl,+,,,
ri32,cory avel,sl,+,,,
ri32,crat mono,sl,+,,,
ri32,fagu sylv,sl,+,,,
ri32,hede heli,sl,+,,,
ri32,loni xylo,sl,+,,,
ri32,prun aviu slat,sl,r,,,
ri32,quer robu,sl,+,,,
ri32,tili cord,sl,r,,,
ri32,fagu sylv,tl1,4,,,
ri32,hede heli,tl1,+,,,
ri32,pice abie,tl1,2a,,,
ri32,prun aviu slat,tl1,1,,,
ri32,quer robu,tl1,2b,,,
